ms;zeit;epoch;rpm;zuendung_grad;map_kpa;temp_c;spannung_v;spule_a;rx
54261;2026-05-22 16:40:58;1779460858;1000;0,0;100;0;12,6;0,0;3
54831;2026-05-22 16:40:59;1779460859;1000;13,4;100;0;12,6;0,0;8
55411;2026-05-22 16:40:59;1779460859;1000;13,4;100;52;12,6;0,0;12
55974;2026-05-22 16:41:00;1779460860;1000;13,4;100;52;12,6;0,0;16
56554;2026-05-22 16:41:00;1779460860;950;12,8;100;52;12,6;2,8;21
57145;2026-05-22 16:41:01;1779460861;950;12,8;100;52;12,8;2,8;25
57688;2026-05-22 16:41:01;1779460861;1000;12,8;100;52;12,8;2,8;29
58276;2026-05-22 16:41:02;1779460862;1000;12,8;100;52;12,8;2,8;33
58856;2026-05-22 16:41:03;1779460863;1000;12,8;100;52;12,8;2,8;36
59457;2026-05-22 16:41:03;1779460863;1000;13,4;100;52;13,0;2,9;42
60036;2026-05-22 16:41:04;1779460864;950;12,2;100;52;13,0;2,9;47
60626;2026-05-22 16:41:04;1779460864;1000;12,8;100;52;13,0;2,9;51
61212;2026-05-22 16:41:05;1779460865;950;12,2;100;52;13,0;2,9;55
61783;2026-05-22 16:41:06;1779460866;950;12,8;100;52;13,0;3,1;60
62370;2026-05-22 16:41:06;1779460866;950;13,4;100;52;13,7;3,1;64
62922;2026-05-22 16:41:07;1779460867;950;13,4;100;52;13,7;3,1;68
63505;2026-05-22 16:41:07;1779460867;950;12,8;100;52;13,7;3,1;72
64093;2026-05-22 16:41:08;1779460868;950;13,4;100;52;13,7;3,1;77
64690;2026-05-22 16:41:08;1779460868;1050;13,4;100;52;13,7;3,1;81
65264;2026-05-22 16:41:09;1779460869;1000;13,4;100;52;13,9;3,1;86
65849;2026-05-22 16:41:10;1779460870;1000;13,4;100;52;13,9;3,1;90
66452;2026-05-22 16:41:10;1779460870;1000;12,8;100;52;13,9;3,1;94
67029;2026-05-22 16:41:11;1779460871;800;9,8;75;52;13,9;2,9;98
67608;2026-05-22 16:41:11;1779460871;1700;24,8;76;52;13,7;2,9;106
68158;2026-05-22 16:41:12;1779460872;950;18,6;100;52;13,7;2,9;111
68740;2026-05-22 16:41:13;1779460873;850;12,2;100;52;13,7;2,9;115
69328;2026-05-22 16:41:13;1779460873;850;11,6;100;52;13,7;3,0;118
69871;2026-05-22 16:41:14;1779460874;900;11,6;100;52;13,7;3,0;122
70453;2026-05-22 16:41:14;1779460874;850;11,6;100;52;13,7;3,0;126
71031;2026-05-22 16:41:15;1779460875;800;11,6;100;52;13,7;3,0;129
71599;2026-05-22 16:41:15;1779460875;900;11,6;100;52;13,7;3,0;133
72179;2026-05-22 16:41:16;1779460876;950;11,6;100;52;13,7;3,0;137
72748;2026-05-22 16:41:17;1779460877;850;11,6;100;52;13,7;3,1;141
73277;2026-05-22 16:41:17;1779460877;850;11,0;100;52;13,7;3,1;144
73856;2026-05-22 16:41:18;1779460878;850;12,2;100;52;13,7;3,1;148
74433;2026-05-22 16:41:18;1779460878;800;12,2;100;53;13,7;3,1;151
74991;2026-05-22 16:41:19;1779460879;850;11,0;100;53;13,7;3,1;155
75572;2026-05-22 16:41:19;1779460879;850;11,0;100;53;13,7;3,1;159
76151;2026-05-22 16:41:20;1779460880;850;11,6;100;53;13,7;3,1;162
76679;2026-05-22 16:41:20;1779460880;850;11,0;100;53;13,7;3,1;166
77254;2026-05-22 16:41:21;1779460881;900;11,0;100;53;13,7;3,1;170
77828;2026-05-22 16:41:22;1779460882;850;12,2;100;53;13,7;3,1;174
78361;2026-05-22 16:41:22;1779460882;900;12,2;100;53;13,7;3,1;177
78939;2026-05-22 16:41:23;1779460883;850;11,6;100;53;13,7;3,0;181
79512;2026-05-22 16:41:23;1779460883;850;12,8;100;53;13,7;3,0;185
80034;2026-05-22 16:41:24;1779460884;900;12,2;100;53;13,7;3,0;188
80613;2026-05-22 16:41:24;1779460884;850;11,6;100;53;13,7;3,0;192
81190;2026-05-22 16:41:25;1779460885;850;12,2;100;53;13,7;3,0;196
81751;2026-05-22 16:41:26;1779460886;900;12,2;100;53;13,7;3,1;199
82331;2026-05-22 16:41:26;1779460886;900;12,8;100;53;13,7;3,1;202
82903;2026-05-22 16:41:27;1779460887;850;12,2;100;53;13,7;3,1;207
83436;2026-05-22 16:41:27;1779460887;850;12,2;100;53;13,7;3,1;210
84007;2026-05-22 16:41:28;1779460888;900;11,6;100;53;13,7;3,1;214
84588;2026-05-22 16:41:28;1779460888;850;11,0;100;53;13,7;2,9;218
85161;2026-05-22 16:41:29;1779460889;850;12,2;100;53;13,7;2,9;222
85739;2026-05-22 16:41:30;1779460890;850;12,2;100;53;13,7;2,9;226
86306;2026-05-22 16:41:30;1779460890;900;11,6;100;53;13,7;2,9;229
86871;2026-05-22 16:41:31;1779460891;850;12,2;100;53;13,7;2,9;233
87454;2026-05-22 16:41:31;1779460891;850;12,8;100;53;13,7;2,9;237
88027;2026-05-22 16:41:32;1779460892;850;12,2;100;53;13,7;3,0;240
88560;2026-05-22 16:41:32;1779460892;900;12,2;100;53;13,7;3,0;243
89132;2026-05-22 16:41:33;1779460893;900;11,6;100;53;13,7;3,0;248
89711;2026-05-22 16:41:33;1779460893;900;11,6;100;53;13,7;3,0;251
90274;2026-05-22 16:41:34;1779460894;850;12,2;100;53;13,7;3,0;255
90851;2026-05-22 16:41:35;1779460895;900;11,6;100;53;13,7;3,0;259
91428;2026-05-22 16:41:35;1779460895;900;12,2;100;53;13,7;3,0;263
91965;2026-05-22 16:41:36;1779460896;900;11,6;100;53;13,7;3,0;266
92539;2026-05-22 16:41:36;1779460896;900;11,6;100;53;13,7;3,0;270
93113;2026-05-22 16:41:37;1779460897;900;12,2;100;53;13,7;3,0;274
93674;2026-05-22 16:41:37;1779460897;850;12,2;100;53;13,7;3,0;277
94241;2026-05-22 16:41:38;1779460898;900;12,2;100;53;13,7;3,0;282
94814;2026-05-22 16:41:39;1779460899;900;11,6;100;53;13,7;3,0;285
95360;2026-05-22 16:41:39;1779460899;900;12,2;100;53;13,7;3,0;288
95930;2026-05-22 16:41:40;1779460900;850;12,8;100;53;13,7;3,0;293
96497;2026-05-22 16:41:40;1779460900;850;12,2;100;53;13,7;3,0;297
97032;2026-05-22 16:41:41;1779460901;900;11,6;100;53;13,7;3,0;300
97602;2026-05-22 16:41:41;1779460901;900;12,2;100;53;13,7;3,0;304
98169;2026-05-22 16:41:42;1779460902;850;12,8;100;53;13,7;3,0;308
98675;2026-05-22 16:41:42;1779460902;850;12,8;100;53;13,7;3,0;311
99244;2026-05-22 16:41:43;1779460903;900;12,8;100;53;13,7;3,0;315
99811;2026-05-22 16:41:44;1779460904;900;12,2;100;53;13,7;3,0;319
100360;2026-05-22 16:41:44;1779460904;900;12,2;100;53;13,7;3,0;322
100927;2026-05-22 16:41:45;1779460905;900;12,2;100;53;13,7;3,0;326
101494;2026-05-22 16:41:45;1779460905;900;12,2;100;53;13,7;3,0;330
102044;2026-05-22 16:41:46;1779460906;900;12,2;100;53;13,7;3,0;333
102621;2026-05-22 16:41:46;1779460906;900;12,8;100;53;13,7;3,0;338
103193;2026-05-22 16:41:47;1779460907;900;12,2;100;53;13,7;3,0;341
103730;2026-05-22 16:41:47;1779460908;900;12,2;100;53;13,7;3,0;344
104301;2026-05-22 16:41:48;1779460908;900;11,6;100;53;13,7;3,0;348
104876;2026-05-22 16:41:49;1779460909;900;12,8;100;53;13,7;3,0;353
105378;2026-05-22 16:41:49;1779460909;850;12,2;100;53;13,7;3,0;356
105948;2026-05-22 16:41:50;1779460910;900;12,8;100;53;13,7;3,0;360
106516;2026-05-22 16:41:50;1779460910;950;13,4;100;53;13,9;3,0;364
107017;2026-05-22 16:41:51;1779460911;1150;14,6;100;53;13,9;3,0;368
107582;2026-05-22 16:41:51;1779460911;850;11,6;100;53;13,9;3,0;372
108156;2026-05-22 16:41:52;1779460912;900;12,2;100;53;13,9;3,0;376
108817;2026-05-22 16:41:53;1779460913;900;12,2;100;53;13,9;3,4;381
109385;2026-05-22 16:41:53;1779460913;900;12,2;100;53;14,1;3,4;385
109951;2026-05-22 16:41:54;1779460914;900;12,8;100;53;14,1;3,4;388
110490;2026-05-22 16:41:54;1779460914;950;12,8;100;53;14,1;3,4;392
111066;2026-05-22 16:41:55;1779460915;1000;14,0;100;53;14,1;3,4;397
111640;2026-05-22 16:41:55;1779460915;1100;15,2;100;53;14,1;3,1;402
112250;2026-05-22 16:41:56;1779460916;1150;16,0;100;53;14,1;3,1;408
112816;2026-05-22 16:41:57;1779460917;1100;15,2;100;53;14,1;3,1;412
113392;2026-05-22 16:41:57;1779460917;1100;15,2;88;53;14,1;3,1;418
113971;2026-05-22 16:41:58;1779460918;1250;16,6;68;53;14,1;3,1;424
114481;2026-05-22 16:41:58;1779460918;1350;18,6;62;53;14,1;3,1;429
115064;2026-05-22 16:41:59;1779460919;1400;19,2;61;53;14,1;3,1;436
115612;2026-05-22 16:41:59;1779460919;1450;20,0;61;53;13,9;3,1;442
116197;2026-05-22 16:42:00;1779460920;1450;20,0;61;53;13,9;3,1;448
116780;2026-05-22 16:42:01;1779460921;1450;20,0;62;53;13,9;3,1;455
117329;2026-05-22 16:42:01;1779460921;1450;20,0;62;53;13,9;3,1;462
117916;2026-05-22 16:42:02;1779460922;1450;20,0;65;53;13,9;3,1;467
118493;2026-05-22 16:42:02;1779460922;1450;20,0;62;53;13,9;3,1;475
119050;2026-05-22 16:42:03;1779460923;1450;24,8;65;53;13,9;3,1;481
119623;2026-05-22 16:42:03;1779460923;1500;24,0;68;53;13,9;3,1;489
120224;2026-05-22 16:42:04;1779460924;1500;24,4;68;53;13,9;3,1;496
120822;2026-05-22 16:42:05;1779460925;1500;24,6;68;53;13,9;3,1;502
121423;2026-05-22 16:42:05;1779460925;1550;24,6;68;53;13,9;3,1;511
122023;2026-05-22 16:42:06;1779460926;1550;24,6;67;53;13,9;3,1;519
122534;2026-05-22 16:42:06;1779460926;1550;24,6;68;53;13,9;3,1;525
123134;2026-05-22 16:42:07;1779460927;1550;24,6;68;53;13,9;3,1;533
123730;2026-05-22 16:42:08;1779460928;1600;25,8;68;53;13,9;3,1;540
124335;2026-05-22 16:42:08;1779460928;1400;18,6;100;53;13,9;3,1;548
124936;2026-05-22 16:42:09;1779460929;1700;30,2;54;54;13,9;3,1;557
125539;2026-05-22 16:42:09;1779460929;1750;32,2;56;54;13,9;3,1;565
126052;2026-05-22 16:42:10;1779460930;1800;32,8;56;54;13,9;3,1;573
126652;2026-05-22 16:42:10;1779460930;1850;33,0;54;54;13,9;3,1;581
127252;2026-05-22 16:42:11;1779460931;1900;33,6;54;54;13,9;3,1;591
127854;2026-05-22 16:42:12;1779460932;1950;34,2;91;54;13,9;3,1;601
128454;2026-05-22 16:42:12;1779460932;1600;21,2;100;54;13,9;3,1;609
129138;2026-05-22 16:42:13;1779460933;1250;16,6;100;54;13,9;3,1;616
129733;2026-05-22 16:42:14;1779460934;1150;14,6;100;54;13,9;3,0;621
130328;2026-05-22 16:42:14;1779460934;1050;13,4;100;54;13,7;3,0;625
130897;2026-05-22 16:42:15;1779460935;1050;14,0;100;54;13,7;3,0;631
131500;2026-05-22 16:42:15;1779460935;1050;14,0;100;54;13,7;3,0;636
132101;2026-05-22 16:42:16;1779460936;1050;13,4;100;54;13,7;3,1;640
132617;2026-05-22 16:42:16;1779460936;1000;12,8;100;54;13,9;3,1;645
133216;2026-05-22 16:42:17;1779460937;1000;13,4;100;54;13,9;3,1;649
133812;2026-05-22 16:42:18;1779460938;950;13,4;100;54;13,9;3,1;654
134413;2026-05-22 16:42:18;1779460938;950;12,8;100;54;13,9;3,1;658
135026;2026-05-22 16:42:19;1779460939;1150;12,8;100;54;14,1;3,1;663
135623;2026-05-22 16:42:19;1779460939;1450;25,4;62;54;14,1;3,1;670
136135;2026-05-22 16:42:20;1779460940;1650;28,2;65;54;14,1;3,1;677
136734;2026-05-22 16:42:21;1779460941;1750;29,8;62;54;13,9;3,1;686
137333;2026-05-22 16:42:21;1779460941;1750;31,4;59;54;13,9;3,1;694
137854;2026-05-22 16:42:22;1779460942;1800;32,6;56;54;13,9;3,1;701
138454;2026-05-22 16:42:22;1779460942;1900;33,6;54;54;13,9;3,1;711
139052;2026-05-22 16:42:23;1779460943;1950;34,2;53;54;13,9;3,1;720
139653;2026-05-22 16:42:23;1779460943;2000;34,4;53;54;13,9;3,1;730
140252;2026-05-22 16:42:24;1779460944;2050;35,4;51;54;13,9;3,1;740
140852;2026-05-22 16:42:25;1779460945;2100;35,8;49;54;13,7;3,1;750
141374;2026-05-22 16:42:25;1779460945;1700;29,0;61;54;13,7;3,1;757
141974;2026-05-22 16:42:26;1779460946;1650;29,0;61;54;13,7;3,1;766
142576;2026-05-22 16:42:26;1779460946;1700;29,4;60;54;13,7;3,1;773
143092;2026-05-22 16:42:27;1779460947;1400;18,6;100;54;13,7;3,1;780
143691;2026-05-22 16:42:27;1779460947;1300;16,0;100;54;13,9;3,1;786
144284;2026-05-22 16:42:28;1779460948;950;13,4;100;54;13,9;3,1;789
144892;2026-05-22 16:42:29;1779460949;1000;12,8;100;54;13,9;3,1;794
145494;2026-05-22 16:42:29;1779460949;900;12,8;100;54;13,9;3,1;799
146178;2026-05-22 16:42:30;1779460950;900;12,2;100;54;13,7;3,1;803
146777;2026-05-22 16:42:31;1779460951;900;11,6;100;54;13,7;3,1;808
147373;2026-05-22 16:42:31;1779460951;900;11,6;100;54;13,7;3,1;811
147937;2026-05-22 16:42:32;1779460952;900;11,6;100;54;13,7;3,1;815
148534;2026-05-22 16:42:32;1779460952;900;11,6;100;54;13,7;3,1;820
149133;2026-05-22 16:42:33;1779460953;900;13,4;100;54;13,9;3,1;824
149697;2026-05-22 16:42:33;1779460953;950;13,4;100;54;13,9;3,1;828
150292;2026-05-22 16:42:34;1779460954;950;13,4;100;54;13,9;3,1;833
150887;2026-05-22 16:42:35;1779460955;900;13,4;100;54;13,9;3,1;837
151457;2026-05-22 16:42:35;1779460955;950;12,8;100;54;13,9;3,1;841
152054;2026-05-22 16:42:36;1779460956;950;13,4;100;54;13,9;3,1;846
152650;2026-05-22 16:42:36;1779460956;950;13,4;100;54;13,9;3,1;850
153217;2026-05-22 16:42:37;1779460957;1050;13,4;100;54;13,9;3,1;855
153815;2026-05-22 16:42:38;1779460958;1400;25,4;62;54;13,9;3,0;861
154416;2026-05-22 16:42:38;1779460958;1650;27,8;67;54;13,9;3,0;870
155014;2026-05-22 16:42:39;1779460959;1700;29,2;65;54;13,9;3,1;878
155611;2026-05-22 16:42:39;1779460959;1750;31,0;61;54;13,9;3,1;887
156209;2026-05-22 16:42:40;1779460960;1800;31,6;59;54;13,9;3,1;895
156734;2026-05-22 16:42:41;1779460961;1800;32,6;56;54;13,9;3,1;902
157333;2026-05-22 16:42:41;1779460961;1900;33,6;54;54;13,9;3,1;912
157933;2026-05-22 16:42:42;1779460962;1900;34,2;53;54;13,9;3,1;921
158454;2026-05-22 16:42:42;1779460962;1950;34,4;53;54;13,9;3,1;930
159053;2026-05-22 16:42:43;1779460963;2350;30,0;83;54;13,9;3,1;941
159651;2026-05-22 16:42:43;1779460963;2550;30,6;83;54;13,7;3,1;952
160252;2026-05-22 16:42:44;1779460964;1450;19,2;100;54;13,7;3,1;961
160850;2026-05-22 16:42:45;1779460965;1350;18,6;100;54;13,9;3,1;967
161450;2026-05-22 16:42:45;1779460965;1000;12,8;100;54;13,9;3,1;972
162048;2026-05-22 16:42:46;1779460966;950;12,8;100;54;13,9;3,1;977
162645;2026-05-22 16:42:46;1779460966;950;12,8;100;54;13,9;3,0;980
163338;2026-05-22 16:42:47;1779460967;950;12,2;100;54;13,9;3,0;986
163932;2026-05-22 16:42:48;1779460968;950;12,8;100;54;13,9;3,0;990
164527;2026-05-22 16:42:48;1779460968;950;12,8;100;54;13,9;3,0;994
165098;2026-05-22 16:42:49;1779460969;1100;12,8;100;54;13,9;3,0;999
165697;2026-05-22 16:42:49;1779460969;1450;24,6;68;54;14,1;3,0;1006
166298;2026-05-22 16:42:50;1779460970;1600;26,4;68;54;14,1;3,0;1013
166817;2026-05-22 16:42:51;1779460971;1650;26,4;68;54;14,1;3,1;1021
167415;2026-05-22 16:42:51;1779460971;1650;26,4;68;54;13,9;3,1;1028
168014;2026-05-22 16:42:52;1779460972;1650;26,4;68;54;13,9;3,1;1037
168616;2026-05-22 16:42:52;1779460972;1650;26,4;68;54;13,9;3,1;1045
169217;2026-05-22 16:42:53;1779460973;1650;26,4;68;54;13,9;3,1;1053
169819;2026-05-22 16:42:54;1779460974;1650;26,4;68;54;13,9;3,1;1061
170335;2026-05-22 16:42:54;1779460974;1550;27,2;62;54;13,9;3,1;1067
170933;2026-05-22 16:42:55;1779460975;1350;18,6;100;54;13,9;3,1;1074
171532;2026-05-22 16:42:55;1779460975;1100;16,6;100;54;13,9;3,1;1079
172054;2026-05-22 16:42:56;1779460976;1000;14,0;100;54;14,1;3,1;1083
172653;2026-05-22 16:42:56;1779460976;1000;13,4;100;54;14,1;3,1;1088
173250;2026-05-22 16:42:57;1779460977;1000;13,4;100;54;14,1;3,1;1092
173851;2026-05-22 16:42:58;1779460978;1000;12,8;100;54;14,1;3,1;1097
174449;2026-05-22 16:42:58;1779460978;950;12,8;100;54;14,1;3,1;1101
175043;2026-05-22 16:42:59;1779460979;900;12,2;100;54;13,9;3,1;1105
175570;2026-05-22 16:42:59;1779460979;950;11,6;100;54;13,9;3,1;1109
176167;2026-05-22 16:43:00;1779460980;900;12,2;100;54;13,9;3,1;1113
176762;2026-05-22 16:43:01;1779460981;900;12,2;100;54;13,9;3,1;1117
177326;2026-05-22 16:43:01;1779460981;900;12,2;100;54;13,9;3,1;1121
177927;2026-05-22 16:43:02;1779460982;950;12,2;100;54;13,9;3,1;1126
178525;2026-05-22 16:43:02;1779460982;900;12,8;100;54;13,9;3,1;1130
179090;2026-05-22 16:43:03;1779460983;950;12,2;100;54;13,9;3,1;1134
179687;2026-05-22 16:43:03;1779460983;950;12,2;100;54;13,9;3,1;1138
180282;2026-05-22 16:43:04;1779460984;900;12,2;100;54;13,9;3,1;1142
180806;2026-05-22 16:43:05;1779460985;900;11,6;100;54;13,9;3,1;1146
181400;2026-05-22 16:43:05;1779460985;900;12,2;100;54;13,9;3,1;1149
182000;2026-05-22 16:43:06;1779460986;850;11,6;100;54;13,9;3,1;1154
182525;2026-05-22 16:43:06;1779460986;850;12,2;100;54;13,9;3,1;1157
183120;2026-05-22 16:43:07;1779460987;850;11,6;100;54;13,9;3,1;1161
183715;2026-05-22 16:43:07;1779460987;900;12,2;100;54;13,9;3,1;1165
184245;2026-05-22 16:43:08;1779460988;900;12,2;100;54;13,9;3,1;1169
184841;2026-05-22 16:43:09;1779460989;900;11,6;100;54;13,9;3,1;1173
185436;2026-05-22 16:43:09;1779460989;850;12,2;100;54;13,9;3,1;1177
185968;2026-05-22 16:43:10;1779460990;850;12,2;100;54;13,9;3,1;1181
186567;2026-05-22 16:43:10;1779460990;900;12,2;100;54;13,9;3,1;1185
187166;2026-05-22 16:43:11;1779460991;850;11,6;100;54;13,9;3,1;1188
187692;2026-05-22 16:43:11;1779460991;900;12,2;100;54;13,9;3,1;1193
188289;2026-05-22 16:43:12;1779460992;850;12,2;100;54;13,9;3,1;1197
188898;2026-05-22 16:43:13;1779460993;900;12,2;100;54;13,9;3,0;1200
189410;2026-05-22 16:43:13;1779460993;900;12,2;100;54;13,9;3,0;1204
190007;2026-05-22 16:43:14;1779460994;850;12,2;100;54;13,9;3,0;1208
190604;2026-05-22 16:43:14;1779460994;900;12,2;100;54;13,9;3,0;1212
191208;2026-05-22 16:43:15;1779460995;900;12,2;100;54;13,9;3,0;1216
191806;2026-05-22 16:43:16;1779460996;850;12,2;100;54;13,9;3,0;1220
192497;2026-05-22 16:43:16;1779460996;900;11,6;100;54;13,9;3,0;1225
193097;2026-05-22 16:43:17;1779460997;900;12,2;100;54;13,9;3,0;1229
193694;2026-05-22 16:43:17;1779460997;850;14,0;83;54;13,9;3,0;1234
194298;2026-05-22 16:43:18;1779460998;1700;26,8;84;54;13,9;3,0;1242
194894;2026-05-22 16:43:19;1779460999;2050;27,4;84;54;13,9;3,0;1251
195494;2026-05-22 16:43:19;1779460999;2050;28,0;84;54;13,9;3,1;1261
196055;2026-05-22 16:43:20;1779461000;2100;28,2;83;54;13,9;3,1;1270
196656;2026-05-22 16:43:20;1779461000;2150;29,4;78;54;13,9;3,1;1281
197261;2026-05-22 16:43:21;1779461001;2200;30,2;76;54;13,9;3,1;1291
197778;2026-05-22 16:43:22;1779461002;2250;31,4;72;54;13,7;3,1;1302
198377;2026-05-22 16:43:22;1779461002;1900;27,4;100;54;13,7;3,1;1311
198977;2026-05-22 16:43:23;1779461003;1550;20,0;100;54;13,7;3,1;1320
199498;2026-05-22 16:43:23;1779461003;1200;16,6;100;54;13,9;3,1;1325
200096;2026-05-22 16:43:24;1779461004;1250;16,6;100;54;13,9;3,1;1330
200696;2026-05-22 16:43:24;1779461004;1250;16,6;100;54;13,9;3,1;1336
201294;2026-05-22 16:43:25;1779461005;1200;16,6;100;54;13,9;3,1;1342
201894;2026-05-22 16:43:26;1779461006;1200;16,0;100;54;13,9;3,1;1348
202496;2026-05-22 16:43:26;1779461006;1150;16,6;100;54;13,9;3,1;1353
203091;2026-05-22 16:43:27;1779461007;1150;16,0;100;54;13,9;3,1;1358
203691;2026-05-22 16:43:27;1779461007;1150;15,2;100;54;14,1;3,1;1364
204290;2026-05-22 16:43:28;1779461008;1150;15,2;100;54;14,1;3,1;1370
204811;2026-05-22 16:43:29;1779461009;1100;15,2;100;54;14,1;3,1;1374
205406;2026-05-22 16:43:29;1779461009;1100;15,2;100;54;14,1;3,1;1379
206015;2026-05-22 16:43:30;1779461010;1100;14,0;100;54;14,1;3,1;1384
206531;2026-05-22 16:43:30;1779461010;1100;14,6;100;54;14,1;3,1;1389
207127;2026-05-22 16:43:31;1779461011;1050;14,6;100;54;14,1;3,1;1394
207724;2026-05-22 16:43:31;1779461011;1050;14,0;100;54;14,1;3,1;1399
208330;2026-05-22 16:43:32;1779461012;1050;14,0;100;54;14,1;3,1;1404
208930;2026-05-22 16:43:33;1779461013;1050;14,0;100;54;14,1;3,1;1409
209578;2026-05-22 16:43:33;1779461013;1050;14,0;100;54;14,1;3,1;1414
210177;2026-05-22 16:43:34;1779461014;1000;14,0;100;54;14,1;3,1;1419
210775;2026-05-22 16:43:35;1779461015;1050;15,2;100;54;14,1;3,1;1424
211377;2026-05-22 16:43:35;1779461015;1150;14,6;100;54;14,1;3,1;1429
211972;2026-05-22 16:43:36;1779461016;1100;15,2;100;54;14,1;3,1;1434
212574;2026-05-22 16:43:36;1779461016;950;13,4;100;54;14,1;3,1;1439
213175;2026-05-22 16:43:37;1779461017;900;11,6;100;54;13,9;3,1;1443
213772;2026-05-22 16:43:38;1779461018;850;11,6;100;54;13,9;3,1;1447
214371;2026-05-22 16:43:38;1779461018;850;12,2;100;54;13,9;3,1;1450
214931;2026-05-22 16:43:39;1779461019;950;12,8;100;54;13,9;3,1;1455
215525;2026-05-22 16:43:39;1779461019;950;12,2;100;54;13,9;3,0;1458
216122;2026-05-22 16:43:40;1779461020;900;12,8;100;54;13,9;3,0;1462
216730;2026-05-22 16:43:41;1779461021;900;12,2;100;54;13,9;3,0;1467
217324;2026-05-22 16:43:41;1779461021;900;12,2;100;54;13,9;3,0;1471
217919;2026-05-22 16:43:42;1779461022;900;12,2;100;54;13,9;3,0;1475
218488;2026-05-22 16:43:42;1779461022;900;12,2;100;54;13,9;3,0;1479
219086;2026-05-22 16:43:43;1779461023;900;12,2;100;54;13,9;3,0;1483
219691;2026-05-22 16:43:43;1779461023;900;12,2;100;54;13,9;3,0;1487
220287;2026-05-22 16:43:44;1779461024;900;12,2;100;54;13,9;3,0;1491
220884;2026-05-22 16:43:45;1779461025;900;12,8;100;54;13,9;3,0;1495
221537;2026-05-22 16:43:45;1779461025;900;12,8;100;54;13,9;3,0;1500
222137;2026-05-22 16:43:46;1779461026;900;12,8;100;54;13,9;3,0;1504
222739;2026-05-22 16:43:47;1779461027;900;12,8;100;54;13,9;3,0;1508
223378;2026-05-22 16:43:47;1779461027;850;12,8;100;54;13,9;3,0;1513
223973;2026-05-22 16:43:48;1779461028;950;12,8;100;54;13,9;3,0;1517
224567;2026-05-22 16:43:48;1779461028;900;12,2;100;54;13,9;3,1;1521
225174;2026-05-22 16:43:49;1779461029;900;12,2;100;54;13,9;3,1;1525
225767;2026-05-22 16:43:50;1779461030;900;12,2;100;54;13,9;3,1;1529
226369;2026-05-22 16:43:50;1779461030;900;12,2;100;54;13,9;3,1;1533
226893;2026-05-22 16:43:51;1779461031;900;12,2;100;54;13,9;3,1;1537
227488;2026-05-22 16:43:51;1779461031;900;12,2;100;54;13,9;3,1;1541
228085;2026-05-22 16:43:52;1779461032;850;12,8;100;54;13,9;3,1;1545
228690;2026-05-22 16:43:52;1779461032;900;12,2;100;54;13,9;3,1;1549
229289;2026-05-22 16:43:53;1779461033;900;12,2;100;54;13,9;3,1;1553
229897;2026-05-22 16:43:54;1779461034;900;11,6;100;54;13,9;3,1;1557
230486;2026-05-22 16:43:54;1779461034;900;11,6;100;54;13,9;3,1;1561
231085;2026-05-22 16:43:55;1779461035;900;12,2;100;54;13,9;3,1;1566
231778;2026-05-22 16:43:56;1779461036;900;12,2;100;54;13,9;3,1;1570
232373;2026-05-22 16:43:56;1779461036;1100;12,8;100;54;13,9;3,1;1575
232978;2026-05-22 16:43:57;1779461037;1400;20,0;62;54;13,9;3,0;1582
233497;2026-05-22 16:43:57;1779461037;1400;19,2;61;54;13,9;3,0;1588
234095;2026-05-22 16:43:58;1779461038;1400;19,2;100;54;13,9;3,0;1594
234692;2026-05-22 16:43:58;1779461038;950;14,6;100;54;13,9;3,1;1599
235295;2026-05-22 16:43:59;1779461039;1000;13,4;100;54;14,1;3,1;1604
235893;2026-05-22 16:44:00;1779461040;1000;13,4;100;54;14,1;3,1;1609
236492;2026-05-22 16:44:00;1779461040;950;12,8;100;54;14,1;3,1;1613
237014;2026-05-22 16:44:01;1779461041;950;12,8;100;54;14,1;3,1;1617
237611;2026-05-22 16:44:01;1779461041;1000;13,4;100;54;14,1;3,1;1621
238207;2026-05-22 16:44:02;1779461042;950;12,8;100;54;14,1;3,1;1625
238734;2026-05-22 16:44:03;1779461043;950;12,2;100;54;14,1;3,1;1630
239328;2026-05-22 16:44:03;1779461043;950;12,8;100;54;14,1;3,1;1634
239922;2026-05-22 16:44:04;1779461044;950;13,4;100;54;14,1;3,1;1638
240491;2026-05-22 16:44:04;1779461044;950;12,2;100;54;13,9;3,1;1642
241089;2026-05-22 16:44:05;1779461045;950;12,8;100;54;13,9;3,1;1647
241687;2026-05-22 16:44:05;1779461045;950;12,2;100;54;13,9;3,1;1651
242251;2026-05-22 16:44:06;1779461046;950;12,8;100;54;13,9;3,1;1655
242850;2026-05-22 16:44:07;1779461047;950;12,8;100;54;13,9;3,1;1659
243447;2026-05-22 16:44:07;1779461047;900;12,8;100;54;13,9;3,1;1663
243972;2026-05-22 16:44:08;1779461048;950;12,2;100;54;13,9;3,1;1668
244566;2026-05-22 16:44:08;1779461048;950;12,8;100;54;13,9;3,1;1672
245166;2026-05-22 16:44:09;1779461049;1000;14,0;100;54;13,9;3,1;1676
245691;2026-05-22 16:44:09;1779461049;1050;14,6;100;54;13,9;3,0;1681
246287;2026-05-22 16:44:10;1779461050;1100;15,2;100;54;14,1;3,0;1686
246883;2026-05-22 16:44:11;1779461051;1150;16,0;100;54;14,1;3,0;1692
247411;2026-05-22 16:44:11;1779461051;1150;16,0;100;54;14,1;3,0;1697
248014;2026-05-22 16:44:12;1779461052;1150;16,6;100;54;13,9;3,0;1702
248614;2026-05-22 16:44:12;1779461052;1200;16,0;100;54;13,9;3,0;1708
249213;2026-05-22 16:44:13;1779461053;1200;16,6;100;54;13,9;3,0;1714
249809;2026-05-22 16:44:14;1779461054;1200;16,6;100;54;13,9;3,0;1719
250407;2026-05-22 16:44:14;1779461054;1200;16,0;100;54;13,9;3,0;1724
251011;2026-05-22 16:44:15;1779461055;1400;20,0;76;54;13,9;3,0;1732
251610;2026-05-22 16:44:15;1779461055;1500;26,6;61;54;13,9;3,1;1738
252257;2026-05-22 16:44:16;1779461056;1700;29,0;61;54;13,9;3,1;1748
252859;2026-05-22 16:44:17;1779461057;1750;30,6;59;54;13,9;3,1;1755
253463;2026-05-22 16:44:17;1779461057;1800;32,8;54;54;13,9;3,1;1765
254097;2026-05-22 16:44:18;1779461058;1850;33,4;54;54;13,9;3,1;1775
254697;2026-05-22 16:44:18;1779461058;1900;34,2;53;54;13,9;3,1;1784
255294;2026-05-22 16:44:19;1779461059;1950;34,2;53;54;13,9;3,1;1794
255897;2026-05-22 16:44:20;1779461060;2000;35,4;51;54;13,9;3,1;1804
256505;2026-05-22 16:44:20;1779461060;2050;35,0;53;54;13,9;3,1;1813
257105;2026-05-22 16:44:21;1779461061;1650;28,6;59;54;13,9;3,1;1821
257614;2026-05-22 16:44:21;1779461061;1650;29,6;57;54;13,9;3,1;1828
258219;2026-05-22 16:44:22;1779461062;1650;29,6;56;54;13,9;3,1;1836
258820;2026-05-22 16:44:23;1779461063;1650;30,6;56;54;13,9;3,1;1844
259334;2026-05-22 16:44:23;1779461063;1550;28,6;59;54;13,9;3,1;1851
259934;2026-05-22 16:44:24;1779461064;1550;26,6;60;54;13,9;3,1;1859
260533;2026-05-22 16:44:24;1779461064;1550;26,6;60;54;13,9;3,1;1866
261131;2026-05-22 16:44:25;1779461065;1550;26,6;60;54;13,9;3,1;1873
261732;2026-05-22 16:44:26;1779461066;1550;26,8;60;54;13,9;3,1;1881
262335;2026-05-22 16:44:26;1779461066;1550;26,8;60;54;13,9;3,1;1888
262931;2026-05-22 16:44:27;1779461067;1550;26,8;60;54;13,9;3,1;1896
263537;2026-05-22 16:44:27;1779461067;1550;26,8;59;54;14,1;3,1;1903
264298;2026-05-22 16:44:28;1779461068;1550;21,6;100;54;14,1;3,1;1913
264898;2026-05-22 16:44:29;1779461069;1200;18,0;100;54;14,1;3,1;1919
265495;2026-05-22 16:44:29;1779461069;1150;16,0;100;54;14,1;3,1;1924
266094;2026-05-22 16:44:30;1779461070;1150;15,2;100;54;14,1;3,1;1929
266696;2026-05-22 16:44:30;1779461070;1100;15,2;100;54;14,1;3,1;1935
267294;2026-05-22 16:44:31;1779461071;1150;15,2;100;54;14,1;3,1;1941
267814;2026-05-22 16:44:32;1779461072;1150;15,2;100;54;14,1;3,1;1945
268409;2026-05-22 16:44:32;1779461072;1100;15,2;100;54;14,1;3,1;1950
269006;2026-05-22 16:44:33;1779461073;1100;14,6;100;54;14,1;3,1;1955
269534;2026-05-22 16:44:33;1779461073;1100;14,6;100;54;14,1;3,1;1960
270129;2026-05-22 16:44:34;1779461074;1100;14,6;100;54;14,1;3,1;1965
270723;2026-05-22 16:44:34;1779461074;1100;15,2;100;54;14,1;3,1;1970
271330;2026-05-22 16:44:35;1779461075;1100;15,2;100;54;14,1;3,1;1976
271926;2026-05-22 16:44:36;1779461076;1100;14,6;100;54;14,1;3,1;1981
272521;2026-05-22 16:44:36;1779461076;1100;15,2;100;54;14,1;3,1;1985
273127;2026-05-22 16:44:37;1779461077;1100;14,0;100;54;14,1;3,1;1990
273734;2026-05-22 16:44:38;1779461078;1050;14,6;100;54;14,1;3,1;1996
274418;2026-05-22 16:44:38;1779461078;1050;13,4;100;54;14,1;3,1;2002
275017;2026-05-22 16:44:39;1779461079;1150;14,6;100;54;14,1;3,1;2007
275614;2026-05-22 16:44:39;1779461079;1350;19,2;61;54;14,1;3,1;2013
276177;2026-05-22 16:44:40;1779461080;1500;26,2;61;54;14,1;3,1;2020
276776;2026-05-22 16:44:41;1779461081;1550;19,2;100;54;13,9;3,1;2026
277373;2026-05-22 16:44:41;1779461081;1050;14,6;100;54;13,9;3,1;2031
277986;2026-05-22 16:44:42;1779461082;1050;14,6;100;54;13,9;3,1;2037
278519;2026-05-22 16:44:42;1779461082;1050;13,4;100;54;13,9;3,1;2041
279048;2026-05-22 16:44:43;1779461083;1000;13,4;100;54;13,9;3,1;2045
279706;2026-05-22 16:44:43;1779461083;1000;13,4;100;54;13,9;3,1;2050
280248;2026-05-22 16:44:44;1779461084;950;12,8;100;54;13,9;3,1;2054
280778;2026-05-22 16:44:45;1779461085;950;13,4;100;54;13,9;3,1;2058
281384;2026-05-22 16:44:45;1779461085;950;12,8;100;54;13,9;3,1;2062
281917;2026-05-22 16:44:46;1779461086;950;13,4;100;54;13,9;3,1;2066
282446;2026-05-22 16:44:46;1779461086;950;12,8;100;54;13,9;3,1;2070
283064;2026-05-22 16:44:47;1779461087;950;12,8;100;54;13,9;3,1;2074
283597;2026-05-22 16:44:47;1779461087;850;12,8;100;54;13,9;3,1;2078
284128;2026-05-22 16:44:48;1779461088;950;13,4;100;54;13,9;3,1;2082
284705;2026-05-22 16:44:48;1779461088;950;13,4;100;54;13,9;3,1;2087
285235;2026-05-22 16:44:49;1779461089;950;12,2;100;54;13,9;3,1;2090
285770;2026-05-22 16:44:50;1779461090;950;12,8;100;54;13,9;3,1;2094
286303;2026-05-22 16:44:50;1779461090;900;11,6;100;54;13,9;3,1;2098
286818;2026-05-22 16:44:51;1779461091;900;12,8;100;54;13,9;3,1;2101
287357;2026-05-22 16:44:51;1779461091;900;12,2;100;54;13,9;3,1;2105
287887;2026-05-22 16:44:52;1779461092;900;12,8;100;54;13,9;3,1;2109
288501;2026-05-22 16:44:52;1779461092;900;12,8;100;54;13,9;3,1;2113
289034;2026-05-22 16:44:53;1779461093;900;12,8;100;54;13,9;3,1;2117
289564;2026-05-22 16:44:53;1779461093;950;12,8;100;54;13,9;3,1;2121
290140;2026-05-22 16:44:54;1779461094;900;12,8;100;54;13,9;3,1;2125
290672;2026-05-22 16:44:54;1779461094;900;12,8;100;54;13,9;3,1;2129
291202;2026-05-22 16:44:55;1779461095;900;12,8;100;54;13,9;3,1;2132
291744;2026-05-22 16:44:56;1779461096;900;12,2;100;54;13,9;3,1;2136
292273;2026-05-22 16:44:56;1779461096;900;12,2;100;54;13,9;3,1;2140
292804;2026-05-22 16:44:57;1779461097;950;12,2;100;54;13,9;3,1;2144
293464;2026-05-22 16:44:57;1779461097;900;12,2;100;54;13,9;3,1;2148
293999;2026-05-22 16:44:58;1779461098;900;12,2;100;54;13,9;3,1;2152
294527;2026-05-22 16:44:58;1779461098;900;12,2;100;54;13,9;3,1;2156
295228;2026-05-22 16:44:59;1779461099;900;12,8;100;54;13,9;3,1;2160
295757;2026-05-22 16:45:00;1779461100;950;12,8;100;54;13,9;3,1;2164
296288;2026-05-22 16:45:00;1779461100;900;12,2;100;54;13,9;3,1;2168
296866;2026-05-22 16:45:01;1779461101;900;12,2;100;54;13,9;3,1;2172
297407;2026-05-22 16:45:01;1779461101;900;12,8;100;54;13,9;3,1;2176
297939;2026-05-22 16:45:02;1779461102;900;12,2;100;54;13,9;3,1;2180
298626;2026-05-22 16:45:02;1779461102;900;12,8;100;54;13,9;3,1;2184
299155;2026-05-22 16:45:03;1779461103;900;12,2;100;54;13,9;3,1;2188
299683;2026-05-22 16:45:03;1779461103;900;12,2;100;54;13,9;3,1;2192
300384;2026-05-22 16:45:04;1779461104;950;12,8;100;54;13,9;3,1;2197
300925;2026-05-22 16:45:05;1779461105;900;12,2;100;54;13,9;3,1;2200
301453;2026-05-22 16:45:05;1779461105;900;12,2;100;54;13,9;3,1;2205
302026;2026-05-22 16:45:06;1779461106;900;12,8;100;54;13,9;3,1;2208
302558;2026-05-22 16:45:06;1779461106;900;12,8;100;54;13,9;3,1;2212
303087;2026-05-22 16:45:07;1779461107;950;12,2;100;54;13,9;3,1;2216
303746;2026-05-22 16:45:08;1779461108;900;12,8;100;54;13,9;3,1;2221
304283;2026-05-22 16:45:08;1779461108;900;12,8;100;54;13,9;3,1;2225
304813;2026-05-22 16:45:09;1779461109;900;12,8;100;54;13,9;3,1;2228
305545;2026-05-22 16:45:09;1779461109;950;12,2;100;54;13,9;3,1;2234
306077;2026-05-22 16:45:10;1779461110;900;12,2;100;54;13,9;3,1;2237
306606;2026-05-22 16:45:10;1779461110;900;12,2;100;54;13,9;3,1;2241
307145;2026-05-22 16:45:11;1779461111;900;12,8;100;54;14,1;3,1;2245
307688;2026-05-22 16:45:11;1779461111;950;12,8;100;54;14,1;3,1;2249
308215;2026-05-22 16:45:12;1779461112;950;12,8;100;54;14,1;3,1;2252
308866;2026-05-22 16:45:13;1779461113;900;12,8;100;54;14,1;3,1;2257
309395;2026-05-22 16:45:13;1779461113;900;12,8;100;54;14,1;3,1;2261
309924;2026-05-22 16:45:14;1779461114;900;14,0;67;54;14,1;3,1;2265
310586;2026-05-22 16:45:14;1779461114;1500;24,6;76;54;14,1;3,1;2273
311117;2026-05-22 16:45:15;1779461115;1900;27,0;83;54;14,1;3,0;2281
311650;2026-05-22 16:45:15;1779461115;1950;27,4;81;54;13,9;3,0;2289
312266;2026-05-22 16:45:16;1779461116;2000;28,4;81;54;13,9;3,0;2299
312798;2026-05-22 16:45:17;1779461117;1750;22,0;100;54;13,9;3,0;2306
313330;2026-05-22 16:45:17;1779461117;1400;19,2;56;54;13,9;3,0;2313
313945;2026-05-22 16:45:18;1779461118;1900;28,6;76;54;13,9;3,1;2321
314490;2026-05-22 16:45:18;1779461118;2100;29,4;76;54;13,9;3,1;2331
315021;2026-05-22 16:45:19;1779461119;2400;29,4;88;54;13,9;3,1;2341
315666;2026-05-22 16:45:19;1779461119;2500;30,0;91;55;13,7;3,1;2354
316199;2026-05-22 16:45:20;1779461120;2800;30,0;88;55;13,7;3,0;2365
316731;2026-05-22 16:45:21;1779461121;2000;28,2;100;55;13,7;3,0;2375
317426;2026-05-22 16:45:21;1779461121;1600;20,6;100;55;13,9;3,1;2385
317973;2026-05-22 16:45:22;1779461122;1150;14,6;100;55;13,9;3,1;2389
318504;2026-05-22 16:45:22;1779461122;1050;14,6;100;54;13,9;3,1;2394
319102;2026-05-22 16:45:23;1779461123;1050;14,6;100;54;13,9;3,1;2399
319635;2026-05-22 16:45:23;1779461123;1050;14,6;100;54;14,1;3,1;2404
320170;2026-05-22 16:45:24;1779461124;1100;15,2;100;54;14,1;3,1;2408
320782;2026-05-22 16:45:25;1779461125;1050;14,6;100;55;14,1;3,1;2414
321315;2026-05-22 16:45:25;1779461125;1100;14,6;100;55;14,1;3,1;2418
321845;2026-05-22 16:45:26;1779461126;1050;15,2;100;55;14,1;3,1;2423
322346;2026-05-22 16:45:26;1779461126;1050;14,6;100;55;14,1;3,1;2427
322881;2026-05-22 16:45:27;1779461127;1050;14,6;100;55;14,1;3,1;2431
323414;2026-05-22 16:45:27;1779461127;1050;14,6;100;55;14,1;3,1;2436
324066;2026-05-22 16:45:28;1779461128;1050;14,6;100;55;14,1;3,1;2442
324612;2026-05-22 16:45:28;1779461128;1050;14,0;100;55;14,1;3,1;2446
325141;2026-05-22 16:45:29;1779461129;1650;26,6;76;55;14,1;3,1;2452
325746;2026-05-22 16:45:30;1779461130;1950;27,4;83;55;13,9;3,1;2462
326279;2026-05-22 16:45:30;1779461130;2000;28,0;76;55;13,9;3,1;2470
326810;2026-05-22 16:45:31;1779461131;1750;27,2;68;55;13,9;3,1;2477
327425;2026-05-22 16:45:31;1779461131;1350;18,6;88;55;13,9;3,1;2484
327957;2026-05-22 16:45:32;1779461132;1400;18,6;84;55;13,9;3,1;2490
328493;2026-05-22 16:45:32;1779461132;1400;19,2;84;55;13,9;3,1;2497
329107;2026-05-22 16:45:33;1779461133;1400;18,6;84;55;13,9;3,1;2503
329638;2026-05-22 16:45:33;1779461133;1400;19,2;84;55;13,9;3,1;2509
330172;2026-05-22 16:45:34;1779461134;1350;19,2;84;55;13,9;3,1;2515
330786;2026-05-22 16:45:35;1779461135;1400;19,2;84;55;13,9;3,1;2522
331319;2026-05-22 16:45:35;1779461135;1400;19,2;84;55;13,9;3,1;2528
331848;2026-05-22 16:45:36;1779461136;1400;19,2;84;55;13,9;3,1;2534
332465;2026-05-22 16:45:36;1779461136;1400;19,2;84;55;13,9;3,1;2540
332997;2026-05-22 16:45:37;1779461137;1450;19,2;62;55;13,9;3,1;2547
333530;2026-05-22 16:45:37;1779461137;1450;20,0;62;55;13,9;3,1;2553
334224;2026-05-22 16:45:38;1779461138;1450;20,0;62;55;13,9;3,1;2561
334762;2026-05-22 16:45:39;1779461139;1450;20,0;61;55;13,9;3,1;2567
335296;2026-05-22 16:45:39;1779461139;1450;20,0;61;55;13,9;3,1;2574
335901;2026-05-22 16:45:40;1779461140;1450;20,0;61;55;13,9;3,1;2580
336437;2026-05-22 16:45:40;1779461140;1450;20,0;61;55;13,9;3,1;2587
336971;2026-05-22 16:45:41;1779461141;1450;20,0;61;55;13,9;3,1;2594
337506;2026-05-22 16:45:41;1779461141;1450;20,0;62;55;13,9;3,1;2600
338048;2026-05-22 16:45:42;1779461142;1450;25,0;91;55;13,9;3,1;2608
338584;2026-05-22 16:45:42;1779461142;2300;29,4;91;55;13,9;3,1;2617
339227;2026-05-22 16:45:43;1779461143;2450;30,0;91;55;13,7;3,1;2630
339765;2026-05-22 16:45:44;1779461144;2500;30,0;91;55;13,7;3,0;2640
340299;2026-05-22 16:45:44;1779461144;2500;30,0;91;55;13,7;3,0;2652
340905;2026-05-22 16:45:45;1779461145;2550;30,0;76;55;13,7;3,0;2665
341447;2026-05-22 16:45:45;1779461145;1350;24,0;100;55;13,7;3,0;2671
341980;2026-05-22 16:45:46;1779461146;1400;19,2;100;55;13,7;3,1;2678
342667;2026-05-22 16:45:46;1779461146;1400;19,2;100;55;13,9;3,1;2685
343197;2026-05-22 16:45:47;1779461147;1400;19,2;100;55;13,9;3,1;2691
343729;2026-05-22 16:45:47;1779461147;1400;19,2;100;55;13,9;3,1;2698
344425;2026-05-22 16:45:48;1779461148;1350;18,6;100;55;13,9;3,1;2705
344963;2026-05-22 16:45:49;1779461149;1400;19,2;100;55;13,9;3,1;2711
345496;2026-05-22 16:45:49;1779461149;1650;26,8;86;55;13,9;3,0;2718
346103;2026-05-22 16:45:50;1779461150;2250;28,8;84;55;13,9;3,0;2731
346637;2026-05-22 16:45:50;1779461150;2300;29,2;84;55;13,9;3,1;2740
347169;2026-05-22 16:45:51;1779461151;2300;29,2;84;55;13,7;3,1;2751
347783;2026-05-22 16:45:52;1779461152;2300;29,4;84;55;13,9;3,1;2762
348329;2026-05-22 16:45:52;1779461152;2300;29,4;84;55;13,9;3,1;2773
348860;2026-05-22 16:45:53;1779461153;2350;29,4;84;55;13,9;3,1;2782
349465;2026-05-22 16:45:53;1779461153;2350;29,8;84;55;13,9;3,1;2794
349998;2026-05-22 16:45:54;1779461154;2350;29,4;84;55;13,9;3,0;2804
350532;2026-05-22 16:45:54;1779461154;2400;29,8;84;55;13,9;3,0;2815
351065;2026-05-22 16:45:55;1779461155;2400;29,8;84;55;13,7;3,0;2825
351610;2026-05-22 16:45:55;1779461155;2400;29,8;84;55;13,7;3,0;2835
352146;2026-05-22 16:45:56;1779461156;2400;29,8;84;55;13,9;3,0;2845
352786;2026-05-22 16:45:57;1779461157;2400;30,0;84;55;13,9;3,0;2858
353323;2026-05-22 16:45:57;1779461157;2450;30,0;84;55;13,7;3,0;2869
353858;2026-05-22 16:45:58;1779461158;2500;29,4;92;55;13,7;3,0;2878
354466;2026-05-22 16:45:58;1779461158;2900;30,0;91;55;13,7;3,0;2894
355005;2026-05-22 16:45:59;1779461159;2900;30,0;91;55;13,7;3,0;2906
355538;2026-05-22 16:45:59;1779461159;2950;30,0;91;55;13,7;3,1;2919
356146;2026-05-22 16:46:00;1779461160;1900;28,8;100;55;13,7;3,1;2931
356681;2026-05-22 16:46:00;1779461160;1800;26,0;100;55;13,7;3,0;2938
357213;2026-05-22 16:46:01;1779461161;1850;26,4;100;55;13,9;3,0;2946
357906;2026-05-22 16:46:02;1779461162;1900;26,8;100;55;13,9;3,0;2958
358440;2026-05-22 16:46:02;1779461162;1950;26,8;100;55;13,9;3,0;2965
358977;2026-05-22 16:46:03;1779461163;1850;26,4;100;55;13,9;3,0;2975
359625;2026-05-22 16:46:03;1779461163;1800;26,2;100;55;13,9;3,1;2984
360157;2026-05-22 16:46:04;1779461164;1800;26,0;100;55;13,9;3,1;2990
360693;2026-05-22 16:46:04;1779461164;1700;25,0;100;55;13,9;3,1;2999
361345;2026-05-22 16:46:05;1779461165;1700;24,0;100;55;13,9;3,1;3009
361877;2026-05-22 16:46:06;1779461166;1650;23,0;100;55;13,9;3,1;3016
362413;2026-05-22 16:46:06;1779461166;1600;23,0;100;55;13,9;3,0;3023
363065;2026-05-22 16:46:07;1779461167;1600;21,2;100;55;13,9;3,0;3032
363596;2026-05-22 16:46:07;1779461167;1550;22,0;100;55;13,9;3,1;3039
364133;2026-05-22 16:46:08;1779461168;1550;21,2;100;55;13,9;3,1;3046
364785;2026-05-22 16:46:09;1779461169;1500;20,6;100;55;13,9;3,1;3054
365331;2026-05-22 16:46:09;1779461169;1500;20,0;100;55;13,9;3,0;3060
365864;2026-05-22 16:46:10;1779461170;1450;20,0;100;55;13,9;3,0;3067
366506;2026-05-22 16:46:10;1779461170;1450;20,0;65;55;13,9;3,0;3074
367038;2026-05-22 16:46:11;1779461171;2200;28,4;84;55;13,9;3,0;3083
367571;2026-05-22 16:46:11;1779461171;2250;28,8;84;55;13,9;3,0;3093
368186;2026-05-22 16:46:12;1779461172;2250;29,2;84;55;13,7;3,0;3104
368725;2026-05-22 16:46:12;1779461172;2250;29,2;84;55;13,7;3,0;3114
369257;2026-05-22 16:46:13;1779461173;2200;33,6;81;55;13,7;3,0;3124
369867;2026-05-22 16:46:14;1779461174;1650;23,0;88;55;13,7;3,0;3132
370402;2026-05-22 16:46:14;1779461174;1650;23,0;100;55;13,7;3,0;3139
370936;2026-05-22 16:46:15;1779461175;1650;23,0;100;55;13,9;3,0;3147
371585;2026-05-22 16:46:15;1779461175;1650;23,0;100;55;13,9;3,0;3155
372124;2026-05-22 16:46:16;1779461176;1650;23,0;100;55;13,9;3,0;3163
372658;2026-05-22 16:46:16;1779461176;1600;22,0;100;55;13,9;3,0;3170
373345;2026-05-22 16:46:17;1779461177;1600;22,0;100;55;13,9;3,0;3179
373878;2026-05-22 16:46:18;1779461178;1600;22,0;100;55;13,9;3,0;3186
374413;2026-05-22 16:46:18;1779461178;1600;22,0;100;55;13,9;3,0;3193
375066;2026-05-22 16:46:19;1779461179;1600;23,0;100;55;13,9;3,1;3202
375603;2026-05-22 16:46:19;1779461179;2050;28,4;86;55;13,9;3,1;3210
376136;2026-05-22 16:46:20;1779461180;2400;29,4;88;55;13,9;3,0;3221
376746;2026-05-22 16:46:21;1779461181;2400;29,6;88;55;13,9;3,0;3232
377280;2026-05-22 16:46:21;1779461181;2400;29,6;88;55;13,7;3,0;3242
377814;2026-05-22 16:46:22;1779461182;2450;29,6;86;55;13,7;3,0;3254
378465;2026-05-22 16:46:22;1779461182;2500;29,6;91;55;13,9;3,0;3266
379002;2026-05-22 16:46:23;1779461183;2750;30,0;91;55;13,9;3,0;3278
379536;2026-05-22 16:46:23;1779461183;2900;30,0;91;55;13,7;3,0;3291
380146;2026-05-22 16:46:24;1779461184;2900;30,0;91;55;13,7;3,1;3304
380681;2026-05-22 16:46:24;1779461184;2950;30,0;91;55;13,7;3,1;3317
381215;2026-05-22 16:46:25;1779461185;2950;30,0;91;55;13,7;3,0;3331
381865;2026-05-22 16:46:26;1779461186;2950;30,0;91;55;13,7;3,1;3345
382400;2026-05-22 16:46:26;1779461186;2950;30,0;86;55;13,7;3,1;3358
382935;2026-05-22 16:46:27;1779461187;1900;26,8;100;55;13,7;3,1;3367
383625;2026-05-22 16:46:27;1779461187;1900;26,8;100;55;13,7;3,0;3378
384156;2026-05-22 16:46:28;1779461188;2000;27,0;100;55;13,9;3,0;3387
384693;2026-05-22 16:46:28;1779461188;2000;27,0;100;55;13,9;3,0;3395
385306;2026-05-22 16:46:29;1779461189;1950;27,0;100;55;13,9;3,0;3405
385845;2026-05-22 16:46:30;1779461190;1950;27,0;100;55;13,9;3,0;3414
386377;2026-05-22 16:46:30;1779461190;1950;26,8;100;55;13,9;3,0;3423
386986;2026-05-22 16:46:31;1779461191;1950;26,8;100;55;13,9;3,0;3432
387521;2026-05-22 16:46:31;1779461191;1950;26,8;100;55;13,9;3,0;3440
388055;2026-05-22 16:46:32;1779461192;1950;26,4;100;55;13,9;3,0;3449
388666;2026-05-22 16:46:32;1779461192;1900;26,4;100;56;13,9;3,0;3458
389215;2026-05-22 16:46:33;1779461193;1900;26,4;100;56;13,9;3,0;3467
389750;2026-05-22 16:46:34;1779461194;1850;26,4;100;56;13,9;3,0;3475
390386;2026-05-22 16:46:34;1779461194;1850;26,2;100;56;13,9;3,0;3485
390920;2026-05-22 16:46:35;1779461195;1850;26,2;100;56;13,9;3,0;3492
391452;2026-05-22 16:46:35;1779461195;1850;26,2;100;56;13,9;3,0;3502
392146;2026-05-22 16:46:36;1779461196;1800;26,0;100;56;13,9;3,0;3512
392680;2026-05-22 16:46:36;1779461196;1800;26,0;100;56;13,9;3,0;3519
393219;2026-05-22 16:46:37;1779461197;1800;26,0;100;56;13,9;3,0;3527
393826;2026-05-22 16:46:38;1779461198;1750;25,0;100;56;13,9;3,0;3536
394357;2026-05-22 16:46:38;1779461198;1750;25,0;100;56;13,9;3,0;3544
394890;2026-05-22 16:46:39;1779461199;1750;25,0;100;56;13,9;3,0;3552
395546;2026-05-22 16:46:39;1779461199;1750;25,0;100;56;13,9;3,0;3561
396085;2026-05-22 16:46:40;1779461200;1700;23,0;100;56;13,9;3,0;3568
396616;2026-05-22 16:46:40;1779461200;1600;23,0;100;56;13,9;3,0;3575
397266;2026-05-22 16:46:41;1779461201;1500;21,2;100;56;13,7;3,0;3583
397796;2026-05-22 16:46:42;1779461202;1450;19,2;100;56;13,7;3,0;3588
398327;2026-05-22 16:46:42;1779461202;1350;18,6;100;56;13,7;3,0;3595
398946;2026-05-22 16:46:43;1779461203;1350;17,2;100;56;13,7;3,0;3601
399480;2026-05-22 16:46:43;1779461203;1200;16,6;100;56;13,7;3,0;3607
400014;2026-05-22 16:46:44;1779461204;1150;16,0;100;56;13,7;3,0;3612
400706;2026-05-22 16:46:44;1779461204;1350;16,0;100;56;13,7;2,9;3619
401238;2026-05-22 16:46:45;1779461205;2150;28,6;84;56;13,7;2,9;3628
401774;2026-05-22 16:46:46;1779461206;2200;28,4;86;56;13,7;2,9;3637
402425;2026-05-22 16:46:46;1779461206;2250;28,4;86;56;13,7;3,0;3649
402962;2026-05-22 16:46:47;1779461207;2250;28,4;86;56;13,7;2,9;3659
403499;2026-05-22 16:46:47;1779461207;2250;28,8;84;56;13,7;2,9;3668
404146;2026-05-22 16:46:48;1779461208;2250;29,2;84;56;13,7;3,0;3681
404681;2026-05-22 16:46:48;1779461208;2300;29,2;84;56;13,7;3,0;3690
405216;2026-05-22 16:46:49;1779461209;2300;29,2;84;56;13,7;3,0;3701
405827;2026-05-22 16:46:50;1779461210;2300;29,2;84;56;13,7;3,0;3712
406363;2026-05-22 16:46:50;1779461210;2300;29,4;84;56;13,7;3,0;3721
406894;2026-05-22 16:46:51;1779461211;2300;29,4;84;56;13,7;3,0;3731
407586;2026-05-22 16:46:51;1779461211;2250;27,0;100;56;13,7;2,9;3745
408118;2026-05-22 16:46:52;1779461212;1500;20,6;100;56;13,7;2,9;3751
408653;2026-05-22 16:46:52;1779461212;1550;21,2;100;56;13,7;3,0;3758
409306;2026-05-22 16:46:53;1779461213;1550;21,2;100;56;13,9;3,0;3766
409838;2026-05-22 16:46:54;1779461214;1500;20,6;100;56;13,9;3,0;3772
410374;2026-05-22 16:46:54;1779461214;1400;19,2;100;56;13,9;3,0;3778
411025;2026-05-22 16:46:55;1779461215;1350;18,6;100;56;13,7;3,0;3786
411556;2026-05-22 16:46:55;1779461215;1250;17,2;100;56;13,7;3,0;3791
412089;2026-05-22 16:46:56;1779461216;1200;16,0;100;56;13,7;3,0;3796
412705;2026-05-22 16:46:56;1779461216;1100;15,2;100;56;13,7;3,0;3802
413234;2026-05-22 16:46:57;1779461217;1050;14,6;100;56;13,7;3,0;3806
413768;2026-05-22 16:46:58;1779461218;1050;14,0;100;56;13,7;3,0;3810
414466;2026-05-22 16:46:58;1779461218;1000;13,4;100;56;13,7;3,0;3816
414999;2026-05-22 16:46:59;1779461219;950;13,4;100;56;13,7;3,0;3820
415529;2026-05-22 16:46:59;1779461219;950;12,8;100;56;13,9;3,0;3824
416185;2026-05-22 16:47:00;1779461220;950;13,4;100;56;13,9;3,0;3828
416728;2026-05-22 16:47:00;1779461220;950;12,8;100;56;13,9;3,0;3832
417256;2026-05-22 16:47:01;1779461221;950;12,2;100;56;13,9;3,0;3836
417906;2026-05-22 16:47:02;1779461222;950;12,8;100;56;13,9;3,0;3841
418434;2026-05-22 16:47:02;1779461222;900;12,8;100;56;13,9;3,0;3845
418966;2026-05-22 16:47:03;1779461223;900;12,8;100;56;13,9;3,0;3849
419586;2026-05-22 16:47:03;1779461223;950;12,8;100;56;13,9;3,0;3853
420124;2026-05-22 16:47:04;1779461224;950;12,8;100;56;13,9;3,0;3857
420655;2026-05-22 16:47:04;1779461224;900;12,8;100;56;13,9;3,0;3861
421306;2026-05-22 16:47:05;1779461225;1550;15,2;68;56;14,1;3,0;3867
421838;2026-05-22 16:47:06;1779461226;2000;27,8;84;56;14,1;3,0;3876
422371;2026-05-22 16:47:06;1779461226;2050;28,0;84;56;13,9;3,0;3885
422986;2026-05-22 16:47:07;1779461227;2150;28,6;83;56;13,9;3,0;3895
423526;2026-05-22 16:47:07;1779461227;2200;29,0;89;56;13,9;3,0;3905
424057;2026-05-22 16:47:08;1779461228;2550;30,0;91;56;13,9;3,0;3916
424706;2026-05-22 16:47:08;1779461228;2950;30,0;91;56;13,7;3,0;3930
425239;2026-05-22 16:47:09;1779461229;3200;30,0;92;56;13,7;3,0;3945
425775;2026-05-22 16:47:10;1779461230;3450;30,0;91;56;13,7;2,9;3960
426466;2026-05-22 16:47:10;1779461230;2900;30,0;91;56;13,7;2,9;3977
427015;2026-05-22 16:47:11;1779461231;2950;30,0;91;56;13,7;3,0;3991
427549;2026-05-22 16:47:11;1779461231;3050;30,0;91;56;13,7;3,0;4003
428143;2026-05-22 16:47:12;1779461232;3100;30,0;91;56;13,7;3,0;4018
428679;2026-05-22 16:47:12;1779461232;3200;30,0;92;56;13,7;3,0;4031
429211;2026-05-22 16:47:13;1779461233;3200;30,0;92;56;13,7;3,0;4046
429746;2026-05-22 16:47:14;1779461234;3300;30,0;92;56;13,7;3,0;4061
430294;2026-05-22 16:47:14;1779461234;3400;30,0;92;56;13,7;3,0;4076
430827;2026-05-22 16:47:15;1779461235;3550;30,0;91;56;13,7;2,9;4091
431427;2026-05-22 16:47:15;1779461235;3550;30,0;92;56;13,9;2,9;4108
431964;2026-05-22 16:47:16;1779461236;3700;30,0;100;56;13,9;2,9;4122
432498;2026-05-22 16:47:16;1779461236;3800;30,0;100;56;13,9;2,9;4139
433384;2026-05-22 16:47:17;1779461237;3800;30,0;100;56;13,9;2,9;4158
433928;2026-05-22 16:47:18;1779461238;3900;30,0;100;56;13,9;2,9;4164
434465;2026-05-22 16:47:18;1779461238;3950;30,0;91;56;13,9;2,9;4197
435025;2026-05-22 16:47:19;1779461239;3850;30,0;91;56;13,9;2,9;4207
435558;2026-05-22 16:47:19;1779461239;3050;30,0;91;56;13,9;2,9;4213
436095;2026-05-22 16:47:20;1779461240;2950;30,0;91;56;13,7;3,0;4238
436703;2026-05-22 16:47:20;1779461240;3000;30,0;89;56;13,7;3,0;4251
437245;2026-05-22 16:47:21;1779461241;3000;30,0;89;56;13,7;3,0;4265
437777;2026-05-22 16:47:22;1779461242;3050;30,0;91;56;13,7;3,0;4279
438383;2026-05-22 16:47:22;1779461242;3050;30,0;89;56;13,7;3,0;4293
438920;2026-05-22 16:47:23;1779461243;3050;30,0;89;56;13,7;3,0;4307
439453;2026-05-22 16:47:23;1779461243;3100;30,0;89;56;13,7;3,0;4321
440063;2026-05-22 16:47:24;1779461244;3100;30,0;89;57;13,7;3,0;4336
440609;2026-05-22 16:47:24;1779461244;3100;30,0;89;57;13,7;3,0;4350
441145;2026-05-22 16:47:25;1779461245;3100;30,0;89;57;13,7;3,0;4363
441745;2026-05-22 16:47:26;1779461246;3150;30,0;88;57;13,7;3,0;4379
442279;2026-05-22 16:47:26;1779461246;3150;30,0;88;57;13,7;3,0;4392
442815;2026-05-22 16:47:27;1779461247;3200;30,0;89;57;13,7;3,0;4407
443346;2026-05-22 16:47:27;1779461247;3150;30,0;89;57;13,7;3,0;4420
443894;2026-05-22 16:47:28;1779461248;3100;31,0;81;57;13,7;3,0;4434
444426;2026-05-22 16:47:28;1779461248;2900;37,4;100;57;13,7;3,0;4446
445065;2026-05-22 16:47:29;1779461249;2600;30,0;100;57;13,7;3,0;4461
445604;2026-05-22 16:47:29;1779461249;2550;30,0;100;57;13,7;3,0;4472
446141;2026-05-22 16:47:30;1779461250;2550;30,0;100;57;13,7;3,0;4483
446746;2026-05-22 16:47:31;1779461251;2500;30,0;100;57;13,7;3,0;4496
447287;2026-05-22 16:47:31;1779461251;2500;30,0;100;57;13,9;3,0;4507
447822;2026-05-22 16:47:32;1779461252;2450;29,4;100;57;13,9;3,0;4517
448506;2026-05-22 16:47:32;1779461252;2400;29,0;100;57;13,9;3,0;4531
449039;2026-05-22 16:47:33;1779461253;2350;29,0;100;57;13,9;3,0;4541
449576;2026-05-22 16:47:33;1779461253;2500;38,2;43;57;13,9;3,0;4551
450225;2026-05-22 16:47:34;1779461254;2550;33,4;68;57;13,9;3,0;4565
450758;2026-05-22 16:47:35;1779461255;2600;33,4;68;57;13,9;3,0;4576
451296;2026-05-22 16:47:35;1779461255;2600;33,4;68;57;13,7;3,0;4587
451945;2026-05-22 16:47:36;1779461256;2650;31,4;78;57;13,7;3,0;4602
452482;2026-05-22 16:47:36;1779461256;2650;31,4;78;57;13,7;3,0;4613
453013;2026-05-22 16:47:37;1779461257;2650;31,4;78;57;13,7;3,0;4625
453625;2026-05-22 16:47:37;1779461257;2650;31,4;78;57;13,7;3,0;4638
454158;2026-05-22 16:47:38;1779461258;2650;31,4;78;57;13,7;3,0;4649
454695;2026-05-22 16:47:38;1779461258;2650;31,4;78;57;13,7;3,0;4660
455345;2026-05-22 16:47:39;1779461259;2650;31,4;78;57;13,7;3,0;4675
455876;2026-05-22 16:47:40;1779461260;2650;31,4;78;57;13,7;3,0;4686
456412;2026-05-22 16:47:40;1779461260;2650;31,4;78;57;13,7;3,0;4698
456985;2026-05-22 16:47:41;1779461261;2650;31,4;78;57;13,7;3,0;4710
457529;2026-05-22 16:47:41;1779461261;2650;31,4;78;57;13,7;3,0;4723
458058;2026-05-22 16:47:42;1779461262;2650;31,4;78;57;13,7;3,0;4734
458592;2026-05-22 16:47:42;1779461262;2700;31,4;78;57;13,7;3,0;4745
459175;2026-05-22 16:47:43;1779461263;2700;31,4;78;57;13,7;3,0;4758
459707;2026-05-22 16:47:43;1779461263;2700;31,4;78;57;13,7;3,0;4770
460239;2026-05-22 16:47:44;1779461264;2700;31,4;77;57;13,7;3,0;4781
460742;2026-05-22 16:47:45;1779461265;2700;31,6;77;57;13,7;3,0;4793
461275;2026-05-22 16:47:45;1779461265;2700;31,6;77;57;13,7;3,0;4804
461805;2026-05-22 16:47:46;1779461266;2750;31,6;76;57;13,7;3,0;4815
462383;2026-05-22 16:47:46;1779461266;2700;31,8;76;57;13,7;3,0;4829
462917;2026-05-22 16:47:47;1779461267;2750;31,8;76;57;13,7;3,0;4841
463451;2026-05-22 16:47:47;1779461267;2800;31,8;76;57;13,7;3,0;4852
464145;2026-05-22 16:47:48;1779461268;2250;28,8;100;57;13,9;3,0;4866
464686;2026-05-22 16:47:48;1779461268;2300;28,8;100;57;13,9;3,0;4876
465224;2026-05-22 16:47:49;1779461269;2250;28,8;100;57;13,9;3,0;4887
465826;2026-05-22 16:47:50;1779461270;2300;28,8;100;57;13,9;3,0;4898
466360;2026-05-22 16:47:50;1779461270;2300;28,8;100;57;13,9;3,0;4907
466898;2026-05-22 16:47:51;1779461271;2300;28,8;100;57;13,9;3,0;4917
467505;2026-05-22 16:47:51;1779461271;2250;28,4;100;57;13,9;3,0;4929
468041;2026-05-22 16:47:52;1779461272;2250;28,4;100;57;13,9;3,0;4938
468575;2026-05-22 16:47:52;1779461272;2250;28,4;100;57;13,9;3,0;4948
469184;2026-05-22 16:47:53;1779461273;2200;28,2;100;57;13,9;3,0;4959
469721;2026-05-22 16:47:53;1779461273;2200;28,2;100;57;13,9;3,0;4969
470253;2026-05-22 16:47:54;1779461274;2150;28,0;100;57;13,9;3,0;4979
470785;2026-05-22 16:47:55;1779461275;2150;28,0;100;57;13,9;3,0;4987
471318;2026-05-22 16:47:55;1779461275;2100;28,0;100;57;13,9;3,0;4996
471852;2026-05-22 16:47:56;1779461276;2100;28,0;100;57;13,9;3,0;5006
472505;2026-05-22 16:47:56;1779461276;2150;28,0;100;57;13,9;3,0;5017
473039;2026-05-22 16:47:57;1779461277;2250;28,6;75;57;13,9;3,0;5027
473572;2026-05-22 16:47:57;1779461277;2500;31,0;81;57;13,9;3,0;5038
474186;2026-05-22 16:47:58;1779461278;2650;30,4;84;57;13,7;3,0;5050
474723;2026-05-22 16:47:58;1779461278;2650;30,4;84;57;13,7;3,0;5062
475256;2026-05-22 16:47:59;1779461279;2700;30,4;84;57;13,7;3,0;5074
475906;2026-05-22 16:48:00;1779461280;2750;30,6;83;57;13,7;3,0;5088
476438;2026-05-22 16:48:00;1779461280;2800;30,6;83;57;13,7;3,0;5100
476973;2026-05-22 16:48:01;1779461281;2800;30,6;83;57;13,7;3,0;5113
477587;2026-05-22 16:48:01;1779461281;2800;30,6;83;57;13,7;3,0;5127
478121;2026-05-22 16:48:02;1779461282;2850;30,6;83;57;13,7;3,0;5138
478655;2026-05-22 16:48:02;1779461282;2850;30,6;83;57;13,7;3,0;5151
479265;2026-05-22 16:48:03;1779461283;2850;30,6;83;57;13,7;3,0;5165
479801;2026-05-22 16:48:04;1779461284;2900;30,6;81;57;13,7;3,0;5178
480335;2026-05-22 16:48:04;1779461284;2900;30,6;81;57;13,7;3,0;5191
480946;2026-05-22 16:48:05;1779461285;2900;31,0;81;57;13,7;3,0;5205
481475;2026-05-22 16:48:05;1779461285;2900;31,0;81;57;13,7;3,0;5217
482012;2026-05-22 16:48:06;1779461286;2950;31,0;81;57;13,7;3,0;5230
482666;2026-05-22 16:48:06;1779461286;2950;31,0;81;57;13,7;3,0;5246
483204;2026-05-22 16:48:07;1779461287;2950;31,0;81;57;13,7;3,0;5258
483735;2026-05-22 16:48:08;1779461288;2950;31,0;81;57;13,7;3,0;5272
484386;2026-05-22 16:48:08;1779461288;2950;31,0;81;57;13,7;3,0;5287
484922;2026-05-22 16:48:09;1779461289;2950;31,0;81;57;13,7;3,0;5299
485456;2026-05-22 16:48:09;1779461289;2950;31,0;81;57;13,7;3,0;5313
486106;2026-05-22 16:48:10;1779461290;2950;31,0;81;57;13,7;3,0;5328
486642;2026-05-22 16:48:10;1779461290;2950;31,0;81;57;13,7;3,0;5341
487175;2026-05-22 16:48:11;1779461291;2950;31,0;81;57;13,7;3,0;5354
487787;2026-05-22 16:48:12;1779461292;2950;31,0;81;57;13,7;3,0;5368
488320;2026-05-22 16:48:12;1779461292;2950;31,0;81;57;13,7;3,0;5381
488853;2026-05-22 16:48:13;1779461293;2950;31,0;81;57;13,7;3,0;5394
489466;2026-05-22 16:48:13;1779461293;2950;31,0;81;57;13,7;3,0;5408
490001;2026-05-22 16:48:14;1779461294;2950;31,0;81;57;13,7;3,0;5421
490533;2026-05-22 16:48:14;1779461294;2950;31,0;81;57;13,7;3,0;5435
491186;2026-05-22 16:48:15;1779461295;2900;31,0;81;57;13,7;3,0;5449
491719;2026-05-22 16:48:15;1779461295;2950;31,0;81;57;13,7;3,0;5462
492251;2026-05-22 16:48:16;1779461296;2950;31,0;81;57;13,7;3,0;5476
492867;2026-05-22 16:48:17;1779461297;2950;31,0;81;57;13,7;3,0;5489
493401;2026-05-22 16:48:17;1779461297;2900;31,0;81;57;13,7;3,0;5503
493935;2026-05-22 16:48:18;1779461298;2950;31,0;81;57;13,7;3,0;5516
494585;2026-05-22 16:48:18;1779461298;2900;35,0;100;57;13,7;3,0;5530
495122;2026-05-22 16:48:19;1779461299;2500;30,0;100;57;13,7;2,9;5541
495657;2026-05-22 16:48:19;1779461299;2450;30,0;100;57;13,9;2,9;5553
496266;2026-05-22 16:48:20;1779461300;2450;29,6;100;57;13,9;3,0;5564
496801;2026-05-22 16:48:21;1779461301;2400;29,6;100;57;13,9;3,0;5575
497335;2026-05-22 16:48:21;1779461301;2350;29,0;100;57;13,9;3,0;5586
498025;2026-05-22 16:48:22;1779461302;2250;28,4;100;57;13,9;2,9;5598
498561;2026-05-22 16:48:22;1779461302;2150;28,0;100;57;13,7;2,9;5608
499097;2026-05-22 16:48:23;1779461303;2100;27,6;100;57;13,7;2,9;5617
499745;2026-05-22 16:48:24;1779461304;1900;26,8;100;57;13,7;2,9;5627
500282;2026-05-22 16:48:24;1779461304;1800;26,2;100;57;13,7;2,9;5635
500814;2026-05-22 16:48:25;1779461305;1700;24,0;100;57;13,7;2,9;5643
501506;2026-05-22 16:48:25;1779461305;1600;21,2;100;57;13,7;2,9;5652
502040;2026-05-22 16:48:26;1779461306;1500;21,2;100;57;13,7;2,9;5659
502570;2026-05-22 16:48:26;1779461306;1450;19,2;100;57;13,7;2,9;5664
503305;2026-05-22 16:48:27;1779461307;1300;17,2;100;57;13,7;2,9;5672
503837;2026-05-22 16:48:28;1779461308;1250;16,6;100;57;13,7;2,9;5678
504368;2026-05-22 16:48:28;1779461308;1200;16,0;100;57;13,9;2,9;5682
504907;2026-05-22 16:48:29;1779461309;1150;15,2;100;57;13,9;2,9;5688
505438;2026-05-22 16:48:29;1779461309;1100;15,2;100;57;13,9;2,9;5692
505968;2026-05-22 16:48:30;1779461310;1100;14,6;100;57;13,9;2,9;5697
506706;2026-05-22 16:48:30;1779461310;1050;14,6;100;57;14,1;3,0;5703
507240;2026-05-22 16:48:31;1779461311;1050;14,6;100;57;14,1;3,0;5708
507775;2026-05-22 16:48:32;1779461312;1050;14,6;100;57;14,1;3,0;5712
508306;2026-05-22 16:48:32;1779461312;1150;22,0;81;57;14,1;3,0;5718
508838;2026-05-22 16:48:33;1779461313;1950;27,8;81;57;13,9;3,0;5726
509373;2026-05-22 16:48:33;1779461313;2000;28,0;81;57;13,9;3,0;5735
510026;2026-05-22 16:48:34;1779461314;2000;28,4;81;57;13,9;3,0;5745
510559;2026-05-22 16:48:34;1779461314;2000;28,8;68;57;13,9;3,0;5754
511092;2026-05-22 16:48:35;1779461315;1600;20,6;100;57;13,9;3,0;5761
511785;2026-05-22 16:48:36;1779461316;1150;16,0;100;57;13,7;3,0;5768
512315;2026-05-22 16:48:36;1779461316;1150;16,6;100;57;13,7;3,0;5773
512850;2026-05-22 16:48:37;1779461317;1150;16,6;100;57;13,7;2,9;5778
513465;2026-05-22 16:48:37;1779461317;1200;16,6;100;57;13,9;2,9;5784
513998;2026-05-22 16:48:38;1779461318;1200;16,0;100;57;13,9;2,9;5789
514540;2026-05-22 16:48:38;1779461318;1150;16,0;100;57;13,9;2,9;5793
515265;2026-05-22 16:48:39;1779461319;1100;15,2;100;57;13,9;3,0;5800
515798;2026-05-22 16:48:40;1779461320;1100;15,2;100;57;13,9;3,0;5804
516327;2026-05-22 16:48:40;1779461320;1100;15,2;100;57;13,9;3,0;5809
516904;2026-05-22 16:48:41;1779461321;1050;14,6;100;57;13,9;3,0;5815
517434;2026-05-22 16:48:41;1779461321;1100;15,2;100;57;13,9;3,0;5819
517972;2026-05-22 16:48:42;1779461322;1100;16,6;100;57;13,9;3,0;5824
518546;2026-05-22 16:48:42;1779461322;1350;18,6;72;58;13,9;3,0;5830
519078;2026-05-22 16:48:43;1779461323;1800;28,0;76;58;13,9;2,9;5838
519610;2026-05-22 16:48:43;1779461323;1900;28,2;76;58;13,9;2,9;5847
520147;2026-05-22 16:48:44;1779461324;1900;28,2;76;58;13,9;2,9;5855
520660;2026-05-22 16:48:44;1779461324;1900;28,2;76;58;13,7;2,9;5863
521192;2026-05-22 16:48:45;1779461325;1900;28,6;76;58;13,7;2,9;5871
521736;2026-05-22 16:48:46;1779461326;2250;28,8;88;58;13,7;3,0;5880
522262;2026-05-22 16:48:46;1779461326;2150;28,2;89;58;13,7;3,0;5890
522796;2026-05-22 16:48:47;1779461327;2350;29,0;88;58;13,7;2,9;5899
523328;2026-05-22 16:48:47;1779461327;2350;29,6;88;58;13,9;2,9;5911
523942;2026-05-22 16:48:48;1779461328;2400;29,6;88;58;13,7;3,0;5923
524475;2026-05-22 16:48:48;1779461328;2450;30,0;88;58;13,7;3,0;5932
525022;2026-05-22 16:48:49;1779461329;2450;30,0;88;58;13,7;2,9;5944
525545;2026-05-22 16:48:49;1779461329;2450;30,0;88;58;13,7;2,9;5954
526082;2026-05-22 16:48:50;1779461330;2500;30,0;88;58;13,7;3,0;5965
526619;2026-05-22 16:48:50;1779461330;2500;30,0;88;58;13,7;3,0;5976
527266;2026-05-22 16:48:51;1779461331;2500;30,0;88;58;13,7;2,9;5990
527800;2026-05-22 16:48:52;1779461332;2550;30,0;88;58;13,7;3,0;6000
528340;2026-05-22 16:48:52;1779461332;2550;30,0;88;58;13,7;3,0;6011
528948;2026-05-22 16:48:53;1779461333;2600;30,0;88;58;13,7;3,0;6024
529483;2026-05-22 16:48:53;1779461333;2600;30,0;88;58;13,7;3,0;6036
530019;2026-05-22 16:48:54;1779461334;2600;30,0;88;58;13,7;2,9;6047
530625;2026-05-22 16:48:54;1779461334;2600;30,0;88;58;13,7;2,9;6059
531160;2026-05-22 16:48:55;1779461335;2650;30,0;88;58;13,7;2,9;6071
531692;2026-05-22 16:48:55;1779461335;2650;30,0;88;58;13,7;3,0;6083
532305;2026-05-22 16:48:56;1779461336;2650;30,0;88;58;13,7;3,0;6096
532843;2026-05-22 16:48:57;1779461337;2700;30,0;88;58;13,7;3,0;6107
533375;2026-05-22 16:48:57;1779461337;2700;30,0;88;58;13,7;3,0;6119
533985;2026-05-22 16:48:58;1779461338;2750;30,0;88;58;13,7;3,0;6133
534518;2026-05-22 16:48:58;1779461338;2700;30,0;88;58;13,7;3,0;6145
535065;2026-05-22 16:48:59;1779461339;2750;30,0;88;58;13,7;3,0;6158
535666;2026-05-22 16:48:59;1779461339;2800;30,0;88;58;13,7;3,0;6171
536199;2026-05-22 16:49:00;1779461340;2800;30,0;88;58;13,7;3,0;6183
536736;2026-05-22 16:49:01;1779461341;2800;30,0;88;58;13,7;3,0;6195
537385;2026-05-22 16:49:01;1779461341;2800;30,0;88;58;13,7;3,0;6210
537919;2026-05-22 16:49:02;1779461342;2850;30,0;88;58;13,7;3,0;6222
538459;2026-05-22 16:49:02;1779461342;2850;30,0;88;58;13,7;3,0;6235
539067;2026-05-22 16:49:03;1779461343;2850;30,0;88;58;13,7;3,0;6248
539603;2026-05-22 16:49:03;1779461343;2900;30,0;86;58;13,7;3,0;6262
540137;2026-05-22 16:49:04;1779461344;2900;30,0;86;58;13,7;3,0;6275
540746;2026-05-22 16:49:05;1779461345;2950;30,0;86;58;13,7;3,0;6288
541282;2026-05-22 16:49:05;1779461345;2950;30,0;86;58;13,7;3,0;6302
541816;2026-05-22 16:49:06;1779461346;2950;30,0;86;58;13,7;3,0;6314
542426;2026-05-22 16:49:06;1779461346;2950;30,0;86;58;13,7;3,0;6329
542961;2026-05-22 16:49:07;1779461347;3000;30,0;86;58;13,7;3,0;6341
543497;2026-05-22 16:49:07;1779461347;2950;30,4;84;58;13,7;3,0;6355
544105;2026-05-22 16:49:08;1779461348;3000;30,4;84;58;13,7;3,0;6370
544639;2026-05-22 16:49:08;1779461348;2850;33,8;65;58;13,7;3,0;6383
545173;2026-05-22 16:49:09;1779461349;2850;35,0;61;58;13,7;3,0;6396
545786;2026-05-22 16:49:10;1779461350;2800;35,0;61;58;13,7;3,0;6410
546317;2026-05-22 16:49:10;1779461350;2800;37,4;51;58;13,7;3,0;6422
546854;2026-05-22 16:49:11;1779461351;2800;38,0;51;58;13,7;3,0;6433
547506;2026-05-22 16:49:11;1779461351;2800;38,2;49;58;13,7;3,0;6449
548040;2026-05-22 16:49:12;1779461352;2800;38,2;49;58;13,7;3,0;6461
548579;2026-05-22 16:49:12;1779461352;2750;38,2;49;58;13,7;3,0;6473
549187;2026-05-22 16:49:13;1779461353;2800;38,2;49;58;13,7;3,0;6486
549720;2026-05-22 16:49:13;1779461353;2750;38,2;49;58;13,7;3,0;6499
550255;2026-05-22 16:49:14;1779461354;2500;30,0;100;58;13,7;3,0;6511
550865;2026-05-22 16:49:15;1779461355;2500;30,0;100;58;13,9;2,9;6522
551400;2026-05-22 16:49:15;1779461355;2500;30,0;100;58;13,9;2,9;6534
551934;2026-05-22 16:49:16;1779461356;2450;29,6;100;58;13,9;3,0;6544
552545;2026-05-22 16:49:16;1779461356;2400;29,6;100;58;13,9;3,0;6557
553082;2026-05-22 16:49:17;1779461357;2400;29,0;100;58;13,9;3,0;6566
553616;2026-05-22 16:49:17;1779461357;2350;29,0;100;58;13,9;3,0;6576
554266;2026-05-22 16:49:18;1779461358;2300;28,8;100;58;13,9;2,9;6590
554799;2026-05-22 16:49:19;1779461359;2250;28,4;100;58;13,9;2,9;6599
555333;2026-05-22 16:49:19;1779461359;2200;28,2;100;58;13,9;2,9;6609
555945;2026-05-22 16:49:20;1779461360;2100;28,0;100;58;13,9;3,0;6619
556479;2026-05-22 16:49:20;1779461360;2100;27,6;100;58;13,9;3,0;6629
557013;2026-05-22 16:49:21;1779461361;2000;27,0;100;59;13,9;2,9;6638
557665;2026-05-22 16:49:21;1779461361;1900;26,4;100;59;13,7;2,9;6648
558197;2026-05-22 16:49:22;1779461362;1800;26,2;100;59;13,7;2,9;6655
558735;2026-05-22 16:49:23;1779461363;1700;24,0;100;59;13,7;2,9;6664
559347;2026-05-22 16:49:23;1779461363;1600;22,0;100;59;13,7;2,9;6672
559880;2026-05-22 16:49:24;1779461364;1500;21,2;100;59;13,7;2,9;6679
560415;2026-05-22 16:49:24;1779461364;1450;19,2;100;59;13,7;2,9;6684
561025;2026-05-22 16:49:25;1779461365;1300;18,0;100;59;13,7;2,9;6691
561556;2026-05-22 16:49:25;1779461365;1200;16,0;100;59;13,7;2,9;6696
562088;2026-05-22 16:49:26;1779461366;1150;14,6;100;59;13,7;3,0;6701
562706;2026-05-22 16:49:26;1779461366;1050;14,0;100;59;13,9;3,0;6706
563241;2026-05-22 16:49:27;1779461367;1000;13,4;100;59;13,9;3,0;6710
563772;2026-05-22 16:49:28;1779461368;1000;13,4;100;59;13,9;3,0;6714
564384;2026-05-22 16:49:28;1779461368;950;13,4;100;59;13,9;3,0;6719
564915;2026-05-22 16:49:29;1779461369;950;13,4;100;59;13,9;3,0;6723
565445;2026-05-22 16:49:29;1779461369;1050;14,0;100;59;13,9;3,0;6727
566064;2026-05-22 16:49:30;1779461370;1000;13,4;100;59;13,9;3,0;6732
566593;2026-05-22 16:49:30;1779461370;950;13,4;100;59;13,9;3,0;6736
567125;2026-05-22 16:49:31;1779461371;950;13,4;100;59;13,9;3,0;6740
567746;2026-05-22 16:49:32;1779461372;950;13,4;100;59;13,9;3,0;6745
568274;2026-05-22 16:49:32;1779461372;950;13,4;100;59;13,9;3,0;6749
568809;2026-05-22 16:49:33;1779461373;950;13,4;100;59;13,9;3,0;6753
569386;2026-05-22 16:49:33;1779461373;950;13,4;100;59;13,9;3,0;6757
569914;2026-05-22 16:49:34;1779461374;950;13,4;100;59;13,9;3,0;6761
570444;2026-05-22 16:49:34;1779461374;950;13,4;100;59;13,9;3,0;6765
570975;2026-05-22 16:49:35;1779461375;950;13,4;100;59;13,9;3,0;6769
571496;2026-05-22 16:49:35;1779461375;950;13,4;100;59;13,9;3,0;6773
572025;2026-05-22 16:49:36;1779461376;950;13,4;100;59;13,9;3,0;6777
572558;2026-05-22 16:49:36;1779461376;950;13,4;100;59;13,9;3,0;6781
573100;2026-05-22 16:49:37;1779461377;950;13,4;100;59;13,9;3,0;6785
573629;2026-05-22 16:49:37;1779461377;950;13,4;100;59;13,9;3,0;6789
574160;2026-05-22 16:49:38;1779461378;950;13,4;100;59;13,9;3,0;6793
574705;2026-05-22 16:49:38;1779461378;950;13,4;100;59;13,9;3,0;6797
575243;2026-05-22 16:49:39;1779461379;950;13,4;100;59;13,9;3,0;6801
575778;2026-05-22 16:49:40;1779461380;950;13,4;100;59;13,9;3,0;6805
576425;2026-05-22 16:49:40;1779461380;950;13,4;100;59;13,9;3,0;6810
576957;2026-05-22 16:49:41;1779461381;950;13,4;100;59;13,9;3,0;6814
577488;2026-05-22 16:49:41;1779461381;950;13,4;100;59;13,9;3,0;6818
578145;2026-05-22 16:49:42;1779461382;950;13,4;100;59;13,9;3,0;6823
578680;2026-05-22 16:49:42;1779461382;950;13,4;100;59;13,9;3,0;6827
579208;2026-05-22 16:49:43;1779461383;950;13,4;100;59;13,9;3,0;6831
579825;2026-05-22 16:49:44;1779461384;950;13,4;100;59;13,9;3,0;6835
580357;2026-05-22 16:49:44;1779461384;950;13,4;100;59;13,9;3,0;6840
580887;2026-05-22 16:49:45;1779461385;950;13,4;100;59;14,1;3,0;6844
581466;2026-05-22 16:49:45;1779461385;950;14,0;100;59;14,1;3,0;6848
581998;2026-05-22 16:49:46;1779461386;1200;17,2;75;59;14,1;3,0;6853
582533;2026-05-22 16:49:46;1779461386;1400;18,0;61;59;14,1;3,0;6859
583146;2026-05-22 16:49:47;1779461387;1850;25,4;81;59;13,9;3,0;6867
583678;2026-05-22 16:49:47;1779461387;2000;27,6;83;59;13,9;3,0;6875
584212;2026-05-22 16:49:48;1779461388;2050;28,6;81;59;13,9;3,0;6885
584827;2026-05-22 16:49:49;1779461389;2150;29,8;78;59;13,9;3,0;6896
585372;2026-05-22 16:49:49;1779461389;1950;32,0;68;59;13,9;3,0;6905
585906;2026-05-22 16:49:50;1779461390;1850;26,2;100;59;13,9;3,0;6913
586547;2026-05-22 16:49:50;1779461390;1800;26,2;100;59;13,9;3,0;6922
587081;2026-05-22 16:49:51;1779461391;1800;26,0;100;59;13,9;3,0;6929
587616;2026-05-22 16:49:51;1779461391;1850;26,2;100;59;13,9;3,0;6937
588225;2026-05-22 16:49:52;1779461392;1850;26,2;100;59;13,9;3,0;6947
588761;2026-05-22 16:49:53;1779461393;1700;26,2;100;59;13,9;3,0;6955
589294;2026-05-22 16:49:53;1779461393;1350;18,6;100;59;13,9;3,0;6961
589985;2026-05-22 16:49:54;1779461394;1350;18,6;100;59;14,1;3,0;6968
590517;2026-05-22 16:49:54;1779461394;1350;19,2;100;59;14,1;3,0;6974
591053;2026-05-22 16:49:55;1779461395;1600;28,6;61;59;14,1;3,0;6981
591705;2026-05-22 16:49:55;1779461395;1900;27,0;72;59;13,9;3,0;6992
592238;2026-05-22 16:49:56;1779461396;2000;28,0;83;59;13,9;3,0;7000
592777;2026-05-22 16:49:57;1779461397;2050;28,0;83;59;13,9;3,0;7008
593425;2026-05-22 16:49:57;1779461397;2050;28,0;83;59;13,9;3,0;7020
593962;2026-05-22 16:49:58;1779461398;2050;31,2;81;59;13,9;3,0;7028
594494;2026-05-22 16:49:58;1779461398;1200;18,6;100;59;13,9;3,0;7035
595144;2026-05-22 16:49:59;1779461399;1300;18,0;100;59;13,9;3,0;7041
595687;2026-05-22 16:49:59;1779461399;1300;18,0;100;59;14,1;3,0;7047
596220;2026-05-22 16:50:00;1779461400;1300;18,0;100;59;14,1;3,0;7053
596864;2026-05-22 16:50:01;1779461401;1250;17,2;100;59;14,1;3,0;7059
597398;2026-05-22 16:50:01;1779461401;1150;16,6;100;59;13,7;3,0;7063
597929;2026-05-22 16:50:02;1779461402;1100;14,6;100;59;13,7;3,0;7068
598545;2026-05-22 16:50:02;1779461402;1050;14,0;100;59;13,7;3,0;7074
599084;2026-05-22 16:50:03;1779461403;1000;13,4;100;59;13,7;3,0;7078
599615;2026-05-22 16:50:03;1779461403;950;12,8;100;59;13,7;3,0;7081
600304;2026-05-22 16:50:04;1779461404;1000;14,0;100;59;13,9;3,0;7087
600837;2026-05-22 16:50:05;1779461405;950;14,0;100;59;13,9;3,0;7091
601371;2026-05-22 16:50:05;1779461405;950;13,4;100;59;13,9;3,0;7095
602025;2026-05-22 16:50:06;1779461406;950;13,4;100;59;13,9;3,0;7100
602554;2026-05-22 16:50:06;1779461406;950;13,4;100;59;13,9;3,0;7104
603087;2026-05-22 16:50:07;1779461407;950;13,4;100;59;13,9;3,0;7108
603745;2026-05-22 16:50:08;1779461408;950;13,4;100;60;13,9;3,0;7113
604275;2026-05-22 16:50:08;1779461408;950;13,4;100;60;13,9;3,0;7116
604807;2026-05-22 16:50:09;1779461409;950;13,4;100;60;13,9;3,0;7121
605464;2026-05-22 16:50:09;1779461409;950;12,8;100;60;13,9;3,0;7125
606004;2026-05-22 16:50:10;1779461410;950;13,4;100;60;13,9;3,0;7129
606534;2026-05-22 16:50:10;1779461410;950;13,4;100;60;13,9;3,0;7134
607185;2026-05-22 16:50:11;1779461411;1100;14,0;100;60;13,9;3,0;7139
607719;2026-05-22 16:50:11;1779461411;1350;19,2;68;60;14,1;3,0;7145
608251;2026-05-22 16:50:12;1779461412;1800;27,2;81;60;14,1;3,0;7153
608866;2026-05-22 16:50:13;1779461413;1950;27,8;81;60;13,9;3,0;7162
609404;2026-05-22 16:50:13;1779461413;1800;30,4;59;60;13,9;3,0;7170
609935;2026-05-22 16:50:14;1779461414;1550;21,2;100;60;13,9;3,0;7177
610625;2026-05-22 16:50:14;1779461414;1500;20,6;100;60;13,9;3,0;7185
611156;2026-05-22 16:50:15;1779461415;1550;24,6;100;60;13,9;3,0;7192
611690;2026-05-22 16:50:15;1779461415;1750;30,2;56;60;13,9;3,0;7199
612345;2026-05-22 16:50:16;1779461416;1850;31,2;61;60;13,9;3,0;7209
612877;2026-05-22 16:50:17;1779461417;2050;30,2;72;60;13,9;3,0;7217
613415;2026-05-22 16:50:17;1779461417;2250;30,2;77;60;13,9;3,0;7227
614066;2026-05-22 16:50:18;1779461418;2400;31,0;78;60;13,9;3,0;7240
614598;2026-05-22 16:50:18;1779461418;2300;29,0;83;60;13,9;3,0;7250
615132;2026-05-22 16:50:19;1779461419;2500;32,0;75;60;13,9;3,0;7261
615785;2026-05-22 16:50:20;1779461420;2000;27,6;81;60;13,7;3,0;7272
616326;2026-05-22 16:50:20;1779461420;1950;27,6;83;60;13,7;3,0;7280
616859;2026-05-22 16:50:21;1779461421;1950;28,0;81;60;13,9;3,0;7289
617505;2026-05-22 16:50:21;1779461421;1950;28,0;81;60;13,9;3,0;7300
618041;2026-05-22 16:50:22;1779461422;2000;28,0;81;60;13,9;3,0;7308
618575;2026-05-22 16:50:22;1779461422;1800;23,0;68;60;13,9;3,0;7316
619225;2026-05-22 16:50:23;1779461423;1200;17,2;100;60;14,1;3,1;7323
619771;2026-05-22 16:50:24;1779461424;1150;16,0;100;60;14,1;3,1;7328
620301;2026-05-22 16:50:24;1779461424;1150;16,0;100;60;14,1;3,1;7333
620946;2026-05-22 16:50:25;1779461425;1150;16,0;100;60;14,1;3,0;7338
621475;2026-05-22 16:50:25;1779461425;1100;15,2;100;60;13,9;3,0;7343
622005;2026-05-22 16:50:26;1779461426;1100;15,2;100;60;13,9;3,0;7348
622626;2026-05-22 16:50:26;1779461426;1050;14,6;100;60;13,9;3,0;7353
623166;2026-05-22 16:50:27;1779461427;1050;14,0;100;60;13,9;3,0;7357
623698;2026-05-22 16:50:27;1779461427;1050;14,0;100;60;14,1;3,0;7362
624346;2026-05-22 16:50:28;1779461428;1000;14,0;100;60;14,1;3,0;7367
624877;2026-05-22 16:50:29;1779461429;1150;18,0;100;60;14,1;3,0;7372
625408;2026-05-22 16:50:29;1779461429;1400;19,2;61;60;14,1;2,9;7379
626026;2026-05-22 16:50:30;1779461430;1450;25,6;61;60;13,9;2,9;7384
626569;2026-05-22 16:50:30;1779461430;1500;26,0;75;60;13,9;2,9;7393
627099;2026-05-22 16:50:31;1779461431;2000;27,8;84;60;13,9;3,0;7401
627746;2026-05-22 16:50:32;1779461432;2150;28,0;88;60;13,9;3,0;7411
628279;2026-05-22 16:50:32;1779461432;2150;28,4;91;60;13,9;3,0;7421
628812;2026-05-22 16:50:33;1779461433;3000;30,0;91;60;13,9;3,0;7434
629548;2026-05-22 16:50:33;1779461433;3300;30,0;91;60;13,9;3,0;7453
630098;2026-05-22 16:50:34;1779461434;3300;30,0;91;60;13,9;2,9;7468
630631;2026-05-22 16:50:34;1779461434;2900;30,0;91;60;13,9;3,0;7480
631149;2026-05-22 16:50:35;1779461435;2950;30,0;91;60;13,7;3,0;7493
631683;2026-05-22 16:50:35;1779461435;2950;30,0;91;60;13,7;3,0;7504
632217;2026-05-22 16:50:36;1779461436;3000;30,0;91;60;13,7;3,0;7518
632824;2026-05-22 16:50:37;1779461437;2150;27,6;100;60;13,7;3,0;7530
633366;2026-05-22 16:50:37;1779461437;1900;27,4;100;60;13,7;3,0;7539
633896;2026-05-22 16:50:38;1779461438;1400;19,2;100;60;14,1;3,0;7545
634505;2026-05-22 16:50:38;1779461438;1350;18,6;100;60;14,1;3,0;7552
635038;2026-05-22 16:50:39;1779461439;1300;18,0;100;60;14,1;3,0;7558
635573;2026-05-22 16:50:39;1779461439;1200;17,2;100;60;13,9;3,0;7563
636225;2026-05-22 16:50:40;1779461440;1100;15,2;100;60;13,9;3,0;7569
636756;2026-05-22 16:50:41;1779461441;1100;15,2;100;60;13,9;3,0;7573
637290;2026-05-22 16:50:41;1779461441;1050;14,6;100;60;13,9;3,0;7578
637946;2026-05-22 16:50:42;1779461442;1050;14,6;100;60;14,1;3,0;7583
638482;2026-05-22 16:50:42;1779461442;1000;14,6;100;60;14,1;3,0;7588
639015;2026-05-22 16:50:43;1779461443;1000;14,0;100;60;14,1;3,0;7592
639665;2026-05-22 16:50:43;1779461443;1000;14,0;100;60;14,1;3,0;7597
640202;2026-05-22 16:50:44;1779461444;1000;14,0;100;60;14,1;3,1;7602
640736;2026-05-22 16:50:45;1779461445;1000;14,0;100;60;14,1;3,1;7606
641426;2026-05-22 16:50:45;1779461445;1650;25,4;68;60;14,1;3,1;7615
641957;2026-05-22 16:50:46;1779461446;1700;27,4;68;60;13,9;3,0;7622
642488;2026-05-22 16:50:46;1779461446;1700;27,4;68;60;13,9;3,0;7629
643145;2026-05-22 16:50:47;1779461447;1700;28,4;68;60;13,9;3,0;7638
643685;2026-05-22 16:50:47;1779461447;1700;28,4;100;60;13,9;3,0;7645
644221;2026-05-22 16:50:48;1779461448;1400;16,6;100;60;13,9;3,0;7650
644865;2026-05-22 16:50:49;1779461449;1100;15,2;100;60;13,9;3,0;7656
645400;2026-05-22 16:50:49;1779461449;1100;14,6;100;60;13,9;2,9;7661
645930;2026-05-22 16:50:50;1779461450;1050;14,6;100;60;13,9;2,9;7665
646545;2026-05-22 16:50:50;1779461450;1050;14,0;100;60;13,9;2,9;7670
647079;2026-05-22 16:50:51;1779461451;1000;14,0;100;60;13,9;2,9;7674
647613;2026-05-22 16:50:51;1779461451;1000;13,4;100;60;13,9;3,1;7679
648265;2026-05-22 16:50:52;1779461452;1000;14,0;100;60;14,1;3,1;7684
648796;2026-05-22 16:50:53;1779461453;1000;13,4;100;60;14,1;3,1;7688
649331;2026-05-22 16:50:53;1779461453;1000;14,0;100;60;14,1;3,1;7692
649985;2026-05-22 16:50:54;1779461454;1000;13,4;100;60;14,1;3,1;7697
650534;2026-05-22 16:50:54;1779461454;950;13,4;100;60;13,9;3,0;7702
651065;2026-05-22 16:50:55;1779461455;1050;14,0;100;60;13,9;3,0;7706
651706;2026-05-22 16:50:55;1779461455;950;14,0;100;61;13,9;3,0;7711
652235;2026-05-22 16:50:56;1779461456;1000;13,4;100;61;13,9;3,0;7715
652767;2026-05-22 16:50:57;1779461457;950;14,0;100;61;13,9;3,0;7719
653385;2026-05-22 16:50:57;1779461457;1000;14,0;100;61;14,1;3,0;7724
653930;2026-05-22 16:50:58;1779461458;1100;16,0;100;61;14,1;3,0;7729
654463;2026-05-22 16:50:58;1779461458;1200;17,2;67;61;14,1;3,0;7734
655106;2026-05-22 16:50:59;1779461459;1400;20,0;61;61;14,1;2,9;7741
655639;2026-05-22 16:50:59;1779461459;1500;26,6;61;61;13,9;2,9;7748
656172;2026-05-22 16:51:00;1779461460;1550;26,8;59;61;13,9;2,9;7755
656865;2026-05-22 16:51:01;1779461461;1600;27,6;59;61;13,9;3,0;7763
657398;2026-05-22 16:51:01;1779461461;1600;28,2;59;61;13,9;3,0;7770
657934;2026-05-22 16:51:02;1779461462;1600;28,6;56;61;13,9;3,0;7777
658585;2026-05-22 16:51:02;1779461462;1600;27,6;59;61;13,9;3,0;7785
659120;2026-05-22 16:51:03;1779461463;1600;29,2;57;61;13,9;3,0;7792
659655;2026-05-22 16:51:03;1779461463;1800;27,8;65;61;13,9;3,0;7800
660305;2026-05-22 16:51:04;1779461464;2300;29,2;84;61;13,9;3,0;7811
660852;2026-05-22 16:51:05;1779461465;2350;29,8;84;61;13,9;3,0;7822
661385;2026-05-22 16:51:05;1779461465;2450;30,4;84;61;13,9;3,0;7832
661986;2026-05-22 16:51:06;1779461466;2050;32,8;78;61;13,9;3,0;7843
662522;2026-05-22 16:51:06;1779461466;2000;27,4;100;61;13,9;3,0;7851
663055;2026-05-22 16:51:07;1779461467;1400;26,8;100;61;13,9;3,1;7859
663706;2026-05-22 16:51:07;1779461467;1200;16,6;100;61;14,1;3,1;7865
664245;2026-05-22 16:51:08;1779461468;1150;16,6;100;61;14,1;3,1;7871
664776;2026-05-22 16:51:09;1779461469;1150;16,0;100;61;14,1;3,1;7876
665425;2026-05-22 16:51:09;1779461469;1150;15,2;100;61;14,1;3,0;7881
665956;2026-05-22 16:51:10;1779461470;1100;15,2;100;61;14,1;3,0;7886
666487;2026-05-22 16:51:10;1779461470;1100;15,2;100;61;14,1;3,0;7891
667105;2026-05-22 16:51:11;1779461471;1200;16,6;100;61;14,1;3,0;7896
667645;2026-05-22 16:51:11;1779461471;1200;16,0;100;61;14,1;3,0;7901
668177;2026-05-22 16:51:12;1779461472;1100;15,2;100;61;14,1;3,0;7907
668825;2026-05-22 16:51:13;1779461473;1050;15,2;100;61;14,1;3,0;7912
669354;2026-05-22 16:51:13;1779461473;1100;14,6;100;61;14,1;3,0;7917
669884;2026-05-22 16:51:14;1779461474;1050;14,6;100;61;14,1;3,0;7921
670505;2026-05-22 16:51:14;1779461474;1050;14,6;100;61;14,1;3,0;7926
671046;2026-05-22 16:51:15;1779461475;1000;14,6;100;61;14,1;3,0;7930
671577;2026-05-22 16:51:15;1779461475;1000;14,0;100;61;14,1;3,0;7934
672227;2026-05-22 16:51:16;1779461476;950;13,4;100;61;14,1;3,0;7940
672755;2026-05-22 16:51:17;1779461477;950;13,4;100;61;13,9;3,0;7944
673286;2026-05-22 16:51:17;1779461477;950;13,4;100;61;13,9;3,0;7948
673906;2026-05-22 16:51:18;1779461478;950;13,4;100;61;13,9;3,0;7952
674439;2026-05-22 16:51:18;1779461478;950;13,4;100;61;13,9;3,0;7956
674968;2026-05-22 16:51:19;1779461479;950;13,4;100;61;13,9;3,0;7960
675586;2026-05-22 16:51:19;1779461479;950;13,4;100;61;13,9;3,0;7965
676117;2026-05-22 16:51:20;1779461480;950;13,4;100;61;13,9;3,0;7969
676647;2026-05-22 16:51:20;1779461480;950;13,4;100;61;13,9;3,0;7973
677225;2026-05-22 16:51:21;1779461481;950;13,4;100;61;13,9;3,0;7977
677754;2026-05-22 16:51:22;1779461482;950;13,4;100;61;13,9;3,0;7981
678285;2026-05-22 16:51:22;1779461482;950;13,4;100;61;13,9;3,0;7985
678817;2026-05-22 16:51:23;1779461483;950;13,4;100;61;13,9;3,0;7989
679337;2026-05-22 16:51:23;1779461483;950;13,4;100;61;13,9;3,0;7993
679870;2026-05-22 16:51:24;1779461484;950;13,4;100;61;13,9;3,0;7997
680403;2026-05-22 16:51:24;1779461484;950;13,4;100;61;13,9;3,0;8001
680906;2026-05-22 16:51:25;1779461485;950;13,4;100;61;13,9;3,0;8005
681436;2026-05-22 16:51:25;1779461485;950;13,4;100;61;13,9;3,0;8009
681968;2026-05-22 16:51:26;1779461486;950;13,4;100;61;13,9;3,0;8013
682505;2026-05-22 16:51:26;1779461486;950;13,4;100;61;13,9;3,0;8017
683039;2026-05-22 16:51:27;1779461487;950;13,4;100;61;13,9;3,0;8021
683570;2026-05-22 16:51:27;1779461487;950;13,4;100;61;13,9;3,0;8025
684185;2026-05-22 16:51:28;1779461488;950;13,4;100;61;13,9;3,0;8030
684716;2026-05-22 16:51:28;1779461488;950;13,4;100;61;13,9;3,0;8034
685249;2026-05-22 16:51:29;1779461489;950;13,4;100;61;13,9;3,0;8037
685944;2026-05-22 16:51:30;1779461490;950;13,4;100;61;13,9;3,0;8043
686477;2026-05-22 16:51:30;1779461490;950;13,4;100;61;13,9;3,0;8047
687008;2026-05-22 16:51:31;1779461491;950;13,4;100;61;13,9;3,0;8051
687624;2026-05-22 16:51:31;1779461491;950;13,4;100;61;13,9;3,0;8055
688158;2026-05-22 16:51:32;1779461492;950;13,4;100;61;13,9;3,0;8059
688691;2026-05-22 16:51:32;1779461492;950;13,4;100;61;13,9;3,0;8063
689345;2026-05-22 16:51:33;1779461493;950;13,4;100;61;13,9;3,0;8068
689878;2026-05-22 16:51:34;1779461494;950;13,4;100;61;13,9;3,0;8072
690412;2026-05-22 16:51:34;1779461494;950;13,4;100;61;13,9;3,0;8077
691025;2026-05-22 16:51:35;1779461495;950;13,4;100;61;13,9;3,0;8081
691561;2026-05-22 16:51:35;1779461495;950;13,4;100;61;13,9;3,0;8085
692090;2026-05-22 16:51:36;1779461496;950;13,4;100;61;13,9;3,0;8089
692785;2026-05-22 16:51:37;1779461497;950;13,4;100;62;13,9;3,0;8094
693313;2026-05-22 16:51:37;1779461497;950;13,4;100;62;13,9;3,0;8098
693846;2026-05-22 16:51:38;1779461498;950;13,4;100;62;13,9;3,0;8102
694505;2026-05-22 16:51:38;1779461498;950;13,4;100;62;13,9;3,0;8107
695036;2026-05-22 16:51:39;1779461499;950;13,4;100;62;13,9;3,0;8111
695567;2026-05-22 16:51:39;1779461499;950;13,4;100;62;13,9;3,0;8115
696225;2026-05-22 16:51:40;1779461500;950;13,4;100;62;13,9;3,0;8120
696758;2026-05-22 16:51:41;1779461501;950;13,4;100;62;13,9;3,0;8124
697288;2026-05-22 16:51:41;1779461501;950;13,4;100;62;13,9;3,0;8128
697945;2026-05-22 16:51:42;1779461502;950;13,4;100;62;13,9;3,0;8133
698484;2026-05-22 16:51:42;1779461502;950;13,4;100;62;13,9;3,0;8137
699014;2026-05-22 16:51:43;1779461503;950;13,4;100;62;13,9;3,0;8141
699707;2026-05-22 16:51:43;1779461503;950;13,4;100;62;13,9;3,0;8146
700236;2026-05-22 16:51:44;1779461504;950;13,4;100;62;13,9;3,0;8150
700766;2026-05-22 16:51:45;1779461505;950;12,8;100;62;13,9;3,0;8154
701345;2026-05-22 16:51:45;1779461505;950;13,4;100;62;13,9;3,0;8159
701881;2026-05-22 16:51:46;1779461506;950;13,4;100;62;13,9;3,0;8162
702412;2026-05-22 16:51:46;1779461506;950;13,4;100;62;13,9;3,0;8167
702945;2026-05-22 16:51:47;1779461507;950;13,4;100;62;13,9;3,0;8170
703535;2026-05-22 16:51:47;1779461507;950;13,4;100;62;13,9;3,0;8175
704068;2026-05-22 16:51:48;1779461508;950;13,4;100;62;13,9;3,0;8179
704596;2026-05-22 16:51:48;1779461508;950;13,4;100;62;13,9;3,0;8183
705099;2026-05-22 16:51:49;1779461509;950;13,4;100;62;13,9;3,0;8187
705632;2026-05-22 16:51:49;1779461509;950;13,4;100;62;13,9;3,0;8190
706164;2026-05-22 16:51:50;1779461510;950;13,4;100;62;13,9;3,0;8194
706777;2026-05-22 16:51:51;1779461511;950;13,4;100;62;13,9;3,0;8200
707308;2026-05-22 16:51:51;1779461511;950;13,4;100;62;13,9;3,0;8203
707842;2026-05-22 16:51:52;1779461512;950;13,4;100;62;13,9;3,0;8207
708346;2026-05-22 16:51:52;1779461512;950;13,4;100;62;13,9;3,0;8211
708878;2026-05-22 16:51:53;1779461513;950;13,4;100;62;13,9;3,0;8215
709408;2026-05-22 16:51:53;1779461513;950;13,4;100;62;13,9;3,0;8219
709945;2026-05-22 16:51:54;1779461514;950;13,4;100;62;13,9;3,0;8223
710476;2026-05-22 16:51:54;1779461514;950;13,4;100;62;13,9;3,0;8227
711009;2026-05-22 16:51:55;1779461515;950;13,4;100;62;13,9;3,0;8231
711625;2026-05-22 16:51:55;1779461515;950;13,4;100;62;13,9;3,0;8236
712159;2026-05-22 16:51:56;1779461516;950;13,4;100;62;13,9;3,0;8240
712689;2026-05-22 16:51:56;1779461516;950;13,4;100;62;13,9;3,0;8244
713305;2026-05-22 16:51:57;1779461517;950;13,4;100;62;13,9;3,0;8248
713837;2026-05-22 16:51:58;1779461518;950;13,4;100;62;13,9;3,0;8252
714366;2026-05-22 16:51:58;1779461518;950;13,4;100;62;13,9;3,0;8256
714945;2026-05-22 16:51:59;1779461519;950;13,4;100;62;13,9;3,0;8261
715476;2026-05-22 16:51:59;1779461519;950;13,4;100;62;13,9;3,0;8265
716007;2026-05-22 16:52:00;1779461520;950;13,4;100;62;13,9;3,0;8268
716537;2026-05-22 16:52:00;1779461520;950;13,4;100;62;13,9;3,0;8273
717135;2026-05-22 16:52:01;1779461521;950;13,4;100;62;13,9;3,0;8277
717666;2026-05-22 16:52:01;1779461521;950;13,4;100;62;13,9;3,0;8281
718198;2026-05-22 16:52:02;1779461522;950;13,4;100;62;13,9;3,0;8285
718737;2026-05-22 16:52:03;1779461523;950;13,4;100;62;13,9;3,0;8289
719267;2026-05-22 16:52:03;1779461523;950;13,4;100;62;13,9;3,0;8293
719800;2026-05-22 16:52:04;1779461524;950;13,4;100;62;13,9;3,0;8297
720341;2026-05-22 16:52:04;1779461524;950;13,4;100;62;13,9;3,0;8302
720870;2026-05-22 16:52:05;1779461525;950;13,4;100;62;13,9;3,0;8306
721403;2026-05-22 16:52:05;1779461525;950;13,4;100;62;13,9;3,0;8310
721905;2026-05-22 16:52:06;1779461526;1000;13,4;100;62;13,9;3,0;8314
722441;2026-05-22 16:52:06;1779461526;950;14,0;100;62;13,9;3,0;8317
722976;2026-05-22 16:52:07;1779461527;1000;14,0;100;62;14,1;3,0;8322
723665;2026-05-22 16:52:07;1779461527;1200;17,2;100;62;14,1;3,0;8328
724194;2026-05-22 16:52:08;1779461528;1250;17,2;100;62;14,1;3,0;8333
724729;2026-05-22 16:52:08;1779461528;1100;14,6;100;62;14,1;3,0;8338
725385;2026-05-22 16:52:09;1779461529;1100;15,2;100;62;14,1;3,0;8344
725926;2026-05-22 16:52:10;1779461530;1100;15,2;100;62;14,1;3,0;8348
726458;2026-05-22 16:52:10;1779461530;1100;15,2;100;62;14,1;3,0;8353
727105;2026-05-22 16:52:11;1779461531;1100;15,2;100;62;14,1;3,1;8359
727638;2026-05-22 16:52:11;1779461531;1150;15,2;100;62;14,1;3,1;8363
728170;2026-05-22 16:52:12;1779461532;1100;15,2;100;62;14,1;3,1;8368
728785;2026-05-22 16:52:13;1779461533;1150;16,0;100;62;14,1;3,1;8374
729314;2026-05-22 16:52:13;1779461533;1150;15,2;100;62;14,1;3,1;8378
729850;2026-05-22 16:52:14;1779461534;1100;16,0;100;62;13,9;3,1;8383
730545;2026-05-22 16:52:14;1779461534;1150;14,6;100;62;13,9;3,1;8389
731077;2026-05-22 16:52:15;1779461535;1100;14,6;100;63;13,9;3,1;8393
731610;2026-05-22 16:52:15;1779461535;1100;14,6;100;63;13,9;3,0;8398
732225;2026-05-22 16:52:16;1779461536;1000;14,0;100;63;13,7;3,0;8403
732766;2026-05-22 16:52:17;1779461537;1000;14,0;100;63;13,7;3,0;8407
733297;2026-05-22 16:52:17;1779461537;1000;13,4;100;63;13,7;3,0;8412
733946;2026-05-22 16:52:18;1779461538;950;13,4;100;63;13,7;3,0;8417
734477;2026-05-22 16:52:18;1779461538;1000;14,0;100;63;13,7;3,1;8421
735011;2026-05-22 16:52:19;1779461539;1000;14,0;100;63;14,1;3,1;8425
735705;2026-05-22 16:52:19;1779461539;1000;14,0;100;63;14,1;3,1;8430
736254;2026-05-22 16:52:20;1779461540;1050;14,0;100;63;14,1;3,1;8435
736788;2026-05-22 16:52:21;1779461541;1100;14,6;100;63;14,1;3,1;8439
737384;2026-05-22 16:52:21;1779461541;1100;15,2;100;63;14,1;3,1;8445
737914;2026-05-22 16:52:22;1779461542;1100;15,2;100;63;14,1;3,1;8449
738446;2026-05-22 16:52:22;1779461542;1150;16,6;100;63;14,1;3,1;8454
739022;2026-05-22 16:52:23;1779461543;1300;18,6;100;63;14,1;3,0;8460
739567;2026-05-22 16:52:23;1779461543;1400;19,2;100;63;13,9;3,0;8466
740097;2026-05-22 16:52:24;1779461544;1550;28,2;56;63;13,9;3,0;8473
740703;2026-05-22 16:52:24;1779461544;1750;32,2;54;63;13,9;3,0;8482
741235;2026-05-22 16:52:25;1779461545;1850;33,8;53;63;13,9;3,0;8489
741771;2026-05-22 16:52:26;1779461546;1950;34,4;53;63;13,9;3,0;8497
742384;2026-05-22 16:52:26;1779461546;2100;35,8;49;63;13,9;3,0;8509
742924;2026-05-22 16:52:27;1779461547;1900;21,2;100;63;13,9;3,0;8516
743456;2026-05-22 16:52:27;1779461547;1300;18,0;100;63;13,9;3,1;8522
744063;2026-05-22 16:52:28;1779461548;1350;16,6;100;63;13,9;3,1;8528
744597;2026-05-22 16:52:28;1779461548;1050;14,6;100;63;13,9;3,1;8533
745132;2026-05-22 16:52:29;1779461549;1100;14,6;100;63;13,9;3,1;8538
745667;2026-05-22 16:52:29;1779461549;1100;15,2;100;63;14,1;3,1;8542
746210;2026-05-22 16:52:30;1779461550;1100;14,6;100;63;14,1;3,1;8547
746737;2026-05-22 16:52:31;1779461551;1100;15,2;100;63;14,1;3,1;8552
747388;2026-05-22 16:52:31;1779461551;1100;15,2;100;63;14,1;3,1;8558
747922;2026-05-22 16:52:32;1779461552;1100;15,2;100;63;13,9;3,1;8562
748453;2026-05-22 16:52:32;1779461552;1150;16,0;100;63;13,9;3,1;8567
749065;2026-05-22 16:52:33;1779461553;1150;16,0;100;63;13,9;3,1;8573
749607;2026-05-22 16:52:33;1779461553;1200;16,0;100;63;13,9;3,0;8578
750137;2026-05-22 16:52:34;1779461554;1200;16,0;100;63;13,9;3,0;8583
750786;2026-05-22 16:52:35;1779461555;1200;16,0;100;63;13,9;3,0;8589
751321;2026-05-22 16:52:35;1779461555;1200;16,6;100;63;13,9;3,0;8594
751854;2026-05-22 16:52:36;1779461556;1200;16,0;100;63;13,9;2,9;8599
752546;2026-05-22 16:52:36;1779461556;1200;16,0;100;63;13,7;2,9;8605
753083;2026-05-22 16:52:37;1779461557;1100;16,0;100;63;13,7;2,9;8610
753614;2026-05-22 16:52:37;1779461557;1150;15,2;100;63;13,7;2,9;8615
754345;2026-05-22 16:52:38;1779461558;1100;15,2;100;63;13,7;3,0;8621
754877;2026-05-22 16:52:39;1779461559;1100;15,2;100;63;14,1;3,0;8626
755407;2026-05-22 16:52:39;1779461559;1050;15,2;100;63;14,1;3,0;8631
755983;2026-05-22 16:52:40;1779461560;1100;14,6;100;63;14,1;3,0;8636
756511;2026-05-22 16:52:40;1779461560;1050;15,2;100;63;14,1;3,1;8640
757042;2026-05-22 16:52:41;1779461561;1100;15,2;100;63;14,1;3,1;8645
757666;2026-05-22 16:52:41;1779461561;1050;14,6;100;63;14,1;3,1;8650
758197;2026-05-22 16:52:42;1779461562;1100;14,6;100;63;14,1;3,1;8655
758726;2026-05-22 16:52:42;1779461562;1100;15,2;100;63;14,1;3,1;8659
759345;2026-05-22 16:52:43;1779461563;1100;15,2;100;63;14,1;3,1;8664
759886;2026-05-22 16:52:44;1779461564;1050;15,2;100;63;14,1;3,1;8669
760419;2026-05-22 16:52:44;1779461564;1100;14,6;100;63;14,1;3,1;8674
761066;2026-05-22 16:52:45;1779461565;1100;15,2;100;63;14,1;3,1;8679
761594;2026-05-22 16:52:45;1779461565;1100;15,2;100;63;14,1;3,1;8684
762125;2026-05-22 16:52:46;1779461566;1100;15,2;100;63;14,1;3,1;8689
762826;2026-05-22 16:52:47;1779461567;1050;15,2;100;64;14,1;3,1;8695
763365;2026-05-22 16:52:47;1779461567;1000;14,6;100;64;14,1;2,9;8699
763899;2026-05-22 16:52:48;1779461568;1000;14,6;100;64;13,7;2,9;8703
764426;2026-05-22 16:52:48;1779461568;1000;14,0;100;64;13,7;2,9;8707
764960;2026-05-22 16:52:49;1779461569;1000;13,4;100;64;13,7;2,9;8711
765492;2026-05-22 16:52:49;1779461569;1000;13,4;100;64;13,7;2,9;8716
766146;2026-05-22 16:52:50;1779461570;1000;13,4;100;64;13,7;3,0;8721
766677;2026-05-22 16:52:50;1779461570;950;13,4;100;64;13,7;3,0;8724
767208;2026-05-22 16:52:51;1779461571;950;13,4;100;64;13,7;3,0;8729
767826;2026-05-22 16:52:52;1779461572;1050;14,6;100;64;13,7;3,0;8734
768362;2026-05-22 16:52:52;1779461572;1050;14,6;100;64;13,7;3,0;8738
768894;2026-05-22 16:52:53;1779461573;1050;14,6;100;64;13,9;3,0;8743
769546;2026-05-22 16:52:53;1779461573;1050;14,6;100;64;13,9;3,0;8748
770079;2026-05-22 16:52:54;1779461574;1100;15,2;100;64;13,9;3,0;8753
770610;2026-05-22 16:52:54;1779461574;1200;16,6;65;64;13,9;3,0;8758
771225;2026-05-22 16:52:55;1779461575;1550;27,0;62;64;13,7;3,0;8766
771761;2026-05-22 16:52:56;1779461576;1700;29,2;65;64;13,7;3,0;8774
772291;2026-05-22 16:52:56;1779461576;1900;28,6;76;64;13,7;3,0;8782
772946;2026-05-22 16:52:57;1779461577;2100;29,8;76;64;13,7;3,0;8793
773485;2026-05-22 16:52:57;1779461577;2150;30,2;75;64;13,7;3,0;8802
774017;2026-05-22 16:52:58;1779461578;2200;31,8;68;64;13,7;3,0;8812
774706;2026-05-22 16:52:58;1779461578;2300;32,2;68;64;13,7;3,0;8824
775238;2026-05-22 16:52:59;1779461579;1950;29,0;75;64;13,7;3,0;8833
775772;2026-05-22 16:53:00;1779461580;1950;29,4;72;64;13,7;3,0;8841
776425;2026-05-22 16:53:00;1779461580;1800;29,6;68;64;13,7;3,0;8851
776961;2026-05-22 16:53:01;1779461581;1800;29,4;68;64;13,7;3,0;8859
777497;2026-05-22 16:53:01;1779461581;1750;28,4;68;64;13,7;3,0;8866
778145;2026-05-22 16:53:02;1779461582;1800;29,4;68;64;13,7;3,0;8876
778682;2026-05-22 16:53:02;1779461582;1800;29,4;68;64;13,7;3,0;8883
779215;2026-05-22 16:53:03;1779461583;1800;29,4;68;64;13,7;3,0;8892
779825;2026-05-22 16:53:04;1779461584;1800;29,4;68;64;13,7;3,0;8900
780358;2026-05-22 16:53:04;1779461584;1600;29,4;72;64;13,7;3,0;8907
780895;2026-05-22 16:53:05;1779461585;1250;16,6;100;64;13,7;3,0;8913
781545;2026-05-22 16:53:05;1779461585;1150;16,0;100;64;13,7;3,0;8919
782077;2026-05-22 16:53:06;1779461586;1150;16,0;100;64;13,9;3,0;8924
782612;2026-05-22 16:53:06;1779461586;1150;15,2;100;64;13,9;3,0;8929
783312;2026-05-22 16:53:07;1779461587;1100;15,2;100;64;13,9;3,0;8935
783855;2026-05-22 16:53:08;1779461588;1100;15,2;100;64;13,9;3,0;8940
784382;2026-05-22 16:53:08;1779461588;1100;15,2;100;64;13,9;3,0;8944
784983;2026-05-22 16:53:09;1779461589;1100;15,2;100;64;13,9;3,0;8950
785515;2026-05-22 16:53:09;1779461589;1100;14,6;100;64;13,9;3,0;8954
786046;2026-05-22 16:53:10;1779461590;1050;14,6;100;64;13,9;3,0;8959
786545;2026-05-22 16:53:10;1779461590;1050;15,2;100;64;13,7;3,0;8963
787078;2026-05-22 16:53:11;1779461591;1050;14,6;100;64;13,7;3,0;8967
787611;2026-05-22 16:53:11;1779461591;1000;14,6;100;64;13,7;3,0;8972
788265;2026-05-22 16:53:12;1779461592;1050;14,0;100;64;13,7;3,0;8977
788801;2026-05-22 16:53:13;1779461593;1050;14,6;100;64;13,7;3,0;8981
789335;2026-05-22 16:53:13;1779461593;1150;15,2;100;64;13,9;3,0;8987
789985;2026-05-22 16:53:14;1779461594;1150;16,0;100;64;13,9;3,0;8992
790531;2026-05-22 16:53:14;1779461594;1200;16,6;88;64;13,9;3,0;8997
791067;2026-05-22 16:53:15;1779461595;1300;18,0;76;64;13,9;2,9;9003
791714;2026-05-22 16:53:15;1779461595;1350;18,6;62;64;13,9;2,9;9010
792249;2026-05-22 16:53:16;1779461596;1450;25,6;61;64;13,9;2,9;9016
792781;2026-05-22 16:53:17;1779461597;1550;26,2;61;64;13,7;3,0;9023
793424;2026-05-22 16:53:17;1779461597;1550;26,2;61;64;13,7;3,0;9031
793963;2026-05-22 16:53:18;1779461598;1550;26,2;61;64;13,7;3,0;9038
794493;2026-05-22 16:53:18;1779461598;1550;26,2;61;64;13,7;3,0;9045
795184;2026-05-22 16:53:19;1779461599;1550;26,2;61;64;13,7;3,0;9053
795717;2026-05-22 16:53:19;1779461599;1550;26,2;61;64;13,7;3,0;9060
796251;2026-05-22 16:53:20;1779461600;1550;26,2;61;64;13,9;3,0;9066
796905;2026-05-22 16:53:21;1779461601;1550;26,2;61;64;13,9;3,0;9075
797434;2026-05-22 16:53:21;1779461601;1550;27,0;61;64;13,9;3,0;9081
797970;2026-05-22 16:53:22;1779461602;1550;27,0;61;64;13,9;3,0;9088
798624;2026-05-22 16:53:22;1779461602;1700;27,0;68;64;13,9;3,0;9096
799157;2026-05-22 16:53:23;1779461603;1800;27,8;75;64;13,7;3,0;9104
799692;2026-05-22 16:53:23;1779461603;1950;27,4;84;64;13,7;3,0;9113
800306;2026-05-22 16:53:24;1779461604;2000;27,4;84;64;13,7;3,0;9123
800836;2026-05-22 16:53:25;1779461605;2000;27,8;84;64;13,7;3,0;9131
801374;2026-05-22 16:53:25;1779461605;1850;28,6;76;64;13,7;3,0;9139
802065;2026-05-22 16:53:26;1779461606;1800;28,8;72;64;13,9;3,0;9149
802600;2026-05-22 16:53:26;1779461606;1800;28,6;72;64;13,9;3,0;9157
803132;2026-05-22 16:53:27;1779461607;1800;29,4;72;64;13,9;3,0;9164
803786;2026-05-22 16:53:28;1779461608;1800;29,4;68;64;13,9;3,0;9175
804335;2026-05-22 16:53:28;1779461608;1800;29,4;68;64;13,9;3,0;9182
804868;2026-05-22 16:53:29;1779461609;1800;29,4;68;64;13,9;3,0;9190
805505;2026-05-22 16:53:29;1779461609;1250;16,6;100;64;13,9;3,0;9197
806036;2026-05-22 16:53:30;1779461610;1150;16,0;100;64;13,9;3,0;9201
806569;2026-05-22 16:53:30;1779461610;1150;16,0;100;64;14,1;3,0;9207
807225;2026-05-22 16:53:31;1779461611;1150;16,0;100;64;14,1;3,0;9213
807758;2026-05-22 16:53:32;1779461612;1100;16,0;100;64;14,1;3,1;9218
808290;2026-05-22 16:53:32;1779461612;1100;15,2;100;64;14,1;3,1;9222
808945;2026-05-22 16:53:33;1779461613;1100;14,6;100;64;14,1;3,1;9228
809476;2026-05-22 16:53:33;1779461613;1100;14,6;100;64;14,1;3,1;9232
810011;2026-05-22 16:53:34;1779461614;1050;14,6;100;64;14,1;3,1;9237
810665;2026-05-22 16:53:34;1779461614;1050;14,6;100;64;14,1;3,1;9243
811195;2026-05-22 16:53:35;1779461615;1050;14,6;100;64;14,1;3,1;9247
811728;2026-05-22 16:53:35;1779461615;1050;14,0;100;64;14,1;3,1;9251
812385;2026-05-22 16:53:36;1779461616;1050;14,0;100;64;14,1;3,1;9257
812915;2026-05-22 16:53:37;1779461617;1050;14,0;100;64;14,1;3,1;9261
813448;2026-05-22 16:53:37;1779461617;1050;15,2;88;64;14,1;3,1;9266
814105;2026-05-22 16:53:38;1779461618;1400;19,2;61;64;14,1;3,1;9273
814652;2026-05-22 16:53:38;1779461618;1450;20,0;61;64;14,1;3,0;9279
815184;2026-05-22 16:53:39;1779461619;1450;20,0;61;64;14,1;3,0;9285
815906;2026-05-22 16:53:40;1779461620;1500;25,6;61;64;14,1;3,0;9294
816441;2026-05-22 16:53:40;1779461620;1500;26,2;61;64;14,1;3,0;9300
816975;2026-05-22 16:53:41;1779461621;1500;26,2;61;64;13,9;3,0;9307
817545;2026-05-22 16:53:41;1779461621;1500;26,2;61;64;13,9;3,0;9314
818077;2026-05-22 16:53:42;1779461622;1300;20,0;100;64;13,9;3,1;9319
818606;2026-05-22 16:53:42;1779461622;1150;15,2;100;64;13,7;3,1;9324
819225;2026-05-22 16:53:43;1779461623;1100;14,6;100;64;13,7;3,1;9329
819755;2026-05-22 16:53:44;1779461624;1050;14,0;100;65;13,7;3,1;9333
820288;2026-05-22 16:53:44;1779461624;1050;14,0;100;65;13,7;3,0;9338
820947;2026-05-22 16:53:45;1779461625;1000;14,0;100;65;13,9;3,0;9344
821479;2026-05-22 16:53:45;1779461625;1000;14,0;100;65;13,9;3,0;9348
822012;2026-05-22 16:53:46;1779461626;1000;14,0;100;65;13,9;3,0;9352
822705;2026-05-22 16:53:46;1779461626;950;14,0;100;65;13,9;3,0;9357
823240;2026-05-22 16:53:47;1779461627;1000;14,0;100;65;13,9;3,0;9361
823774;2026-05-22 16:53:48;1779461628;1000;13,4;100;65;14,1;3,0;9366
824347;2026-05-22 16:53:48;1779461628;1000;14,0;100;65;14,1;3,0;9370
824885;2026-05-22 16:53:49;1779461629;1000;14,0;100;65;14,1;3,0;9374
825415;2026-05-22 16:53:49;1779461629;1000;13,4;100;65;14,1;3,1;9379
825952;2026-05-22 16:53:50;1779461630;1000;13,4;100;65;14,1;3,1;9383
826461;2026-05-22 16:53:50;1779461630;1000;14,0;100;65;14,1;3,1;9386
826994;2026-05-22 16:53:51;1779461631;1000;14,0;100;65;14,1;3,1;9391
827527;2026-05-22 16:53:51;1779461631;1000;14,0;100;65;14,1;3,1;9395
828027;2026-05-22 16:53:52;1779461632;1000;14,0;100;65;14,1;3,0;9398
828558;2026-05-22 16:53:52;1779461632;1000;14,0;100;65;13,9;3,0;9403
829092;2026-05-22 16:53:53;1779461633;1000;14,0;100;65;13,9;3,0;9407
829701;2026-05-22 16:53:53;1779461633;1000;14,0;100;65;13,9;3,0;9412
830235;2026-05-22 16:53:54;1779461634;1000;14,0;100;65;13,9;3,0;9416
830769;2026-05-22 16:53:55;1779461635;1000;14,0;100;65;13,9;3,0;9421
831381;2026-05-22 16:53:55;1779461635;1000;14,0;100;65;14,1;3,0;9425
831916;2026-05-22 16:53:56;1779461636;1000;14,0;100;65;14,1;3,0;9429
832450;2026-05-22 16:53:56;1779461636;1000;13,4;100;65;14,1;3,0;9434
833061;2026-05-22 16:53:57;1779461637;1000;14,0;100;65;14,1;3,0;9438
833592;2026-05-22 16:53:57;1779461637;1000;14,0;100;65;13,9;3,0;9442
834127;2026-05-22 16:53:58;1779461638;1000;13,4;100;65;13,9;3,0;9446
834752;2026-05-22 16:53:59;1779461639;950;13,4;100;65;13,9;3,0;9451
835282;2026-05-22 16:53:59;1779461639;1000;13,4;100;65;13,9;3,0;9455
835817;2026-05-22 16:54:00;1779461640;1000;14,0;100;65;13,9;3,1;9460
836345;2026-05-22 16:54:00;1779461640;1000;14,0;100;65;13,9;3,1;9463
836882;2026-05-22 16:54:01;1779461641;950;14,0;100;65;13,9;3,1;9468
837412;2026-05-22 16:54:01;1779461641;1000;14,0;100;65;13,9;3,1;9472
838065;2026-05-22 16:54:02;1779461642;1050;14,0;100;65;13,9;3,0;9478
838610;2026-05-22 16:54:02;1779461642;1000;14,0;100;65;14,1;3,0;9482
839144;2026-05-22 16:54:03;1779461643;1050;14,0;100;65;14,1;3,0;9486
839786;2026-05-22 16:54:04;1779461644;1050;14,0;100;65;14,1;3,0;9492
840320;2026-05-22 16:54:04;1779461644;1050;14,6;100;65;14,1;3,0;9496
840853;2026-05-22 16:54:05;1779461645;1050;14,6;100;65;14,1;3,1;9500
841465;2026-05-22 16:54:05;1779461645;1050;14,6;100;65;13,9;3,1;9505
841997;2026-05-22 16:54:06;1779461646;1050;14,6;100;65;13,9;3,1;9510
842529;2026-05-22 16:54:06;1779461646;1050;15,2;100;65;13,9;3,1;9514
843185;2026-05-22 16:54:07;1779461647;1100;15,2;100;65;13,9;3,0;9520
843715;2026-05-22 16:54:07;1779461647;1100;15,2;100;65;13,9;3,0;9525
844250;2026-05-22 16:54:08;1779461648;1100;15,2;100;65;13,9;3,0;9529
844994;2026-05-22 16:54:09;1779461649;1100;14,6;100;65;13,9;3,0;9535
845533;2026-05-22 16:54:09;1779461649;1100;15,2;100;65;13,9;3,0;9540
846065;2026-05-22 16:54:10;1779461650;1050;14,6;100;65;13,9;3,0;9545
846587;2026-05-22 16:54:10;1779461650;1000;14,6;100;65;13,9;3,0;9549
847122;2026-05-22 16:54:11;1779461651;1000;13,4;100;65;13,9;3,0;9553
847654;2026-05-22 16:54:11;1779461651;1000;14,0;100;65;13,9;3,0;9557
848306;2026-05-22 16:54:12;1779461652;1000;13,4;100;65;13,9;3,0;9562
848841;2026-05-22 16:54:13;1779461653;1000;14,0;100;65;13,9;3,0;9566
849375;2026-05-22 16:54:13;1779461653;1000;14,0;100;65;13,9;3,0;9571
850026;2026-05-22 16:54:14;1779461654;1000;14,0;100;65;13,9;3,0;9576
850559;2026-05-22 16:54:14;1779461654;1000;13,4;100;65;13,9;3,0;9580
851090;2026-05-22 16:54:15;1779461655;1000;13,4;100;65;13,9;3,0;9584
851707;2026-05-22 16:54:15;1779461655;1000;13,4;100;65;13,9;3,0;9589
852251;2026-05-22 16:54:16;1779461656;950;14,0;100;65;13,9;3,0;9593
852781;2026-05-22 16:54:17;1779461657;950;13,4;100;65;13,9;3,0;9597
853428;2026-05-22 16:54:17;1779461657;950;13,4;100;65;14,1;3,0;9602
853963;2026-05-22 16:54:18;1779461658;1000;13,4;100;65;14,1;3,0;9606
854494;2026-05-22 16:54:18;1779461658;1100;15,2;100;65;14,1;3,0;9611
855145;2026-05-22 16:54:19;1779461659;1000;14,0;100;65;14,1;3,0;9616
855685;2026-05-22 16:54:19;1779461659;1000;12,8;100;65;14,1;3,0;9620
856217;2026-05-22 16:54:20;1779461660;950;13,4;100;65;13,7;3,0;9624
856905;2026-05-22 16:54:21;1779461661;950;12,8;100;65;13,7;3,0;9629
857435;2026-05-22 16:54:21;1779461661;1050;15,2;100;65;13,7;3,0;9634
857969;2026-05-22 16:54:22;1779461662;1300;17,2;100;65;13,7;2,9;9639
858717;2026-05-22 16:54:22;1779461662;1300;18,0;100;65;13,9;2,9;9647
859253;2026-05-22 16:54:23;1779461663;1300;18,0;100;65;13,9;2,9;9652
859787;2026-05-22 16:54:24;1779461664;1300;18,0;100;65;13,9;3,0;9658
860344;2026-05-22 16:54:24;1779461664;1300;18,0;100;65;13,9;3,0;9664
860878;2026-05-22 16:54:25;1779461665;1300;18,0;100;65;13,9;3,0;9670
861414;2026-05-22 16:54:25;1779461665;1300;18,0;100;65;13,9;3,0;9675
862065;2026-05-22 16:54:26;1779461666;1300;18,0;100;65;13,7;3,0;9682
862614;2026-05-22 16:54:26;1779461666;1300;18,0;100;65;13,7;3,0;9687
863149;2026-05-22 16:54:27;1779461667;1250;18,0;100;65;13,7;3,0;9693
863785;2026-05-22 16:54:28;1779461668;1250;17,2;100;65;13,7;3,0;9700
864320;2026-05-22 16:54:28;1779461668;1300;17,2;100;65;13,9;3,0;9705
864854;2026-05-22 16:54:29;1779461669;1250;17,2;100;65;13,9;3,0;9711
865505;2026-05-22 16:54:29;1779461669;1250;17,2;100;65;13,9;3,0;9717
866051;2026-05-22 16:54:30;1779461670;1250;17,2;100;65;13,9;3,0;9723
866579;2026-05-22 16:54:30;1779461670;1250;16,6;100;65;13,9;3,0;9728
867225;2026-05-22 16:54:31;1779461671;1250;17,2;100;65;13,9;3,0;9734
867755;2026-05-22 16:54:32;1779461672;1250;17,2;100;65;13,9;3,0;9740
868284;2026-05-22 16:54:32;1779461672;1250;17,2;100;65;13,9;3,0;9745
979945;2026-05-22 16:56:24;1779461784;1150;15,2;100;65;13,9;3,0;5
980481;2026-05-22 16:56:24;1779461784;1100;14,6;100;65;13,9;3,0;10
981010;2026-05-22 16:56:25;1779461785;1100;14,6;100;65;13,0;2,8;15
981626;2026-05-22 16:56:25;1779461785;1100;14,6;100;65;13,0;2,8;20
982157;2026-05-22 16:56:26;1779461786;1100;15,2;100;65;13,0;2,8;25
982686;2026-05-22 16:56:26;1779461786;1100;14,6;100;65;13,0;2,8;29
983306;2026-05-22 16:56:27;1779461787;1100;14,6;100;65;13,0;2,9;34
983850;2026-05-22 16:56:28;1779461788;1050;14,6;100;65;13,0;2,9;39
984380;2026-05-22 16:56:28;1779461788;1050;14,6;100;65;13,0;2,9;44
985066;2026-05-22 16:56:29;1779461789;1100;14,6;100;65;13,0;2,9;49
985597;2026-05-22 16:56:29;1779461789;900;11,6;100;65;13,0;3,0;53
986125;2026-05-22 16:56:30;1779461790;850;11,6;100;65;12,8;3,0;57
986746;2026-05-22 16:56:31;1779461791;850;12,2;100;65;12,8;3,0;61
987279;2026-05-22 16:56:31;1779461791;900;12,2;100;66;12,8;3,0;64
987808;2026-05-22 16:56:32;1779461792;850;12,2;100;66;12,8;3,0;68
988505;2026-05-22 16:56:32;1779461792;850;11,6;100;66;12,8;3,0;73
989033;2026-05-22 16:56:33;1779461793;850;11,6;100;66;13,7;3,0;76
989562;2026-05-22 16:56:33;1779461793;850;12,2;100;66;13,7;3,0;80
990225;2026-05-22 16:56:34;1779461794;900;12,2;100;66;13,7;3,0;85
990771;2026-05-22 16:56:35;1779461795;900;12,2;100;66;13,7;3,0;88
991299;2026-05-22 16:56:35;1779461795;900;12,2;100;66;13,7;3,0;92
991946;2026-05-22 16:56:36;1779461796;900;12,2;100;66;13,7;3,0;96
992475;2026-05-22 16:56:36;1779461796;900;12,2;100;66;13,7;3,0;100
993005;2026-05-22 16:56:37;1779461797;900;12,8;100;66;13,7;3,0;104
993626;2026-05-22 16:56:37;1779461797;900;12,2;100;66;13,7;3,0;108
994167;2026-05-22 16:56:38;1779461798;850;12,2;100;66;13,7;3,0;112
994696;2026-05-22 16:56:38;1779461798;900;12,8;100;66;13,7;3,0;116
995346;2026-05-22 16:56:39;1779461799;900;12,2;100;66;13,7;3,0;120
995874;2026-05-22 16:56:40;1779461800;900;12,2;100;66;13,7;3,0;124
996405;2026-05-22 16:56:40;1779461800;900;12,2;100;66;13,7;3,0;127
997025;2026-05-22 16:56:41;1779461801;850;12,2;100;66;13,7;3,1;131
997566;2026-05-22 16:56:41;1779461801;900;12,2;100;66;13,7;3,1;135
998096;2026-05-22 16:56:42;1779461802;850;12,2;100;66;13,7;3,1;139
998746;2026-05-22 16:56:43;1779461803;900;12,2;100;66;13,7;3,1;143
999274;2026-05-22 16:56:43;1779461803;850;12,2;100;66;13,7;3,1;147
999803;2026-05-22 16:56:44;1779461804;900;12,2;100;66;13,7;3,0;151
1000425;2026-05-22 16:56:44;1779461804;900;12,8;100;66;13,7;3,0;155
1000970;2026-05-22 16:56:45;1779461805;900;12,8;100;66;13,7;3,0;159
1001498;2026-05-22 16:56:45;1779461805;900;12,2;100;66;13,7;3,0;162
1002185;2026-05-22 16:56:46;1779461806;900;12,8;100;66;13,7;3,0;167
1002716;2026-05-22 16:56:46;1779461806;900;12,2;100;66;13,7;3,1;171
1003249;2026-05-22 16:56:47;1779461807;900;12,2;100;66;13,7;3,1;174
1003946;2026-05-22 16:56:48;1779461808;1000;12,2;100;66;13,7;3,1;180
1004488;2026-05-22 16:56:48;1779461808;1150;14,6;100;66;13,7;3,1;184
1005017;2026-05-22 16:56:49;1779461809;900;13,4;100;66;13,7;3,1;188
1005545;2026-05-22 16:56:49;1779461809;900;12,2;100;66;13,7;3,1;192
1006076;2026-05-22 16:56:50;1779461810;900;12,8;100;66;13,9;3,1;195
1006608;2026-05-22 16:56:50;1779461810;950;12,8;100;66;13,9;3,1;200
1007225;2026-05-22 16:56:51;1779461811;950;12,8;100;66;13,9;3,1;204
1007764;2026-05-22 16:56:52;1779461812;1000;12,8;100;66;13,9;3,1;208
1008292;2026-05-22 16:56:52;1779461812;950;13,4;100;66;13,9;3,1;212
1008945;2026-05-22 16:56:53;1779461813;950;12,8;100;66;13,9;3,1;217
1009477;2026-05-22 16:56:53;1779461813;1000;13,4;100;66;13,9;3,1;221
1010005;2026-05-22 16:56:54;1779461814;1000;13,4;100;67;13,9;3,1;225
1010626;2026-05-22 16:56:54;1779461814;950;13,4;100;67;13,9;3,1;230
1011160;2026-05-22 16:56:55;1779461815;950;13,4;100;67;13,9;3,1;234
1011688;2026-05-22 16:56:55;1779461815;1050;14,0;100;67;14,1;3,1;239
1012385;2026-05-22 16:56:56;1779461816;1100;14,0;100;67;14,1;3,1;244
1012916;2026-05-22 16:56:57;1779461817;1200;17,2;76;67;14,1;3,1;250
1013448;2026-05-22 16:56:57;1779461817;1300;18,0;68;67;13,9;3,1;255
1014145;2026-05-22 16:56:58;1779461818;1350;18,6;65;67;13,9;3,1;263
1014689;2026-05-22 16:56:58;1779461818;1400;19,2;65;67;13,9;3,1;269
1015219;2026-05-22 16:56:59;1779461819;1400;19,2;62;67;13,9;3,0;274
1015746;2026-05-22 16:57:00;1779461820;1450;25,6;61;67;13,9;3,0;281
1016277;2026-05-22 16:57:00;1779461820;1550;26,2;61;67;13,9;3,0;287
1016809;2026-05-22 16:57:01;1779461821;1650;28,0;61;67;13,9;3,0;295
1017505;2026-05-22 16:57:01;1779461821;1700;29,0;61;67;13,9;3,0;304
1018036;2026-05-22 16:57:02;1779461822;1700;30,6;59;67;13,9;3,1;312
1018571;2026-05-22 16:57:02;1779461822;1750;31,2;57;67;13,9;3,1;319
1019185;2026-05-22 16:57:03;1779461823;1750;31,6;56;67;13,9;3,1;328
1019715;2026-05-22 16:57:03;1779461823;1750;32,6;56;67;13,9;3,1;336
1020245;2026-05-22 16:57:04;1779461824;1800;33,2;54;67;13,9;3,1;343
1020866;2026-05-22 16:57:05;1779461825;1850;33,2;54;67;13,9;3,1;352
1021402;2026-05-22 16:57:05;1779461825;1800;33,2;54;67;13,9;3,1;360
1021934;2026-05-22 16:57:06;1779461826;1850;33,4;54;67;13,9;3,1;369
1022626;2026-05-22 16:57:06;1779461826;1850;33,8;53;67;13,9;3,0;379
1023157;2026-05-22 16:57:07;1779461827;1850;33,8;53;67;13,9;3,0;387
1023695;2026-05-22 16:57:07;1779461827;1900;33,8;53;67;13,7;3,0;395
1024345;2026-05-22 16:57:08;1779461828;1900;33,8;53;67;13,7;3,0;406
1024878;2026-05-22 16:57:09;1779461829;1900;33,8;53;67;13,7;3,1;414
1025416;2026-05-22 16:57:09;1779461829;1900;33,8;53;67;13,9;3,1;422
1026066;2026-05-22 16:57:10;1779461830;1900;33,8;53;67;13,9;3,1;432
1026602;2026-05-22 16:57:10;1779461830;1900;33,8;53;67;13,9;3,1;440
1027135;2026-05-22 16:57:11;1779461831;1900;34,2;53;67;13,9;3,1;449
1027786;2026-05-22 16:57:12;1779461832;1900;31,2;56;67;13,9;3,1;459
1028329;2026-05-22 16:57:12;1779461832;1550;26,8;59;67;13,9;3,1;465
1028862;2026-05-22 16:57:13;1779461833;1550;26,6;60;67;13,9;3,1;472
1029506;2026-05-22 16:57:13;1779461833;1550;44,8;61;67;13,9;3,1;480
1030040;2026-05-22 16:57:14;1779461834;1200;16,0;100;67;13,9;3,1;485
1030572;2026-05-22 16:57:14;1779461834;1150;16,0;100;67;13,9;3,1;490
1031185;2026-05-22 16:57:15;1779461835;1100;14,6;100;67;13,7;3,1;496
1031720;2026-05-22 16:57:15;1779461835;1000;14,0;100;67;13,7;3,1;500
1032250;2026-05-22 16:57:16;1779461836;1100;15,2;100;67;13,7;3,1;505
1032865;2026-05-22 16:57:17;1779461837;1200;16,0;100;67;13,7;3,1;510
1033398;2026-05-22 16:57:17;1779461837;1100;14,6;100;67;13,7;3,1;514
1033930;2026-05-22 16:57:18;1779461838;1000;13,4;100;67;13,9;3,1;519
1034505;2026-05-22 16:57:18;1779461838;950;12,2;100;67;13,9;3,1;522
1035036;2026-05-22 16:57:19;1779461839;900;12,8;100;67;13,9;3,1;526
1035567;2026-05-22 16:57:19;1779461839;950;13,4;100;67;13,9;3,1;531
1036098;2026-05-22 16:57:20;1779461840;950;14,0;67;67;14,1;3,1;535
1036619;2026-05-22 16:57:20;1779461840;1600;24,8;76;67;14,1;3,1;542
1037156;2026-05-22 16:57:21;1779461841;1750;27,8;76;67;14,1;3,1;549
1037687;2026-05-22 16:57:21;1779461841;1800;27,8;76;67;13,9;3,1;556
1038221;2026-05-22 16:57:22;1779461842;1800;27,8;76;67;13,9;3,1;564
1038757;2026-05-22 16:57:23;1779461843;1800;28,2;75;67;13,9;3,0;572
1039290;2026-05-22 16:57:23;1779461843;1850;29,6;72;67;13,9;3,0;581
1039903;2026-05-22 16:57:24;1779461844;1850;29,6;68;67;13,9;3,0;590
1040437;2026-05-22 16:57:24;1779461844;1850;29,6;68;67;13,9;3,1;597
1040973;2026-05-22 16:57:25;1779461845;1850;30,4;65;67;13,9;3,1;606
1041506;2026-05-22 16:57:25;1779461845;1800;31,2;61;67;13,9;3,1;614
1042052;2026-05-22 16:57:26;1779461846;1800;31,6;59;67;13,9;3,1;622
1042579;2026-05-22 16:57:26;1779461846;1750;31,6;59;67;13,9;3,1;629
1043266;2026-05-22 16:57:27;1779461847;1750;32,6;56;67;13,9;3,1;639
1043799;2026-05-22 16:57:28;1779461848;1750;31,6;56;67;13,9;3,1;647
1044332;2026-05-22 16:57:28;1779461848;1750;31,6;56;67;13,9;3,1;654
1044986;2026-05-22 16:57:29;1779461849;1750;31,6;56;67;13,9;3,1;664
1045515;2026-05-22 16:57:29;1779461849;1750;31,6;56;67;13,9;3,1;671
1046047;2026-05-22 16:57:30;1779461850;1750;31,6;56;67;13,9;3,1;678
1046705;2026-05-22 16:57:30;1779461850;1700;31,6;56;68;13,9;3,1;688
1047236;2026-05-22 16:57:31;1779461851;1700;29,6;59;68;13,9;3,1;695
1047771;2026-05-22 16:57:32;1779461852;1700;29,6;59;68;13,9;3,1;703
1048386;2026-05-22 16:57:32;1779461852;1700;29,6;59;68;13,9;3,1;712
1048918;2026-05-22 16:57:33;1779461853;1700;29,6;60;68;13,9;3,1;719
1049454;2026-05-22 16:57:33;1779461853;1700;29,4;61;68;13,9;3,1;726
1050106;2026-05-22 16:57:34;1779461854;1700;30,0;60;68;13,9;3,1;735
1050636;2026-05-22 16:57:34;1779461854;1750;31,2;56;68;13,9;3,1;742
1051169;2026-05-22 16:57:35;1779461855;1750;31,6;56;68;13,9;3,1;750
1051825;2026-05-22 16:57:36;1779461856;2050;29,4;72;68;13,9;3,1;761
1052370;2026-05-22 16:57:36;1779461856;2100;30,0;75;68;13,9;3,1;770
1052900;2026-05-22 16:57:37;1779461857;2200;30,8;72;68;13,9;3,0;780
1053546;2026-05-22 16:57:37;1779461857;2250;32,2;68;68;13,9;3,0;791
1054077;2026-05-22 16:57:38;1779461858;2300;31,6;68;68;13,9;3,0;801
1054611;2026-05-22 16:57:38;1779461858;2000;28,8;76;68;13,9;3,0;810
1055305;2026-05-22 16:57:39;1779461859;1950;28,8;75;68;13,9;3,1;821
1055850;2026-05-22 16:57:40;1779461860;1950;28,8;75;68;13,9;3,1;830
1056385;2026-05-22 16:57:40;1779461860;1950;29,6;72;68;13,9;3,0;838
1056984;2026-05-22 16:57:41;1779461861;1950;29,6;72;68;13,9;3,0;848
1057514;2026-05-22 16:57:41;1779461861;1950;29,6;72;68;13,9;3,0;856
1058049;2026-05-22 16:57:42;1779461862;1850;30,4;68;68;13,9;3,0;864
1058665;2026-05-22 16:57:42;1779461862;1800;28,6;72;68;13,9;3,0;874
1059197;2026-05-22 16:57:43;1779461863;1800;28,6;72;68;13,9;3,0;881
1059730;2026-05-22 16:57:43;1779461864;1700;20,0;68;68;13,9;3,0;889
1060341;2026-05-22 16:57:44;1779461864;1200;16,0;100;68;13,9;3,1;894
1060874;2026-05-22 16:57:45;1779461865;1100;15,2;100;68;14,1;3,1;899
1061404;2026-05-22 16:57:45;1779461865;1050;14,6;100;68;14,1;3,1;904
1061905;2026-05-22 16:57:46;1779461866;950;14,0;100;68;14,1;3,1;908
1062439;2026-05-22 16:57:46;1779461866;950;13,4;100;68;14,1;3,0;912
1062970;2026-05-22 16:57:47;1779461867;950;12,8;100;68;13,9;3,0;915
1063586;2026-05-22 16:57:47;1779461867;950;12,8;100;68;13,9;3,0;920
1064120;2026-05-22 16:57:48;1779461868;950;12,8;100;68;13,9;3,0;924
1064648;2026-05-22 16:57:48;1779461868;950;12,8;100;68;13,9;3,0;927
1065264;2026-05-22 16:57:49;1779461869;950;13,4;100;68;13,9;3,1;932
1065794;2026-05-22 16:57:50;1779461870;1150;16,6;100;68;14,1;3,1;937
1066328;2026-05-22 16:57:50;1779461870;1300;18,6;65;68;14,1;3,1;943
1066986;2026-05-22 16:57:51;1779461871;1550;24,8;76;68;14,1;3,0;951
1067523;2026-05-22 16:57:51;1779461871;1750;27,8;76;68;13,9;3,0;959
1068059;2026-05-22 16:57:52;1779461872;1800;28,0;76;68;13,9;3,0;967
1068705;2026-05-22 16:57:52;1779461872;1850;28,2;72;68;13,9;3,0;976
1069253;2026-05-22 16:57:53;1779461873;1850;29,6;68;68;13,9;3,0;984
1069788;2026-05-22 16:57:54;1779461874;1850;30,6;68;68;13,9;3,1;993
1070426;2026-05-22 16:57:54;1779461874;1450;19,2;100;68;13,9;3,1;1001
1070962;2026-05-22 16:57:55;1779461875;1450;19,2;100;68;13,9;3,1;1007
1071494;2026-05-22 16:57:55;1779461875;1350;18,0;100;68;13,9;3,0;1012
1072106;2026-05-22 16:57:56;1779461876;1200;16,0;100;68;13,9;3,0;1019
1072642;2026-05-22 16:57:56;1779461876;1200;15,2;100;68;13,9;3,0;1023
1073174;2026-05-22 16:57:57;1779461877;1100;15,2;100;68;13,9;3,0;1028
1073866;2026-05-22 16:57:58;1779461878;1000;14,0;100;68;13,9;3,1;1034
1074400;2026-05-22 16:57:58;1779461878;1000;13,4;100;68;14,1;3,1;1038
1074933;2026-05-22 16:57:59;1779461879;1000;13,4;100;68;14,1;3,1;1042
1075585;2026-05-22 16:57:59;1779461879;1000;13,4;100;68;14,1;3,1;1047
1076121;2026-05-22 16:58:00;1779461880;1000;13,4;100;68;14,1;3,1;1051
1076654;2026-05-22 16:58:00;1779461880;1000;14,0;100;68;14,1;3,1;1055
1077305;2026-05-22 16:58:01;1779461881;1050;14,0;100;68;14,1;3,1;1061
1077842;2026-05-22 16:58:02;1779461882;1050;14,6;100;68;14,1;3,1;1065
1078375;2026-05-22 16:58:02;1779461882;1050;14,6;100;68;14,1;3,1;1070
1079025;2026-05-22 16:58:03;1779461883;1100;16,0;86;68;14,1;3,1;1075
1079568;2026-05-22 16:58:03;1779461883;1400;20,0;61;68;14,1;3,1;1082
1080103;2026-05-22 16:58:04;1779461884;1600;27,6;61;68;14,1;3,1;1089
1080745;2026-05-22 16:58:05;1779461885;1700;30,6;56;68;13,9;3,1;1098
1081280;2026-05-22 16:58:05;1779461885;1800;33,2;54;68;13,9;3,1;1105
1081814;2026-05-22 16:58:06;1779461886;1900;33,8;53;68;13,9;3,0;1114
1082466;2026-05-22 16:58:06;1779461886;2000;34,4;53;68;13,9;3,0;1124
1083014;2026-05-22 16:58:07;1779461887;2100;35,6;51;68;13,9;3,0;1133
1083546;2026-05-22 16:58:07;1779461887;1700;28,6;56;68;13,9;3,0;1141
1084187;2026-05-22 16:58:08;1779461888;1650;29,2;59;68;13,9;3,0;1149
1084719;2026-05-22 16:58:08;1779461888;1550;30,2;56;68;13,9;3,0;1156
1085253;2026-05-22 16:58:09;1779461889;1500;25,6;61;68;13,9;3,0;1163
1085986;2026-05-22 16:58:10;1779461890;1500;25,6;61;68;13,9;3,1;1172
1086529;2026-05-22 16:58:10;1779461890;1500;20,6;100;68;13,9;3,1;1178
1087062;2026-05-22 16:58:11;1779461891;1250;16,6;100;68;13,9;3,1;1183
1087585;2026-05-22 16:58:11;1779461891;1150;16,0;100;68;13,9;3,1;1187
1088119;2026-05-22 16:58:12;1779461892;1200;16,0;100;68;13,9;3,1;1193
1088654;2026-05-22 16:58:12;1779461892;1100;16,0;100;68;14,1;3,1;1198
1089345;2026-05-22 16:58:13;1779461893;1150;15,2;100;68;14,1;3,1;1204
1089879;2026-05-22 16:58:14;1779461894;1100;15,2;100;68;14,1;3,1;1209
1090411;2026-05-22 16:58:14;1779461894;1100;14,6;100;68;14,1;3,1;1213
1091065;2026-05-22 16:58:15;1779461895;1100;15,2;100;68;14,1;3,1;1219
1091595;2026-05-22 16:58:15;1779461895;1050;15,2;100;68;14,1;3,1;1224
1092133;2026-05-22 16:58:16;1779461896;1100;14,6;100;68;14,1;3,1;1228
1092785;2026-05-22 16:58:17;1779461897;1100;14,0;100;68;14,1;3,1;1234
1093337;2026-05-22 16:58:17;1779461897;1100;15,2;100;68;14,1;3,1;1239
1093867;2026-05-22 16:58:18;1779461898;1100;14,6;100;68;14,1;3,1;1243
1094505;2026-05-22 16:58:18;1779461898;1100;14,6;100;68;14,1;3,1;1248
1095037;2026-05-22 16:58:19;1779461899;1050;14,6;100;68;14,1;3,1;1253
1095568;2026-05-22 16:58:19;1779461899;1050;14,6;100;68;14,1;3,1;1258
1096185;2026-05-22 16:58:20;1779461900;1050;15,2;100;68;14,1;3,1;1263
1096727;2026-05-22 16:58:20;1779461900;1050;14,6;100;68;14,1;3,1;1267
1097258;2026-05-22 16:58:21;1779461901;1050;14,6;100;68;14,1;3,1;1272
1097905;2026-05-22 16:58:22;1779461902;1050;14,6;100;68;14,1;3,1;1277
1098437;2026-05-22 16:58:22;1779461902;1050;14,6;100;68;14,1;3,1;1282
1098966;2026-05-22 16:58:23;1779461903;1050;14,6;100;68;14,1;3,1;1286
1099586;2026-05-22 16:58:23;1779461903;1050;14,6;100;68;14,1;3,0;1292
1100127;2026-05-22 16:58:24;1779461904;1050;14,6;100;68;14,1;3,0;1296
1100658;2026-05-22 16:58:24;1779461904;1050;14,6;100;68;14,1;3,0;1301
1101306;2026-05-22 16:58:25;1779461905;1050;14,6;100;68;14,1;3,0;1306
1101840;2026-05-22 16:58:26;1779461906;1050;14,6;100;68;14,1;3,1;1311
1102370;2026-05-22 16:58:26;1779461906;1050;14,6;100;68;14,1;3,1;1315
1103065;2026-05-22 16:58:27;1779461907;1050;14,0;100;68;14,1;3,1;1321
1103604;2026-05-22 16:58:27;1779461907;1050;14,0;100;68;14,1;3,1;1325
1104137;2026-05-22 16:58:28;1779461908;1050;14,6;100;68;14,1;3,1;1330
1104825;2026-05-22 16:58:29;1779461909;1000;14,0;100;68;14,1;3,1;1335
1105357;2026-05-22 16:58:29;1779461909;1000;14,0;100;68;14,1;3,1;1339
1105893;2026-05-22 16:58:30;1779461910;1000;14,0;100;68;14,1;3,1;1344
1106585;2026-05-22 16:58:30;1779461910;1000;14,0;100;68;14,1;3,1;1349
1107127;2026-05-22 16:58:31;1779461911;950;14,0;100;68;14,1;3,1;1353
1107658;2026-05-22 16:58:31;1779461911;950;14,0;100;68;14,1;3,1;1357
1108304;2026-05-22 16:58:32;1779461912;1000;13,4;100;68;14,1;3,1;1363
1108835;2026-05-22 16:58:33;1779461913;950;13,4;100;68;14,1;3,1;1366
1109370;2026-05-22 16:58:33;1779461913;950;13,4;100;68;14,1;3,1;1371
1109985;2026-05-22 16:58:34;1779461914;950;12,8;100;68;13,9;3,1;1375
1110529;2026-05-22 16:58:34;1779461914;950;12,8;100;68;13,9;3,1;1379
1111061;2026-05-22 16:58:35;1779461915;900;12,8;100;69;13,9;3,1;1383
1111705;2026-05-22 16:58:35;1779461915;950;13,4;100;69;13,9;3,1;1388
1112238;2026-05-22 16:58:36;1779461916;900;12,8;100;69;13,9;3,0;1392
1112771;2026-05-22 16:58:37;1779461917;950;12,8;100;69;13,9;3,0;1396
1113386;2026-05-22 16:58:37;1779461917;900;12,8;100;69;13,9;3,0;1400
1113918;2026-05-22 16:58:38;1779461918;900;12,2;100;69;13,9;3,0;1403
1114449;2026-05-22 16:58:38;1779461918;900;12,8;100;69;13,9;3,0;1407
1115106;2026-05-22 16:58:39;1779461919;950;12,8;100;69;13,9;3,0;1412
1115635;2026-05-22 16:58:39;1779461919;900;12,8;100;69;13,9;3,0;1416
1116163;2026-05-22 16:58:40;1779461920;900;12,8;100;69;13,9;3,0;1418
342404;2026-05-22 17:06:19;1779462379;2100;24,4;81;70;0,0;0,0;13
342941;2026-05-22 17:06:20;1779462380;2100;24,8;78;70;13,9;3,0;22
343472;2026-05-22 17:06:20;1779462380;2100;25,0;76;70;13,9;3,0;29
344097;2026-05-22 17:06:21;1779462381;2100;25,2;76;70;13,9;3,0;39
344630;2026-05-22 17:06:21;1779462381;2100;25,4;75;70;13,9;3,0;50
345159;2026-05-22 17:06:22;1779462382;2000;24,6;72;70;13,9;3,0;60
345700;2026-05-22 17:06:22;1779462382;1950;24,6;78;70;13,9;3,0;68
346235;2026-05-22 17:06:23;1779462383;1950;24,6;78;70;13,9;3,0;75
346764;2026-05-22 17:06:24;1779462384;1950;24,6;77;70;13,9;3,0;84
347301;2026-05-22 17:06:24;1779462384;2000;24,8;77;70;13,9;3,0;93
347891;2026-05-22 17:06:25;1779462385;1950;25,0;76;70;13,9;3,0;102
348425;2026-05-22 17:06:25;1779462385;1950;25,0;76;70;13,9;3,0;110
348956;2026-05-22 17:06:26;1779462386;2000;25,0;76;70;13,9;3,0;118
349533;2026-05-22 17:06:26;1779462386;2000;25,0;76;70;13,9;3,0;129
350066;2026-05-22 17:06:27;1779462387;2050;23,4;80;70;13,9;3,0;138
350600;2026-05-22 17:06:27;1779462387;2300;23,6;86;70;13,9;3,0;147
351212;2026-05-22 17:06:28;1779462388;2300;23,6;86;70;13,9;3,0;159
351744;2026-05-22 17:06:29;1779462389;2350;23,6;86;70;13,9;3,0;169
352275;2026-05-22 17:06:29;1779462389;2350;23,6;86;70;13,9;3,0;179
352829;2026-05-22 17:06:30;1779462390;2350;23,8;86;70;13,9;3,0;189
353361;2026-05-22 17:06:30;1779462390;2350;23,8;86;70;13,9;3,0;199
353899;2026-05-22 17:06:31;1779462391;2400;23,8;86;70;13,9;3,0;210
354497;2026-05-22 17:06:31;1779462391;2400;23,8;86;70;13,9;3,0;221
355031;2026-05-22 17:06:32;1779462392;2400;23,8;86;70;13,9;3,0;232
355565;2026-05-22 17:06:32;1779462392;2400;23,8;86;70;13,9;3,0;243
356097;2026-05-22 17:06:33;1779462393;2400;24,0;86;70;13,9;3,0;253
356630;2026-05-22 17:06:33;1779462393;1700;22,6;100;70;13,9;3,0;261
357163;2026-05-22 17:06:34;1779462394;1700;22,6;100;70;13,9;3,0;268
357817;2026-05-22 17:06:35;1779462395;1700;22,6;100;70;13,9;3,0;278
358349;2026-05-22 17:06:35;1779462395;1700;22,6;100;70;13,9;3,0;285
358882;2026-05-22 17:06:36;1779462396;1700;22,4;100;70;13,9;3,0;293
359578;2026-05-22 17:06:36;1779462396;1700;22,2;100;70;13,9;3,0;302
360122;2026-05-22 17:06:37;1779462397;1650;22,2;100;70;13,9;3,0;309
360655;2026-05-22 17:06:37;1779462397;1650;22,2;100;70;13,9;3,0;316
361177;2026-05-22 17:06:38;1779462398;1650;22,2;100;70;13,9;3,0;323
361709;2026-05-22 17:06:38;1779462398;1600;22,0;100;70;13,9;3,0;330
362243;2026-05-22 17:06:39;1779462399;1600;22,0;100;70;13,9;3,0;337
362937;2026-05-22 17:06:40;1779462400;1600;21,2;100;70;13,9;3,0;346
363473;2026-05-22 17:06:40;1779462400;1550;22,0;100;70;13,9;3,0;351
364003;2026-05-22 17:06:41;1779462401;1550;21,2;100;70;13,9;3,0;360
364656;2026-05-22 17:06:41;1779462401;1550;20,6;100;70;13,9;3,0;367
365188;2026-05-22 17:06:42;1779462402;1550;20,6;100;70;13,9;3,0;375
365722;2026-05-22 17:06:42;1779462402;1550;20,6;100;70;13,9;3,0;382
366377;2026-05-22 17:06:43;1779462403;1500;20,6;100;70;13,9;3,0;390
366913;2026-05-22 17:06:44;1779462404;1500;20,6;100;70;13,9;3,0;396
367451;2026-05-22 17:06:44;1779462404;1500;20,6;100;70;14,1;3,0;402
368136;2026-05-22 17:06:45;1779462405;1500;20,6;100;70;14,1;3,0;411
368672;2026-05-22 17:06:45;1779462405;1600;21,2;84;70;14,1;3,0;417
369207;2026-05-22 17:06:46;1779462406;1650;26,0;62;70;13,9;3,0;425
369857;2026-05-22 17:06:47;1779462407;1650;29,0;59;70;13,9;3,0;434
370403;2026-05-22 17:06:47;1779462407;1650;29,0;56;70;13,9;3,0;441
370936;2026-05-22 17:06:48;1779462408;1700;29,0;56;70;13,9;3,0;448
371537;2026-05-22 17:06:48;1779462408;1700;29,0;56;70;13,9;3,0;457
372068;2026-05-22 17:06:49;1779462409;1700;29,0;57;70;13,9;3,0;463
372599;2026-05-22 17:06:49;1779462409;1650;25,6;68;70;13,9;3,0;471
373218;2026-05-22 17:06:50;1779462410;1650;24,0;76;70;13,9;3,0;479
373754;2026-05-22 17:06:51;1779462411;1600;22,2;100;70;13,9;3,0;485
374287;2026-05-22 17:06:51;1779462411;1600;22,0;100;70;13,9;3,0;493
374977;2026-05-22 17:06:52;1779462412;1550;20,6;100;70;13,9;3,0;502
375510;2026-05-22 17:06:52;1779462412;1450;20,6;100;70;13,9;3,0;509
376045;2026-05-22 17:06:53;1779462413;1500;20,6;100;70;13,9;3,0;514
376619;2026-05-22 17:06:53;1779462413;1500;20,0;100;70;13,9;3,0;522
377158;2026-05-22 17:06:54;1779462414;1500;20,6;100;70;13,9;3,0;528
377693;2026-05-22 17:06:54;1779462414;1450;20,0;100;70;13,9;3,0;535
378376;2026-05-22 17:06:55;1779462415;1450;20,0;100;70;13,9;3,0;542
378908;2026-05-22 17:06:56;1779462416;1450;19,2;100;70;13,9;3,0;549
379443;2026-05-22 17:06:56;1779462416;1450;20,0;100;70;13,9;3,0;555
380097;2026-05-22 17:06:57;1779462417;1450;20,0;100;70;14,1;3,0;563
380629;2026-05-22 17:06:57;1779462417;1400;19,2;100;70;14,1;3,0;569
381164;2026-05-22 17:06:58;1779462418;1400;19,2;100;70;14,1;3,0;575
381776;2026-05-22 17:06:59;1779462419;1400;18,6;100;70;14,1;3,0;582
382309;2026-05-22 17:06:59;1779462419;1400;19,2;100;70;14,1;3,0;588
382842;2026-05-22 17:07:00;1779462420;1400;18,6;100;70;14,1;3,0;594
383497;2026-05-22 17:07:00;1779462420;1400;18,6;100;70;14,1;3,0;601
384036;2026-05-22 17:07:01;1779462421;1350;18,6;100;70;14,1;3,0;607
384567;2026-05-22 17:07:01;1779462421;1350;18,6;100;70;14,1;3,0;613
385257;2026-05-22 17:07:02;1779462422;1350;18,6;100;70;14,1;3,0;620
385788;2026-05-22 17:07:03;1779462423;1300;18,0;100;70;14,1;3,0;625
386335;2026-05-22 17:07:03;1779462423;1350;18,0;100;70;14,1;3,0;632
386937;2026-05-22 17:07:04;1779462424;1300;18,0;100;70;14,1;3,0;638
387466;2026-05-22 17:07:04;1779462424;1300;17,2;100;70;14,1;3,0;642
387998;2026-05-22 17:07:05;1779462425;1250;17,2;100;70;14,1;3,0;649
388498;2026-05-22 17:07:05;1779462425;1200;16,0;100;70;14,1;3,0;654
389029;2026-05-22 17:07:06;1779462426;1150;15,2;100;70;14,1;2,9;658
389559;2026-05-22 17:07:06;1779462426;1100;14,0;100;70;13,9;2,9;663
390177;2026-05-22 17:07:07;1779462427;1050;13,4;100;70;13,9;2,9;668
390716;2026-05-22 17:07:07;1779462427;1000;13,4;100;70;13,9;2,9;672
391246;2026-05-22 17:07:08;1779462428;950;13,4;100;70;13,9;2,9;675
391856;2026-05-22 17:07:09;1779462429;900;12,8;100;70;13,9;3,0;680
392385;2026-05-22 17:07:09;1779462429;900;13,4;100;70;13,9;3,0;684
392917;2026-05-22 17:07:10;1779462430;950;13,4;100;70;13,9;3,0;688
393577;2026-05-22 17:07:10;1779462430;900;12,8;100;70;13,9;3,0;693
394116;2026-05-22 17:07:11;1779462431;900;12,8;100;70;13,9;3,0;695
394644;2026-05-22 17:07:11;1779462431;950;12,8;100;70;13,9;3,0;700
395297;2026-05-22 17:07:12;1779462432;950;12,8;100;70;13,9;3,0;705
395826;2026-05-22 17:07:13;1779462433;950;12,8;100;70;13,9;3,0;709
396355;2026-05-22 17:07:13;1779462433;900;13,4;100;70;13,9;3,0;713
396937;2026-05-22 17:07:14;1779462434;950;12,8;100;70;13,9;3,0;717
397479;2026-05-22 17:07:14;1779462434;950;12,8;100;70;13,9;3,0;721
398008;2026-05-22 17:07:15;1779462435;950;13,4;100;70;13,9;3,0;723
398737;2026-05-22 17:07:16;1779462436;950;12,8;100;70;13,9;3,0;730
399267;2026-05-22 17:07:16;1779462436;950;12,8;100;70;13,9;3,0;734
399797;2026-05-22 17:07:17;1779462437;950;12,8;100;70;13,9;3,0;738
400373;2026-05-22 17:07:17;1779462437;950;13,4;100;70;13,9;3,0;743
400914;2026-05-22 17:07:18;1779462438;900;12,8;100;70;13,9;3,0;746
401444;2026-05-22 17:07:18;1779462438;950;13,4;100;70;13,9;3,0;750
402138;2026-05-22 17:07:19;1779462439;950;12,8;100;70;13,9;3,0;755
402667;2026-05-22 17:07:19;1779462439;950;13,4;100;70;13,9;3,0;759
403200;2026-05-22 17:07:20;1779462440;950;12,8;100;70;13,9;3,0;763
403857;2026-05-22 17:07:21;1779462441;950;12,8;100;70;13,9;3,0;768
404388;2026-05-22 17:07:21;1779462441;950;13,4;100;70;13,9;3,0;772
404916;2026-05-22 17:07:22;1779462442;950;12,8;100;70;13,9;3,0;775
405536;2026-05-22 17:07:22;1779462442;900;12,8;100;70;13,9;3,0;780
406067;2026-05-22 17:07:23;1779462443;950;12,8;100;70;13,9;3,0;784
406595;2026-05-22 17:07:23;1779462443;950;12,8;100;70;13,9;3,0;787
407177;2026-05-22 17:07:24;1779462444;900;12,8;100;70;13,9;3,0;792
407707;2026-05-22 17:07:24;1779462444;950;12,8;100;70;13,9;3,0;795
408236;2026-05-22 17:07:25;1779462445;950;13,4;100;70;13,9;3,0;799
408767;2026-05-22 17:07:26;1779462446;900;13,4;100;70;14,1;3,0;804
409332;2026-05-22 17:07:26;1779462446;950;14,0;100;70;14,1;3,0;808
409863;2026-05-22 17:07:27;1779462447;1300;18,6;62;70;14,1;3,0;815
410394;2026-05-22 17:07:27;1779462447;1400;20,0;62;70;13,9;3,0;820
410947;2026-05-22 17:07:28;1779462448;1550;26,0;62;70;13,9;3,0;827
411480;2026-05-22 17:07:28;1779462448;1600;27,0;61;70;13,9;3,0;835
412009;2026-05-22 17:07:29;1779462449;1600;27,0;61;70;13,9;3,0;841
412618;2026-05-22 17:07:29;1779462449;1650;27,0;61;70;13,9;3,0;849
413148;2026-05-22 17:07:30;1779462450;1700;26,6;67;70;13,9;3,0;855
413680;2026-05-22 17:07:30;1779462450;1800;26,8;67;70;13,9;3,0;864
414230;2026-05-22 17:07:31;1779462451;1850;27,2;65;70;13,9;3,0;872
414767;2026-05-22 17:07:32;1779462452;1900;28,0;61;70;13,9;3,0;879
415302;2026-05-22 17:07:32;1779462452;1900;28,2;60;70;13,9;3,0;889
415938;2026-05-22 17:07:33;1779462453;1900;22,4;56;70;13,9;3,0;898
416468;2026-05-22 17:07:33;1779462453;1600;22,0;100;70;13,9;3,0;906
417002;2026-05-22 17:07:34;1779462454;1550;20,6;100;70;13,9;3,0;912
417696;2026-05-22 17:07:34;1779462454;1400;18,0;100;70;13,7;3,0;920
418229;2026-05-22 17:07:35;1779462455;1050;16,0;100;70;13,7;3,0;925
418762;2026-05-22 17:07:36;1779462456;1000;13,4;100;70;13,7;3,0;929
419419;2026-05-22 17:07:36;1779462456;950;12,8;100;70;13,7;3,0;934
419954;2026-05-22 17:07:37;1779462457;950;12,8;100;70;13,7;3,0;937
420486;2026-05-22 17:07:37;1779462457;900;12,2;100;70;13,9;3,0;941
421338;2026-05-22 17:07:38;1779462458;950;12,8;100;70;13,9;3,0;948
421867;2026-05-22 17:07:39;1779462459;950;12,8;100;70;13,9;3,0;952
422400;2026-05-22 17:07:39;1779462459;900;12,8;100;70;13,9;3,0;955
422973;2026-05-22 17:07:40;1779462460;950;13,4;100;70;13,9;3,0;960
423504;2026-05-22 17:07:40;1779462460;950;13,4;100;70;13,9;3,0;963
424035;2026-05-22 17:07:41;1779462461;950;13,4;100;70;13,9;3,0;968
424578;2026-05-22 17:07:41;1779462461;950;13,4;100;70;13,9;3,0;972
425126;2026-05-22 17:07:42;1779462462;950;13,4;100;70;13,9;3,0;976
425653;2026-05-22 17:07:42;1779462462;950;13,4;100;70;13,9;3,0;979
426376;2026-05-22 17:07:43;1779462463;950;13,4;100;70;13,9;3,0;985
426909;2026-05-22 17:07:44;1779462464;950;13,4;100;70;13,9;3,0;989
427439;2026-05-22 17:07:44;1779462464;950;12,8;100;70;13,9;3,0;991
428018;2026-05-22 17:07:45;1779462465;900;12,8;100;70;13,9;3,0;997
428551;2026-05-22 17:07:45;1779462465;950;12,8;100;70;13,9;3,0;1001
429081;2026-05-22 17:07:46;1779462466;900;12,8;100;70;13,9;3,0;1005
429776;2026-05-22 17:07:47;1779462467;950;12,8;100;70;13,9;3,0;1010
430308;2026-05-22 17:07:47;1779462467;950;13,4;100;70;13,9;3,0;1014
430840;2026-05-22 17:07:48;1779462468;950;13,4;100;70;13,9;3,0;1018
431496;2026-05-22 17:07:48;1779462468;900;12,8;100;70;13,9;3,0;1022
432039;2026-05-22 17:07:49;1779462469;950;13,4;100;70;13,9;3,0;1026
432571;2026-05-22 17:07:49;1779462469;950;13,4;100;70;13,9;3,0;1031
433259;2026-05-22 17:07:50;1779462470;950;12,8;100;70;13,9;3,0;1036
433789;2026-05-22 17:07:51;1779462471;950;12,8;100;70;13,9;3,0;1039
434318;2026-05-22 17:07:51;1779462471;900;12,8;100;70;13,9;3,0;1043
434937;2026-05-22 17:07:52;1779462472;950;12,8;100;70;13,9;3,0;1048
435484;2026-05-22 17:07:52;1779462472;950;12,8;100;70;13,9;3,0;1052
436013;2026-05-22 17:07:53;1779462473;950;13,4;100;70;13,9;3,0;1056
436616;2026-05-22 17:07:53;1779462473;950;12,8;100;70;13,9;3,0;1060
437147;2026-05-22 17:07:54;1779462474;950;13,4;100;70;13,9;3,0;1064
437675;2026-05-22 17:07:54;1779462474;950;13,4;100;70;13,9;3,0;1067
438257;2026-05-22 17:07:55;1779462475;950;12,8;100;70;13,9;3,0;1072
438788;2026-05-22 17:07:56;1779462476;950;13,4;100;70;13,9;3,0;1076
439317;2026-05-22 17:07:56;1779462476;950;12,8;100;70;13,9;3,0;1079
439851;2026-05-22 17:07:57;1779462477;900;12,8;100;70;13,9;3,0;1083
440409;2026-05-22 17:07:57;1779462477;950;12,8;100;70;13,9;3,0;1088
440941;2026-05-22 17:07:58;1779462478;950;12,8;100;70;13,9;3,0;1091
441472;2026-05-22 17:07:58;1779462478;950;13,4;100;70;13,9;3,0;1096
441974;2026-05-22 17:07:59;1779462479;950;12,8;100;70;13,9;3,0;1099
442506;2026-05-22 17:07:59;1779462479;950;12,8;100;70;13,9;3,0;1103
443037;2026-05-22 17:08:00;1779462480;950;13,4;100;70;13,9;3,0;1106
443538;2026-05-22 17:08:00;1779462480;950;13,4;100;70;13,9;3,0;1111
444065;2026-05-22 17:08:01;1779462481;950;13,4;100;70;13,9;3,0;1115
444598;2026-05-22 17:08:01;1779462481;900;13,4;100;70;13,9;3,0;1118
445257;2026-05-22 17:08:02;1779462482;950;12,8;100;70;13,9;3,0;1123
445803;2026-05-22 17:08:03;1779462483;950;13,4;100;70;13,9;3,0;1128
446331;2026-05-22 17:08:03;1779462483;950;13,4;100;70;13,9;3,0;1131
446978;2026-05-22 17:08:04;1779462484;950;12,8;100;70;13,9;3,0;1136
447507;2026-05-22 17:08:04;1779462484;950;12,8;100;70;13,9;3,0;1139
448037;2026-05-22 17:08:05;1779462485;950;13,4;100;70;13,9;3,0;1144
448657;2026-05-22 17:08:05;1779462485;950;12,8;100;70;13,9;3,0;1148
449198;2026-05-22 17:08:06;1779462486;950;12,8;100;70;13,9;3,0;1152
449727;2026-05-22 17:08:06;1779462486;950;12,8;100;70;13,9;3,0;1156
450377;2026-05-22 17:08:07;1779462487;950;13,4;100;70;13,9;3,0;1161
450906;2026-05-22 17:08:08;1779462488;900;13,4;100;70;13,9;3,0;1165
451436;2026-05-22 17:08:08;1779462488;900;12,8;100;70;13,9;3,0;1169
452176;2026-05-22 17:08:09;1779462489;900;12,8;100;70;13,9;3,0;1174
452718;2026-05-22 17:08:09;1779462489;950;12,8;100;70;13,9;3,0;1178
453249;2026-05-22 17:08:10;1779462490;950;13,4;100;70;13,9;3,0;1182
453817;2026-05-22 17:08:11;1779462491;900;13,4;100;70;13,9;3,0;1186
454346;2026-05-22 17:08:11;1779462491;950;13,4;100;70;13,9;3,0;1190
454879;2026-05-22 17:08:12;1779462492;950;12,8;100;70;13,9;3,0;1194
455497;2026-05-22 17:08:12;1779462492;900;12,8;100;70;13,9;3,0;1198
456033;2026-05-22 17:08:13;1779462493;950;13,4;100;70;13,9;3,0;1203
456562;2026-05-22 17:08:13;1779462493;900;12,8;100;70;13,9;3,0;1206
457296;2026-05-22 17:08:14;1779462494;950;13,4;100;70;13,9;3,0;1212
457829;2026-05-22 17:08:15;1779462495;950;12,8;100;70;13,9;3,0;1216
458356;2026-05-22 17:08:15;1779462495;950;13,4;100;70;13,9;3,0;1219
458935;2026-05-22 17:08:16;1779462496;950;13,4;100;70;13,9;3,0;1224
459464;2026-05-22 17:08:16;1779462496;950;13,4;100;70;13,9;3,0;1228
459993;2026-05-22 17:08:17;1779462497;950;12,8;100;70;13,9;3,0;1232
460617;2026-05-22 17:08:17;1779462497;950;13,4;100;70;13,9;3,0;1236
461146;2026-05-22 17:08:18;1779462498;950;12,8;100;70;13,9;3,0;1239
461675;2026-05-22 17:08:18;1779462498;950;13,4;100;70;13,9;3,0;1244
462297;2026-05-22 17:08:19;1779462499;950;13,4;100;70;13,9;3,0;1249
462837;2026-05-22 17:08:20;1779462500;950;13,4;100;70;13,9;3,0;1253
463366;2026-05-22 17:08:20;1779462500;950;12,8;100;70;13,9;3,0;1257
464017;2026-05-22 17:08:21;1779462501;950;12,8;100;70;13,9;3,0;1261
464547;2026-05-22 17:08:21;1779462501;950;12,8;100;70;13,9;3,0;1265
465077;2026-05-22 17:08:22;1779462502;950;12,8;100;70;13,9;3,0;1268
465698;2026-05-22 17:08:22;1779462502;950;13,4;100;70;13,9;3,0;1274
466240;2026-05-22 17:08:23;1779462503;950;12,8;100;70;13,9;3,0;1278
466769;2026-05-22 17:08:24;1779462504;950;12,8;100;70;13,9;3,0;1282
467417;2026-05-22 17:08:24;1779462504;950;12,8;100;70;13,9;3,0;1287
467946;2026-05-22 17:08:25;1779462505;950;12,8;100;70;13,9;3,0;1289
468475;2026-05-22 17:08:25;1779462505;950;12,8;100;70;13,9;3,0;1294
469097;2026-05-22 17:08:26;1779462506;950;13,4;100;70;13,9;3,0;1299
469631;2026-05-22 17:08:26;1779462506;950;13,4;100;70;13,9;3,0;1303
470160;2026-05-22 17:08:27;1779462507;950;12,8;100;70;13,9;3,0;1307
470857;2026-05-22 17:08:28;1779462508;950;13,4;100;70;13,9;3,0;1312
471385;2026-05-22 17:08:28;1779462508;900;13,4;100;70;13,9;3,0;1316
471918;2026-05-22 17:08:29;1779462509;950;12,8;100;70;13,9;3,0;1319
472576;2026-05-22 17:08:29;1779462509;950;12,8;100;70;13,9;3,0;1324
473109;2026-05-22 17:08:30;1779462510;950;12,8;100;70;13,9;3,0;1327
473640;2026-05-22 17:08:30;1779462510;950;13,4;100;70;13,9;3,0;1332
474297;2026-05-22 17:08:31;1779462511;950;12,8;100;70;13,9;3,0;1337
474830;2026-05-22 17:08:32;1779462512;950;12,8;100;70;13,9;3,0;1340
475362;2026-05-22 17:08:32;1779462512;900;13,4;100;70;13,9;3,0;1345
475977;2026-05-22 17:08:33;1779462513;950;13,4;100;70;13,9;3,0;1349
476512;2026-05-22 17:08:33;1779462513;950;13,4;100;70;13,9;3,0;1353
477042;2026-05-22 17:08:34;1779462514;950;12,8;100;70;13,9;3,0;1357
477737;2026-05-22 17:08:35;1779462515;950;12,8;100;70;13,9;3,0;1362
478269;2026-05-22 17:08:35;1779462515;950;12,8;100;70;13,9;3,0;1366
478802;2026-05-22 17:08:36;1779462516;950;12,8;100;70;13,9;3,0;1370
479457;2026-05-22 17:08:36;1779462516;950;13,4;100;70;13,9;3,0;1375
479988;2026-05-22 17:08:37;1779462517;950;12,8;100;70;13,9;3,0;1379
480520;2026-05-22 17:08:37;1779462517;950;13,4;100;70;13,9;3,0;1383
481218;2026-05-22 17:08:38;1779462518;950;13,4;100;70;13,9;3,0;1388
481751;2026-05-22 17:08:39;1779462519;950;13,4;100;70;13,9;3,0;1392
482281;2026-05-22 17:08:39;1779462519;900;13,4;100;70;13,9;3,0;1396
482897;2026-05-22 17:08:40;1779462520;950;12,8;100;70;13,9;3,0;1401
483438;2026-05-22 17:08:40;1779462520;950;13,4;100;70;13,9;3,0;1404
483967;2026-05-22 17:08:41;1779462521;950;13,4;100;70;13,9;3,0;1408
484578;2026-05-22 17:08:41;1779462521;950;13,4;100;70;13,9;3,0;1413
485105;2026-05-22 17:08:42;1779462522;950;13,4;100;70;13,9;3,0;1416
485637;2026-05-22 17:08:42;1779462522;950;13,4;100;70;13,9;3,0;1421
486257;2026-05-22 17:08:43;1779462523;950;12,8;100;70;13,9;3,0;1425
486792;2026-05-22 17:08:44;1779462524;900;13,4;100;70;13,9;3,0;1429
487321;2026-05-22 17:08:44;1779462524;950;12,8;100;70;13,9;3,0;1433
488016;2026-05-22 17:08:45;1779462525;950;13,4;100;70;13,9;3,0;1438
488544;2026-05-22 17:08:45;1779462525;950;12,8;100;70;13,9;3,0;1442
489077;2026-05-22 17:08:46;1779462526;950;13,4;100;70;13,9;3,0;1446
489736;2026-05-22 17:08:47;1779462527;950;13,4;100;70;13,9;3,0;1451
490269;2026-05-22 17:08:47;1779462527;950;12,8;100;70;13,9;3,0;1455
490803;2026-05-22 17:08:48;1779462528;950;13,4;100;70;13,9;3,0;1459
491457;2026-05-22 17:08:48;1779462528;900;12,8;100;70;13,9;3,0;1464
491991;2026-05-22 17:08:49;1779462529;950;13,4;100;70;13,9;3,0;1467
492522;2026-05-22 17:08:49;1779462529;950;12,8;100;70;13,9;3,0;1472
493176;2026-05-22 17:08:50;1779462530;950;12,8;100;70;13,9;3,0;1476
493718;2026-05-22 17:08:50;1779462530;900;13,4;100;70;13,7;3,0;1480
494248;2026-05-22 17:08:51;1779462531;950;12,8;100;70;13,7;3,0;1484
494897;2026-05-22 17:08:52;1779462532;950;12,8;100;70;13,7;3,0;1489
495431;2026-05-22 17:08:52;1779462532;900;13,4;100;70;13,7;3,0;1493
495962;2026-05-22 17:08:53;1779462533;900;12,8;100;70;13,7;3,0;1496
496617;2026-05-22 17:08:53;1779462533;950;13,4;100;70;13,7;3,0;1501
497163;2026-05-22 17:08:54;1779462534;950;12,8;100;70;13,7;3,0;1505
497691;2026-05-22 17:08:54;1779462534;950;13,4;100;70;13,7;3,0;1509
498338;2026-05-22 17:08:55;1779462535;900;13,4;100;70;13,7;3,0;1514
498867;2026-05-22 17:08:56;1779462536;950;13,4;100;70;13,7;3,0;1518
499396;2026-05-22 17:08:56;1779462536;900;13,4;100;70;13,7;3,0;1521
500097;2026-05-22 17:08:57;1779462537;950;12,8;100;70;13,7;3,0;1527
500624;2026-05-22 17:08:57;1779462537;950;13,4;100;70;13,7;3,0;1530
501156;2026-05-22 17:08:58;1779462538;900;12,8;100;70;13,7;3,0;1534
501817;2026-05-22 17:08:59;1779462539;900;13,4;100;70;13,7;2,9;1539
502349;2026-05-22 17:08:59;1779462539;950;13,4;100;70;13,7;2,9;1543
502880;2026-05-22 17:09:00;1779462540;900;12,8;100;70;13,7;2,9;1547
503537;2026-05-22 17:09:00;1779462540;950;13,4;100;70;13,7;2,9;1552
504078;2026-05-22 17:09:01;1779462541;950;13,4;100;70;13,7;3,0;1556
504609;2026-05-22 17:09:01;1779462541;950;12,8;100;70;13,9;3,0;1560
505338;2026-05-22 17:09:02;1779462542;1300;20,0;65;70;13,9;3,0;1566
505870;2026-05-22 17:09:03;1779462543;1800;24,4;78;70;13,9;3,0;1574
506404;2026-05-22 17:09:03;1779462543;1850;24,8;77;70;13,7;2,9;1582
506937;2026-05-22 17:09:04;1779462544;1850;24,8;76;70;13,7;2,9;1590
507473;2026-05-22 17:09:04;1779462544;1900;25,6;72;70;13,7;3,0;1598
508007;2026-05-22 17:09:05;1779462545;1950;26,6;68;70;13,7;3,0;1607
508698;2026-05-22 17:09:05;1779462545;1950;28,0;62;70;13,7;3,0;1618
509229;2026-05-22 17:09:06;1779462546;2100;26,8;68;70;13,7;3,0;1627
509764;2026-05-22 17:09:07;1779462547;2250;25,4;76;70;13,7;2,9;1636
510417;2026-05-22 17:09:07;1779462547;2200;24,0;84;70;13,7;2,9;1649
510965;2026-05-22 17:09:08;1779462548;2250;24,0;84;70;13,7;3,0;1658
511501;2026-05-22 17:09:08;1779462548;2250;24,0;84;70;13,7;3,0;1668
512136;2026-05-22 17:09:09;1779462549;2300;24,0;84;70;13,7;2,9;1678
512673;2026-05-22 17:09:09;1779462549;2350;24,0;84;70;13,7;2,9;1689
513206;2026-05-22 17:09:10;1779462550;2350;24,4;83;70;13,7;3,0;1700
513906;2026-05-22 17:09:11;1779462551;2200;24,0;84;70;13,7;3,0;1713
514446;2026-05-22 17:09:11;1779462551;2150;23,8;84;70;13,9;3,0;1722
514978;2026-05-22 17:09:12;1779462552;2100;23,8;84;70;13,9;3,0;1731
515498;2026-05-22 17:09:12;1779462552;2100;24,0;84;70;13,9;3,0;1741
516029;2026-05-22 17:09:13;1779462553;2150;24,0;83;70;13,9;3,0;1750
516558;2026-05-22 17:09:13;1779462553;2150;24,0;83;70;13,9;3,0;1759
517177;2026-05-22 17:09:14;1779462554;2150;24,0;83;70;13,9;3,0;1769
517721;2026-05-22 17:09:14;1779462554;2150;24,0;83;70;13,9;3,0;1780
518252;2026-05-22 17:09:15;1779462555;2200;24,0;83;70;13,9;3,0;1790
518898;2026-05-22 17:09:16;1779462556;2200;24,2;81;70;13,9;3,0;1801
519431;2026-05-22 17:09:16;1779462556;2200;24,4;81;70;13,9;3,0;1810
519962;2026-05-22 17:09:17;1779462557;2200;24,2;81;70;13,9;3,0;1820
520617;2026-05-22 17:09:17;1779462557;2200;24,6;81;70;13,9;3,0;1832
521149;2026-05-22 17:09:18;1779462558;2250;24,6;81;70;13,9;3,0;1840
521684;2026-05-22 17:09:18;1779462558;2250;24,6;81;70;13,9;3,0;1850
522376;2026-05-22 17:09:19;1779462559;2250;24,6;81;70;13,9;3,0;1863
522914;2026-05-22 17:09:20;1779462560;2250;24,6;81;70;13,9;3,0;1874
523448;2026-05-22 17:09:20;1779462560;2250;24,6;81;70;13,9;3,0;1884
524018;2026-05-22 17:09:21;1779462561;2250;25,4;78;70;13,9;3,0;1894
524547;2026-05-22 17:09:21;1779462561;2150;26,8;68;70;13,9;3,0;1903
525082;2026-05-22 17:09:22;1779462562;2150;26,8;68;70;13,9;3,0;1913
525616;2026-05-22 17:09:22;1779462562;2150;27,2;67;70;13,9;3,0;1922
526129;2026-05-22 17:09:23;1779462563;2150;27,2;67;70;13,9;3,0;1931
526659;2026-05-22 17:09:23;1779462563;2150;27,2;67;70;13,9;3,0;1940
527191;2026-05-22 17:09:24;1779462564;2150;27,2;65;70;13,9;3,0;1950
527774;2026-05-22 17:09:25;1779462565;2150;27,6;65;70;13,9;3,0;1960
528303;2026-05-22 17:09:25;1779462565;2150;27,6;65;70;13,9;3,0;1969
528836;2026-05-22 17:09:26;1779462566;2150;27,6;65;70;13,9;3,0;1978
529415;2026-05-22 17:09:26;1779462566;2100;29,0;56;70;13,9;3,0;1989
529950;2026-05-22 17:09:27;1779462567;2100;30,8;53;70;13,9;3,0;1995
530485;2026-05-22 17:09:27;1779462567;2050;30,8;53;70;13,9;3,0;2007
531027;2026-05-22 17:09:28;1779462568;2050;30,8;53;70;13,9;3,0;2016
531566;2026-05-22 17:09:28;1779462568;2050;30,6;53;70;13,9;3,0;2024
532100;2026-05-22 17:09:29;1779462569;2050;30,6;53;70;13,9;3,0;2034
532740;2026-05-22 17:09:30;1779462570;2050;30,6;53;70;13,9;3,0;2045
533274;2026-05-22 17:09:30;1779462570;2050;31,4;53;70;13,9;3,0;2050
533805;2026-05-22 17:09:31;1779462571;2050;31,2;51;70;13,9;3,0;2063
534469;2026-05-22 17:09:31;1779462571;2050;31,2;51;70;13,9;3,0;2072
535003;2026-05-22 17:09:32;1779462572;2050;31,2;51;70;13,9;3,0;2081
535531;2026-05-22 17:09:32;1779462572;2050;31,2;51;70;13,9;3,0;2091
536178;2026-05-22 17:09:33;1779462573;2050;31,2;51;70;13,9;3,0;2101
536711;2026-05-22 17:09:33;1779462573;2000;31,2;51;70;13,9;3,0;2110
537240;2026-05-22 17:09:34;1779462574;2000;31,0;52;70;13,9;3,0;2119
537859;2026-05-22 17:09:35;1779462575;2050;31,2;51;70;13,9;3,0;2129
538408;2026-05-22 17:09:35;1779462575;2000;30,6;51;70;13,9;3,0;2138
538941;2026-05-22 17:09:36;1779462576;2000;31,2;52;70;13,9;3,0;2146
539577;2026-05-22 17:09:36;1779462576;2000;30,6;53;70;13,9;3,0;2157
540109;2026-05-22 17:09:37;1779462577;2000;30,6;53;70;13,9;3,0;2166
540642;2026-05-22 17:09:37;1779462577;2000;30,6;53;70;13,9;3,0;2175
541337;2026-05-22 17:09:38;1779462578;2000;30,6;53;70;13,9;3,0;2186
541870;2026-05-22 17:09:39;1779462579;2000;30,6;53;70;13,9;3,0;2195
542406;2026-05-22 17:09:39;1779462579;2000;30,6;53;70;13,9;3,0;2204
543057;2026-05-22 17:09:40;1779462580;2000;30,6;53;70;13,9;3,0;2214
543593;2026-05-22 17:09:40;1779462580;2000;30,6;53;70;13,9;3,0;2222
544127;2026-05-22 17:09:41;1779462581;2000;30,6;53;70;13,9;3,0;2231
544776;2026-05-22 17:09:42;1779462582;2000;30,6;53;70;13,9;3,0;2242
545323;2026-05-22 17:09:42;1779462582;2000;30,6;53;70;13,9;3,0;2251
545856;2026-05-22 17:09:43;1779462583;2000;30,6;53;70;13,9;3,0;2258
546457;2026-05-22 17:09:43;1779462583;2000;30,6;53;70;13,9;3,0;2269
546989;2026-05-22 17:09:44;1779462584;1950;30,6;53;70;13,9;3,0;2277
547526;2026-05-22 17:09:44;1779462584;2000;30,6;53;70;13,9;3,0;2286
548176;2026-05-22 17:09:45;1779462585;2000;30,6;53;70;13,9;3,0;2297
548713;2026-05-22 17:09:45;1779462585;2000;30,6;53;70;13,9;3,0;2306
549246;2026-05-22 17:09:46;1779462586;2000;30,6;53;70;13,9;3,0;2315
549938;2026-05-22 17:09:47;1779462587;2000;30,6;53;70;13,9;3,0;2326
550469;2026-05-22 17:09:47;1779462587;2000;30,6;53;70;13,9;3,0;2332
551005;2026-05-22 17:09:48;1779462588;2000;30,6;53;70;13,9;3,0;2343
551657;2026-05-22 17:09:48;1779462588;2000;30,6;53;70;13,9;3,0;2354
552207;2026-05-22 17:09:49;1779462589;2000;30,6;53;70;13,9;3,0;2361
552744;2026-05-22 17:09:50;1779462590;2000;30,6;53;70;13,9;3,0;2371
553417;2026-05-22 17:09:50;1779462590;2000;30,6;53;70;13,9;3,0;2383
553956;2026-05-22 17:09:51;1779462591;2000;30,6;53;70;13,9;3,0;2392
554488;2026-05-22 17:09:51;1779462591;2000;30,6;53;70;13,9;3,0;2399
555148;2026-05-22 17:09:52;1779462592;2000;30,6;53;70;13,9;3,0;2411
555684;2026-05-22 17:09:52;1779462592;2050;30,6;53;70;13,9;3,0;2419
556219;2026-05-22 17:09:53;1779462593;2000;30,6;53;70;13,9;3,0;2429
556818;2026-05-22 17:09:54;1779462594;2000;30,6;53;70;13,9;3,0;2439
557353;2026-05-22 17:09:54;1779462594;2050;30,6;53;70;13,9;3,0;2446
557886;2026-05-22 17:09:55;1779462595;2000;30,6;53;70;13,9;3,0;2456
558537;2026-05-22 17:09:55;1779462595;2050;30,6;53;70;13,9;3,0;2468
559088;2026-05-22 17:09:56;1779462596;2050;30,6;53;70;13,9;3,0;2477
559619;2026-05-22 17:09:56;1779462596;2050;30,6;53;70;13,9;3,0;2485
560181;2026-05-22 17:09:57;1779462597;2050;30,6;53;70;13,9;3,0;2494
560715;2026-05-22 17:09:57;1779462597;2050;30,6;53;70;13,9;3,0;2503
561248;2026-05-22 17:09:58;1779462598;2000;30,6;53;70;13,9;3,0;2512
561782;2026-05-22 17:09:59;1779462599;2050;30,6;53;70;13,9;3,0;2521
562343;2026-05-22 17:09:59;1779462599;2050;30,6;53;70;13,9;3,0;2529
562878;2026-05-22 17:10:00;1779462600;2050;30,6;53;70;13,9;3,0;2538
563410;2026-05-22 17:10:00;1779462600;2000;30,6;53;70;13,9;3,0;2547
563936;2026-05-22 17:10:01;1779462601;2050;30,6;53;70;13,9;3,0;2557
564470;2026-05-22 17:10:01;1779462601;2050;30,6;53;70;13,9;3,0;2565
565007;2026-05-22 17:10:02;1779462602;2000;30,6;53;70;13,9;3,0;2574
565617;2026-05-22 17:10:02;1779462602;2000;30,6;53;70;13,9;3,0;2584
566156;2026-05-22 17:10:03;1779462603;2000;30,6;53;70;13,9;3,0;2593
566690;2026-05-22 17:10:03;1779462603;2050;30,6;53;70;13,9;3,0;2602
567294;2026-05-22 17:10:04;1779462604;2050;30,6;53;70;13,9;3,0;2611
567828;2026-05-22 17:10:05;1779462605;2000;30,6;53;70;13,9;3,0;2621
568363;2026-05-22 17:10:05;1779462605;2000;30,6;53;70;13,9;3,0;2630
568979;2026-05-22 17:10:06;1779462606;2000;30,6;53;70;13,9;3,0;2639
569512;2026-05-22 17:10:06;1779462606;2050;30,6;53;70;13,9;3,0;2648
570047;2026-05-22 17:10:07;1779462607;2050;30,6;53;70;13,9;3,0;2657
570577;2026-05-22 17:10:07;1779462607;2000;30,6;53;70;13,9;3,0;2665
571114;2026-05-22 17:10:08;1779462608;2000;30,6;53;70;13,9;3,0;2675
571649;2026-05-22 17:10:08;1779462608;2050;30,6;53;70;13,9;3,0;2684
572257;2026-05-22 17:10:09;1779462609;2000;30,6;53;70;13,9;3,0;2694
572790;2026-05-22 17:10:10;1779462610;2050;30,6;53;70;13,9;3,0;2702
573326;2026-05-22 17:10:10;1779462610;2050;30,6;53;70;13,9;3,0;2711
573979;2026-05-22 17:10:11;1779462611;2000;30,6;53;70;13,9;3,0;2721
574511;2026-05-22 17:10:11;1779462611;2000;30,6;53;70;13,9;3,0;2729
575047;2026-05-22 17:10:12;1779462612;2050;30,6;53;70;13,9;3,0;2740
575696;2026-05-22 17:10:12;1779462612;2050;30,6;53;70;13,9;3,0;2749
576243;2026-05-22 17:10:13;1779462613;2050;30,6;53;70;13,9;3,0;2758
576779;2026-05-22 17:10:14;1779462614;2000;30,6;53;70;13,9;3,0;2768
577417;2026-05-22 17:10:14;1779462614;2000;30,6;53;70;13,9;3,0;2779
577955;2026-05-22 17:10:15;1779462615;2000;30,6;53;70;13,9;3,0;2787
578489;2026-05-22 17:10:15;1779462615;2050;30,6;53;70;13,9;3,0;2797
579181;2026-05-22 17:10:16;1779462616;2050;30,6;53;70;13,9;3,0;2807
579727;2026-05-22 17:10:16;1779462616;2000;30,6;53;70;13,9;3,0;2817
580260;2026-05-22 17:10:17;1779462617;2050;30,6;53;70;13,9;3,0;2825
580780;2026-05-22 17:10:18;1779462618;2050;30,6;53;70;13,9;3,0;2834
581315;2026-05-22 17:10:18;1779462618;2050;30,6;53;70;13,9;3,0;2842
581848;2026-05-22 17:10:19;1779462619;2050;30,6;53;70;13,9;3,0;2852
582538;2026-05-22 17:10:19;1779462619;2050;30,6;53;70;13,9;3,0;2863
583072;2026-05-22 17:10:20;1779462620;2050;30,6;53;70;13,9;3,0;2871
583607;2026-05-22 17:10:20;1779462620;2050;30,6;53;70;13,9;3,0;2881
584217;2026-05-22 17:10:21;1779462621;2050;30,6;53;70;13,9;3,0;2891
584751;2026-05-22 17:10:22;1779462622;2050;30,6;53;70;13,9;3,0;2898
585287;2026-05-22 17:10:22;1779462622;2050;30,6;53;70;13,9;3,0;2909
585898;2026-05-22 17:10:23;1779462623;2050;30,6;53;70;13,9;3,0;2918
586440;2026-05-22 17:10:23;1779462623;2050;30,6;53;70;13,9;3,0;2927
586974;2026-05-22 17:10:24;1779462624;2050;30,6;53;70;13,9;3,0;2937
587577;2026-05-22 17:10:24;1779462624;2050;30,6;53;70;13,9;3,0;2947
588114;2026-05-22 17:10:25;1779462625;2050;30,6;53;70;13,9;3,0;2956
588647;2026-05-22 17:10:25;1779462625;2050;30,6;53;70;13,9;3,0;2965
589257;2026-05-22 17:10:26;1779462626;2050;30,6;53;70;13,9;3,0;2975
589797;2026-05-22 17:10:27;1779462627;2050;30,8;53;70;13,9;3,0;2983
590331;2026-05-22 17:10:27;1779462627;2050;30,6;53;70;13,9;3,0;2993
590938;2026-05-22 17:10:28;1779462628;2050;30,6;53;70;13,9;3,0;3003
591476;2026-05-22 17:10:28;1779462628;2050;30,6;53;70;13,9;3,0;3012
592008;2026-05-22 17:10:29;1779462629;2050;30,6;53;70;13,9;3,0;3021
592657;2026-05-22 17:10:29;1779462629;2050;30,6;53;70;13,9;3,0;3030
593197;2026-05-22 17:10:30;1779462630;2050;30,8;53;70;13,9;3,0;3041
593731;2026-05-22 17:10:31;1779462631;2050;30,8;53;70;13,9;3,0;3050
594458;2026-05-22 17:10:31;1779462631;2050;30,8;53;70;13,9;3,0;3062
594995;2026-05-22 17:10:32;1779462632;2050;30,8;53;70;13,9;3,0;3071
595529;2026-05-22 17:10:32;1779462632;2050;30,6;53;70;13,9;3,0;3080
596057;2026-05-22 17:10:33;1779462633;2050;30,6;53;70;13,9;3,0;3088
596602;2026-05-22 17:10:33;1779462633;2050;30,8;53;70;13,9;3,0;3098
597134;2026-05-22 17:10:34;1779462634;2050;30,8;53;70;13,9;3,0;3107
597778;2026-05-22 17:10:35;1779462635;2050;30,8;53;70;13,9;3,0;3116
598312;2026-05-22 17:10:35;1779462635;2050;30,8;53;70;13,9;3,0;3127
598845;2026-05-22 17:10:36;1779462636;2050;30,8;53;70;13,9;3,0;3136
599458;2026-05-22 17:10:36;1779462636;2050;30,8;53;70;13,9;3,0;3146
600005;2026-05-22 17:10:37;1779462637;2050;30,8;53;70;13,9;3,0;3156
600537;2026-05-22 17:10:37;1779462637;2050;30,8;53;70;13,9;3,0;3164
601178;2026-05-22 17:10:38;1779462638;2050;30,8;53;70;13,9;3,0;3174
601711;2026-05-22 17:10:38;1779462638;2050;30,8;53;70;13,9;3,0;3184
602244;2026-05-22 17:10:39;1779462639;2050;30,8;53;70;13,9;3,0;3193
602858;2026-05-22 17:10:40;1779462640;2100;30,8;53;70;13,9;3,0;3203
603397;2026-05-22 17:10:40;1779462640;2050;23,2;100;70;13,9;3,0;3212
603930;2026-05-22 17:10:41;1779462641;1850;23,0;100;70;13,9;3,0;3220
604617;2026-05-22 17:10:41;1779462641;1800;22,6;100;70;13,9;3,0;3230
605150;2026-05-22 17:10:42;1779462642;1700;22,0;100;70;13,9;2,9;3238
605685;2026-05-22 17:10:42;1779462642;1600;22,0;100;70;13,7;2,9;3244
606336;2026-05-22 17:10:43;1779462643;1450;20,0;100;70;13,7;2,9;3252
606867;2026-05-22 17:10:44;1779462644;1350;19,2;100;70;13,7;3,0;3257
607402;2026-05-22 17:10:44;1779462644;1300;17,2;100;70;13,9;3,0;3263
608056;2026-05-22 17:10:45;1779462645;1100;16,6;100;70;13,9;3,0;3269
608592;2026-05-22 17:10:45;1779462645;1050;14,0;100;70;13,9;3,0;3274
609123;2026-05-22 17:10:46;1779462646;1000;14,0;100;70;13,9;3,0;3278
609776;2026-05-22 17:10:47;1779462647;1000;12,8;100;70;13,9;3,0;3283
610325;2026-05-22 17:10:47;1779462647;950;12,8;100;70;13,9;3,0;3287
610855;2026-05-22 17:10:48;1779462648;950;12,2;100;70;13,9;3,0;3291
611498;2026-05-22 17:10:48;1779462648;1000;13,4;100;70;13,9;3,0;3295
612029;2026-05-22 17:10:49;1779462649;950;12,8;100;70;13,9;3,0;3299
612562;2026-05-22 17:10:49;1779462649;950;12,8;100;70;13,9;3,0;3304
613218;2026-05-22 17:10:50;1779462650;900;12,8;100;70;13,9;3,0;3308
613749;2026-05-22 17:10:51;1779462651;900;12,8;100;70;13,9;3,0;3312
614281;2026-05-22 17:10:51;1779462651;950;12,8;100;70;13,9;3,0;3316
615019;2026-05-22 17:10:52;1779462652;950;13,4;100;70;13,9;3,0;3321
615551;2026-05-22 17:10:52;1779462652;950;12,8;100;70;13,9;3,0;3325
616081;2026-05-22 17:10:53;1779462653;950;12,8;100;70;13,9;3,0;3329
616656;2026-05-22 17:10:53;1779462653;950;13,4;100;70;13,9;3,0;3333
617186;2026-05-22 17:10:54;1779462654;950;12,8;100;70;13,9;3,0;3337
617719;2026-05-22 17:10:54;1779462654;950;13,4;100;70;13,9;3,0;3341
618377;2026-05-22 17:10:55;1779462655;900;13,4;100;70;13,9;3,0;3346
618909;2026-05-22 17:10:56;1779462656;950;13,4;100;70;13,9;3,0;3349
619441;2026-05-22 17:10:56;1779462656;950;12,8;100;70;13,9;3,0;3351
620097;2026-05-22 17:10:57;1779462657;900;12,8;100;70;13,9;3,0;3359
620644;2026-05-22 17:10:57;1779462657;900;12,8;100;70;13,9;3,0;3363
621175;2026-05-22 17:10:58;1779462658;950;12,8;100;70;13,9;3,0;3367
621856;2026-05-22 17:10:59;1779462659;950;13,4;100;70;13,9;3,0;3371
622386;2026-05-22 17:10:59;1779462659;950;12,8;100;70;13,9;3,0;3375
622918;2026-05-22 17:11:00;1779462660;950;13,4;100;70;13,9;3,0;3379
623668;2026-05-22 17:11:00;1779462660;950;12,8;100;70;13,9;3,0;3384
624201;2026-05-22 17:11:01;1779462661;900;12,8;100;70;13,9;3,0;3388
624715;2026-05-22 17:11:01;1779462661;950;13,4;100;70;13,9;3,0;3392
625298;2026-05-22 17:11:02;1779462662;950;12,8;100;70;13,9;3,0;3396
625806;2026-05-22 17:11:03;1779462663;950;13,4;100;70;13,9;3,0;3400
626314;2026-05-22 17:11:03;1779462663;950;12,8;100;70;13,9;3,0;3404
626937;2026-05-22 17:11:04;1779462664;950;12,8;100;70;13,9;3,0;3408
627456;2026-05-22 17:11:04;1779462664;950;13,4;100;70;13,9;3,0;3413
627964;2026-05-22 17:11:05;1779462665;950;13,4;100;70;13,9;3,0;3416
628473;2026-05-22 17:11:05;1779462665;950;12,8;100;70;13,9;3,0;3420
629070;2026-05-22 17:11:06;1779462666;900;12,8;100;70;13,9;3,0;3424
629579;2026-05-22 17:11:06;1779462666;950;12,8;100;70;13,9;3,0;3428
630086;2026-05-22 17:11:07;1779462667;950;13,4;100;70;13,9;3,0;3432
630681;2026-05-22 17:11:07;1779462667;950;12,8;100;70;13,9;3,0;3436
631190;2026-05-22 17:11:08;1779462668;900;12,8;100;70;13,9;3,0;3440
631698;2026-05-22 17:11:08;1779462668;950;12,8;100;70;13,9;3,0;3444
632219;2026-05-22 17:11:09;1779462669;950;12,8;100;70;13,9;3,0;3447
632730;2026-05-22 17:11:09;1779462670;900;12,8;100;70;13,9;3,0;3451
633238;2026-05-22 17:11:10;1779462670;950;13,4;100;70;13,9;3,0;3454
633857;2026-05-22 17:11:11;1779462671;900;12,8;100;70;13,9;3,0;3459
634365;2026-05-22 17:11:11;1779462671;950;13,4;100;70;13,9;3,0;3463
634874;2026-05-22 17:11:12;1779462672;950;12,8;100;70;13,9;3,0;3467
635384;2026-05-22 17:11:12;1779462672;950;12,8;100;70;13,9;3,0;3470
635950;2026-05-22 17:11:13;1779462673;950;12,8;100;70;13,9;3,0;3475
636458;2026-05-22 17:11:13;1779462673;900;12,8;100;70;13,9;3,0;3478
636970;2026-05-22 17:11:14;1779462674;950;12,8;100;70;13,9;3,0;3482
637557;2026-05-22 17:11:14;1779462674;950;12,8;100;70;13,9;3,0;3486
638069;2026-05-22 17:11:15;1779462675;950;12,8;100;70;13,9;3,0;3490
638583;2026-05-22 17:11:15;1779462675;950;12,8;100;70;13,9;3,0;3493
639166;2026-05-22 17:11:16;1779462676;950;13,4;100;70;13,9;3,0;3498
639676;2026-05-22 17:11:16;1779462676;950;13,4;100;70;13,9;3,0;3501
640186;2026-05-22 17:11:17;1779462677;950;13,4;100;70;13,9;3,0;3506
640788;2026-05-22 17:11:18;1779462678;900;12,8;100;70;13,9;3,0;3510
641302;2026-05-22 17:11:18;1779462678;950;12,8;100;70;13,9;3,0;3513
641812;2026-05-22 17:11:19;1779462679;950;12,8;100;70;13,9;3,0;3518
642322;2026-05-22 17:11:19;1779462679;950;12,8;100;70;13,9;3,0;3521
642839;2026-05-22 17:11:20;1779462680;900;13,4;100;70;13,9;3,0;3525
643350;2026-05-22 17:11:20;1779462680;950;12,8;100;70;13,9;3,0;3529
643860;2026-05-22 17:11:21;1779462681;950;12,8;100;70;13,9;3,0;3532
644380;2026-05-22 17:11:21;1779462681;950;13,4;100;70;13,9;3,0;3536
644902;2026-05-22 17:11:22;1779462682;950;12,8;100;70;13,9;3,0;3540
645411;2026-05-22 17:11:22;1779462682;950;13,4;100;70;13,9;3,0;3544
646008;2026-05-22 17:11:23;1779462683;900;12,8;100;70;13,9;3,0;3548
646517;2026-05-22 17:11:23;1779462683;950;13,4;100;70;13,9;3,0;3552
647029;2026-05-22 17:11:24;1779462684;900;12,8;100;70;13,9;3,0;3556
647696;2026-05-22 17:11:24;1779462684;900;12,8;100;70;13,9;3,0;3561
648205;2026-05-22 17:11:25;1779462685;900;12,8;100;70;13,9;3,0;3564
648713;2026-05-22 17:11:25;1779462685;900;12,8;100;70;13,9;3,0;3568
649337;2026-05-22 17:11:26;1779462686;950;12,8;100;70;13,9;3,0;3572
649847;2026-05-22 17:11:27;1779462687;950;12,8;100;70;13,9;3,0;3576
650355;2026-05-22 17:11:27;1779462687;950;12,8;100;70;13,9;3,0;3580
650864;2026-05-22 17:11:28;1779462688;950;13,4;100;70;13,9;3,0;3584
651439;2026-05-22 17:11:28;1779462688;950;12,8;100;70;13,9;3,0;3588
651948;2026-05-22 17:11:29;1779462689;950;12,8;100;70;13,9;3,0;3592
652462;2026-05-22 17:11:29;1779462689;900;13,4;100;70;13,9;3,0;3595
653008;2026-05-22 17:11:30;1779462690;950;12,8;100;70;13,9;3,0;3600
653516;2026-05-22 17:11:30;1779462690;950;13,4;100;70;13,9;3,0;3603
654025;2026-05-22 17:11:31;1779462691;950;13,4;100;70;13,9;3,0;3607
654576;2026-05-22 17:11:31;1779462691;950;13,4;100;70;13,9;3,0;3611
655084;2026-05-22 17:11:32;1779462692;950;12,8;100;70;13,9;3,0;3615
655592;2026-05-22 17:11:32;1779462692;900;12,8;100;70;13,9;3,0;3618
656218;2026-05-22 17:11:33;1779462693;950;12,8;100;70;13,9;3,0;3623
656730;2026-05-22 17:11:33;1779462694;950;12,8;100;70;13,9;3,0;3627
657237;2026-05-22 17:11:34;1779462694;950;13,4;100;70;13,9;3,0;3630
657744;2026-05-22 17:11:35;1779462695;950;12,8;100;70;13,9;3,0;3634
658350;2026-05-22 17:11:35;1779462695;950;13,4;100;70;13,9;3,0;3639
658858;2026-05-22 17:11:36;1779462696;950;12,8;100;70;13,9;3,0;3642
659366;2026-05-22 17:11:36;1779462696;900;12,8;100;70;13,9;3,0;3646
659958;2026-05-22 17:11:37;1779462697;950;12,8;100;70;13,9;3,0;3650
660472;2026-05-22 17:11:37;1779462697;950;13,4;100;70;13,9;3,0;3654
660981;2026-05-22 17:11:38;1779462698;950;12,8;100;70;13,9;3,0;3658
661497;2026-05-22 17:11:38;1779462698;900;12,8;100;70;13,7;3,0;3662
662006;2026-05-22 17:11:39;1779462699;900;12,8;100;70;13,7;3,0;3665
662515;2026-05-22 17:11:39;1779462699;950;12,8;100;70;13,7;3,0;3669
663024;2026-05-22 17:11:40;1779462700;950;12,8;100;70;13,7;3,0;3673
663591;2026-05-22 17:11:40;1779462700;950;13,4;100;70;13,7;3,0;3676
664101;2026-05-22 17:11:41;1779462701;950;12,8;100;70;13,9;3,0;3681
664609;2026-05-22 17:11:41;1779462701;950;13,4;100;70;13,9;3,0;3684
665199;2026-05-22 17:11:42;1779462702;900;12,8;100;70;13,9;3,0;3689
665711;2026-05-22 17:11:42;1779462702;950;13,4;100;70;13,9;3,0;3692
666225;2026-05-22 17:11:43;1779462703;950;12,8;100;70;13,9;3,0;3696
666808;2026-05-22 17:11:44;1779462704;950;12,8;100;70;13,9;3,0;3700
667319;2026-05-22 17:11:44;1779462704;950;13,4;100;70;13,9;3,0;3704
667828;2026-05-22 17:11:45;1779462705;950;13,4;100;70;13,9;3,0;3707
668417;2026-05-22 17:11:45;1779462705;950;12,8;100;70;13,9;3,0;3712
668928;2026-05-22 17:11:46;1779462706;950;13,4;100;70;13,9;3,0;3716
669436;2026-05-22 17:11:46;1779462706;900;13,4;100;70;13,9;3,0;3719
669943;2026-05-22 17:11:47;1779462707;900;12,8;100;70;13,9;3,0;3723
670511;2026-05-22 17:11:47;1779462707;900;12,8;100;70;13,9;3,0;3727
671020;2026-05-22 17:11:48;1779462708;950;12,8;100;70;13,9;3,0;3731
671532;2026-05-22 17:11:48;1779462708;900;12,8;100;70;13,9;3,0;3735
672050;2026-05-22 17:11:49;1779462709;900;12,8;100;70;13,9;3,0;3739
672557;2026-05-22 17:11:49;1779462709;950;13,4;100;70;13,9;3,0;3742
673067;2026-05-22 17:11:50;1779462710;950;12,8;100;70;13,9;3,0;3746
673657;2026-05-22 17:11:50;1779462710;1000;14,6;72;70;13,9;3,0;3751
674170;2026-05-22 17:11:51;1779462711;1250;18,0;65;70;13,9;3,0;3756
674693;2026-05-22 17:11:51;1779462711;1550;23,2;68;70;13,9;3,0;3762
675206;2026-05-22 17:11:52;1779462712;2000;23,6;84;70;13,9;3,0;3770
675790;2026-05-22 17:11:53;1779462713;2050;23,8;84;70;13,7;3,0;3780
676300;2026-05-22 17:11:53;1779462713;2150;24,0;83;70;13,7;3,0;3790
676809;2026-05-22 17:11:54;1779462714;2200;24,6;78;70;13,7;3,0;3799
677361;2026-05-22 17:11:54;1779462714;2350;25,4;76;70;13,7;3,0;3809
677875;2026-05-22 17:11:55;1779462715;2350;25,8;76;70;13,7;3,0;3818
678389;2026-05-22 17:11:55;1779462715;2450;26,6;72;70;13,7;3,0;3828
678967;2026-05-22 17:11:56;1779462716;2100;24,8;78;70;13,7;3,0;3839
679477;2026-05-22 17:11:56;1779462716;2050;25,2;76;70;13,9;3,0;3847
679986;2026-05-22 17:11:57;1779462717;2050;25,2;76;70;13,9;3,0;3856
680578;2026-05-22 17:11:57;1779462717;2300;23,6;91;70;13,9;3,0;3867
681087;2026-05-22 17:11:58;1779462718;2650;24,4;91;70;13,9;3,0;3878
681600;2026-05-22 17:11:58;1779462718;2800;24,6;91;70;13,7;3,0;3889
682109;2026-05-22 17:11:59;1779462719;2850;24,8;91;70;13,7;3,0;3900
682675;2026-05-22 17:11:59;1779462719;2950;24,8;91;70;13,7;3,0;3914
683185;2026-05-22 17:12:00;1779462720;3000;25,0;91;70;13,7;3,0;3926
683694;2026-05-22 17:12:00;1779462720;3050;26,2;91;70;13,7;3,0;3939
684210;2026-05-22 17:12:01;1779462721;3100;26,2;91;70;13,7;3,0;3951
684718;2026-05-22 17:12:01;1779462721;3200;27,4;92;70;13,7;2,9;3964
685238;2026-05-22 17:12:02;1779462722;3300;28,6;92;70;13,7;2,9;3979
685808;2026-05-22 17:12:03;1779462723;3350;30,0;92;70;13,7;2,9;3995
686320;2026-05-22 17:12:03;1779462723;3500;30,0;91;70;13,7;2,9;4009
686834;2026-05-22 17:12:04;1779462724;3500;30,0;91;70;13,9;2,9;4024
687418;2026-05-22 17:12:04;1779462724;3600;30,0;100;70;13,4;2,8;4040
687929;2026-05-22 17:12:05;1779462725;3700;30,0;100;70;13,4;2,8;4057
688442;2026-05-22 17:12:05;1779462725;3750;30,0;92;70;13,4;2,8;4074
688954;2026-05-22 17:12:06;1779462726;3800;30,0;91;70;13,4;2,8;4089
689473;2026-05-22 17:12:06;1779462726;2950;24,8;89;70;13,4;2,9;4103
689985;2026-05-22 17:12:07;1779462727;2850;24,6;88;70;13,4;2,9;4114
690498;2026-05-22 17:12:07;1779462727;2850;24,6;88;70;13,4;2,9;4127
691078;2026-05-22 17:12:08;1779462728;2900;24,6;88;70;13,4;2,9;4136
691591;2026-05-22 17:12:08;1779462728;2900;24,8;88;70;13,7;2,9;4152
692101;2026-05-22 17:12:09;1779462729;2900;24,8;88;70;13,7;3,0;4163
692617;2026-05-22 17:12:09;1779462729;2900;24,8;88;70;13,7;2,9;4176
693129;2026-05-22 17:12:10;1779462730;2800;25,0;84;70;13,7;2,9;4189
693639;2026-05-22 17:12:10;1779462730;2800;26,0;78;70;13,7;2,9;4200
694218;2026-05-22 17:12:11;1779462731;2750;26,2;76;70;13,7;2,9;4213
694727;2026-05-22 17:12:11;1779462731;2800;26,4;76;70;13,7;2,9;4225
695239;2026-05-22 17:12:12;1779462732;2800;26,4;76;70;13,7;3,0;4236
695749;2026-05-22 17:12:13;1779462733;2800;26,4;76;70;13,7;3,0;4248
696314;2026-05-22 17:12:13;1779462733;2750;28,0;68;70;13,7;3,0;4261
696825;2026-05-22 17:12:14;1779462734;2750;28,6;62;70;13,7;3,0;4273
697333;2026-05-22 17:12:14;1779462734;2750;30,0;59;70;13,7;3,0;4284
697849;2026-05-22 17:12:15;1779462735;2700;31,6;54;70;13,7;3,0;4296
698362;2026-05-22 17:12:15;1779462735;2650;31,6;54;70;13,7;3,0;4307
698879;2026-05-22 17:12:16;1779462736;2700;31,6;54;70;13,7;3,0;4318
699448;2026-05-22 17:12:16;1779462736;2650;31,6;53;70;13,7;3,0;4331
699957;2026-05-22 17:12:17;1779462737;2700;31,8;53;70;13,7;3,0;4341
700471;2026-05-22 17:12:17;1779462737;2650;31,6;53;70;13,7;3,0;4354
701058;2026-05-22 17:12:18;1779462738;2650;31,6;53;70;13,7;3,0;4367
701569;2026-05-22 17:12:18;1779462738;2650;31,6;53;70;13,7;2,9;4377
702085;2026-05-22 17:12:19;1779462739;2650;31,6;53;70;13,7;2,9;4389
702593;2026-05-22 17:12:19;1779462739;2650;31,6;53;70;13,7;2,9;4400
703191;2026-05-22 17:12:20;1779462740;2650;31,6;53;70;13,7;2,9;4412
703703;2026-05-22 17:12:20;1779462740;2650;31,6;53;70;13,7;2,9;4424
704211;2026-05-22 17:12:21;1779462741;2650;31,4;54;70;13,7;2,9;4434
704799;2026-05-22 17:12:22;1779462742;2600;31,4;54;70;13,7;3,0;4448
705311;2026-05-22 17:12:22;1779462742;2650;31,4;54;70;13,7;3,0;4458
705825;2026-05-22 17:12:23;1779462743;2600;31,4;54;70;13,7;3,0;4469
706408;2026-05-22 17:12:23;1779462743;2600;31,4;54;70;13,7;3,0;4481
706918;2026-05-22 17:12:24;1779462744;2600;31,4;54;70;13,7;3,0;4492
707429;2026-05-22 17:12:24;1779462744;2600;31,4;54;70;13,7;3,0;4504
708057;2026-05-22 17:12:25;1779462745;2550;31,4;54;70;13,7;3,0;4516
708564;2026-05-22 17:12:25;1779462745;2600;31,4;54;70;13,7;3,0;4528
709072;2026-05-22 17:12:26;1779462746;2550;31,4;54;70;13,7;2,9;4538
709580;2026-05-22 17:12:26;1779462746;2550;30,8;56;70;13,9;2,9;4548
710151;2026-05-22 17:12:27;1779462747;2550;30,6;56;70;13,9;3,0;4561
710660;2026-05-22 17:12:27;1779462747;2700;24,6;91;70;13,9;3,0;4572
711172;2026-05-22 17:12:28;1779462748;2700;24,8;91;70;13,9;3,0;4582
711760;2026-05-22 17:12:29;1779462749;3100;25,6;91;70;13,9;3,0;4597
712274;2026-05-22 17:12:29;1779462749;3100;25,6;91;70;13,7;3,0;4609
712785;2026-05-22 17:12:30;1779462750;3100;25,6;91;70;13,7;3,0;4623
713297;2026-05-22 17:12:30;1779462750;2950;24,8;88;70;13,7;3,0;4635
713807;2026-05-22 17:12:31;1779462751;2800;25,4;80;70;13,7;3,0;4647
714317;2026-05-22 17:12:31;1779462751;2750;27,8;68;70;13,7;2,9;4659
714830;2026-05-22 17:12:32;1779462752;2600;31,6;53;70;13,7;2,9;4669
715392;2026-05-22 17:12:32;1779462752;2500;32,8;44;70;13,9;3,0;4681
715901;2026-05-22 17:12:33;1779462753;2500;32,6;46;70;13,9;3,0;4691
716414;2026-05-22 17:12:33;1779462753;2450;32,2;49;70;13,9;2,9;4703
716929;2026-05-22 17:12:34;1779462754;2450;32,2;49;70;13,9;2,9;4713
717440;2026-05-22 17:12:34;1779462754;2450;31,8;51;70;13,9;3,0;4723
717948;2026-05-22 17:12:35;1779462755;2400;31,8;51;70;13,9;3,0;4733
718577;2026-05-22 17:12:35;1779462755;2400;31,8;51;70;13,9;3,0;4745
719093;2026-05-22 17:12:36;1779462756;2400;32,6;44;70;13,9;2,9;4756
719602;2026-05-22 17:12:36;1779462756;2650;24,8;81;70;13,9;2,9;4766
720177;2026-05-22 17:12:37;1779462757;2450;24,2;91;70;13,9;3,0;4777
720688;2026-05-22 17:12:37;1779462757;3000;24,8;91;70;13,7;3,0;4789
721198;2026-05-22 17:12:38;1779462758;3000;24,8;91;70;13,7;2,9;4801
721708;2026-05-22 17:12:38;1779462758;3050;25,0;91;70;13,7;2,9;4813
722316;2026-05-22 17:12:39;1779462759;3100;25,6;91;70;13,7;3,0;4830
722826;2026-05-22 17:12:40;1779462760;3100;25,6;91;70;13,7;3,0;4843
723337;2026-05-22 17:12:40;1779462760;3100;26,2;91;70;13,7;3,0;4856
723920;2026-05-22 17:12:41;1779462761;3150;26,2;91;70;13,7;3,0;4870
724431;2026-05-22 17:12:41;1779462761;3050;25,6;91;70;13,7;2,9;4883
724940;2026-05-22 17:12:42;1779462762;3050;25,6;91;70;13,7;2,9;4895
725529;2026-05-22 17:12:42;1779462762;3050;25,0;88;70;13,7;3,0;4911
726049;2026-05-22 17:12:43;1779462763;3000;25,0;88;70;13,7;3,0;4923
726561;2026-05-22 17:12:43;1779462763;3000;25,0;86;70;13,7;2,9;4936
727217;2026-05-22 17:12:44;1779462764;2850;26,6;72;70;13,7;2,9;4952
727726;2026-05-22 17:12:44;1779462764;2700;30,6;56;70;13,7;2,9;4963
728237;2026-05-22 17:12:45;1779462765;2650;32,8;51;70;13,7;2,9;4974
728818;2026-05-22 17:12:46;1779462766;2600;33,0;44;70;13,7;2,9;4986
729328;2026-05-22 17:12:46;1779462766;2550;33,0;44;70;13,7;2,9;4997
729839;2026-05-22 17:12:47;1779462767;2550;32,8;44;70;13,9;2,9;5007
730351;2026-05-22 17:12:47;1779462767;2500;32,6;46;70;13,9;2,9;5019
730952;2026-05-22 17:12:48;1779462768;2500;28,2;56;70;13,9;2,9;5030
731464;2026-05-22 17:12:48;1779462768;2400;23,8;100;70;13,9;2,9;5041
731974;2026-05-22 17:12:49;1779462769;2350;23,6;100;70;13,9;2,9;5051
732490;2026-05-22 17:12:49;1779462769;2300;23,6;100;70;13,9;3,0;5060
733000;2026-05-22 17:12:50;1779462770;2300;23,6;100;70;13,9;3,0;5070
733509;2026-05-22 17:12:50;1779462770;2250;23,6;100;70;13,9;3,0;5080
734018;2026-05-22 17:12:51;1779462771;2250;23,6;100;70;13,9;3,0;5088
734528;2026-05-22 17:12:51;1779462771;2250;23,4;100;70;13,9;3,0;5099
735037;2026-05-22 17:12:52;1779462772;2200;23,4;100;70;13,9;3,0;5107
735544;2026-05-22 17:12:52;1779462772;2200;23,4;100;70;13,9;3,0;5117
736150;2026-05-22 17:12:53;1779462773;2200;23,4;100;70;13,9;3,0;5127
736658;2026-05-22 17:12:53;1779462773;2200;23,4;100;70;13,9;2,9;5136
737170;2026-05-22 17:12:54;1779462774;2150;23,4;100;70;13,9;2,9;5145
737758;2026-05-22 17:12:55;1779462775;2150;23,4;100;70;13,9;2,9;5155
738270;2026-05-22 17:12:55;1779462775;2100;23,4;100;70;13,9;2,9;5165
738780;2026-05-22 17:12:56;1779462776;2150;23,4;100;70;13,9;2,9;5173
739367;2026-05-22 17:12:56;1779462776;2100;23,4;100;70;13,9;3,0;5183
739879;2026-05-22 17:12:57;1779462777;2100;23,4;100;70;13,9;3,0;5192
740389;2026-05-22 17:12:57;1779462777;2100;23,4;100;70;13,7;2,9;5201
740978;2026-05-22 17:12:58;1779462778;2100;23,4;100;70;13,7;2,9;5211
741485;2026-05-22 17:12:58;1779462778;2050;23,2;100;70;13,9;2,9;5220
741996;2026-05-22 17:12:59;1779462779;2050;23,2;100;70;13,9;2,9;5227
742506;2026-05-22 17:12:59;1779462779;2000;23,2;100;70;13,9;2,9;5237
743038;2026-05-22 17:13:00;1779462780;1950;23,2;100;70;13,7;2,9;5245
743547;2026-05-22 17:13:00;1779462780;1900;23,0;100;70;13,7;2,9;5253
744055;2026-05-22 17:13:01;1779462781;1850;23,0;100;70;13,7;2,9;5261
744571;2026-05-22 17:13:01;1779462781;1800;23,0;100;70;13,7;2,9;5269
745083;2026-05-22 17:13:02;1779462782;1700;22,4;100;70;13,7;2,9;5275
745592;2026-05-22 17:13:02;1779462782;1600;22,0;100;70;13,7;2,9;5281
746217;2026-05-22 17:13:03;1779462783;1450;19,2;100;70;13,7;2,9;5290
746726;2026-05-22 17:13:03;1779462783;1450;19,2;100;70;13,7;2,9;5296
747235;2026-05-22 17:13:04;1779462784;1250;18,0;100;70;13,9;2,9;5301
747748;2026-05-22 17:13:05;1779462785;1200;15,2;100;70;13,9;2,9;5306
748309;2026-05-22 17:13:05;1779462785;1150;14,6;100;70;13,9;2,9;5310
748818;2026-05-22 17:13:06;1779462786;1100;15,2;100;70;13,9;2,9;5315
749325;2026-05-22 17:13:06;1779462786;1050;14,6;100;70;13,9;2,9;5319
749920;2026-05-22 17:13:07;1779462787;1050;14,6;100;70;13,9;2,9;5324
750434;2026-05-22 17:13:07;1779462787;1050;14,6;100;70;13,9;2,9;5328
750948;2026-05-22 17:13:08;1779462788;1100;14,6;100;70;13,9;2,9;5333
751528;2026-05-22 17:13:08;1779462788;1300;23,0;81;70;13,9;2,9;5339
752039;2026-05-22 17:13:09;1779462789;2000;23,6;84;70;13,9;2,9;5348
752552;2026-05-22 17:13:09;1779462789;2050;23,8;84;70;13,9;3,0;5356
753217;2026-05-22 17:13:10;1779462790;2100;23,8;84;70;13,9;3,0;5367
753866;2026-05-22 17:13:11;1779462791;2100;23,8;84;70;13,9;2,9;5378
754378;2026-05-22 17:13:11;1779462791;2100;23,8;84;70;13,7;2,9;5387
754937;2026-05-22 17:13:12;1779462792;2100;23,8;84;70;13,7;3,0;5397
755447;2026-05-22 17:13:12;1779462792;2100;23,8;84;70;13,7;3,0;5406
755958;2026-05-22 17:13:13;1779462793;2150;23,8;84;70;13,7;3,0;5414
756578;2026-05-22 17:13:13;1779462793;2150;24,0;83;70;13,9;2,9;5425
757181;2026-05-22 17:13:14;1779462794;2150;24,0;76;70;13,9;2,9;5436
757696;2026-05-22 17:13:14;1779462794;1400;20,0;100;70;13,9;2,9;5442
758337;2026-05-22 17:13:15;1779462795;1450;20,6;100;70;13,9;2,9;5450
758847;2026-05-22 17:13:16;1779462796;1500;20,6;100;70;13,9;2,9;5456
759356;2026-05-22 17:13:16;1779462796;1450;20,0;100;70;13,7;2,9;5462
759978;2026-05-22 17:13:17;1779462797;1400;19,2;100;70;13,7;2,9;5469
760573;2026-05-22 17:13:17;1779462797;1350;18,6;100;70;13,7;2,9;5476
761086;2026-05-22 17:13:18;1779462798;1250;18,0;100;70;13,7;2,9;5481
761698;2026-05-22 17:13:18;1779462798;1200;16,6;100;70;13,7;2,9;5487
762208;2026-05-22 17:13:19;1779462799;1200;16,0;100;70;13,7;2,9;5492
762716;2026-05-22 17:13:19;1779462799;1150;15,2;100;70;13,7;2,9;5496
763413;2026-05-22 17:13:20;1779462800;1050;14,6;100;70;13,9;2,9;5502
763926;2026-05-22 17:13:21;1779462801;1050;14,0;100;70;13,9;2,9;5506
764438;2026-05-22 17:13:21;1779462801;1050;14,6;100;70;13,9;2,9;5510
764947;2026-05-22 17:13:22;1779462802;1000;14,6;100;70;13,9;2,9;5514
765513;2026-05-22 17:13:22;1779462802;1000;14,6;100;70;13,9;3,0;5519
766024;2026-05-22 17:13:23;1779462803;1050;14,0;100;70;13,9;3,0;5522
766631;2026-05-22 17:13:23;1779462803;1150;14,6;100;70;13,9;3,0;5529
767192;2026-05-22 17:13:24;1779462804;1600;23,6;83;70;13,9;2,9;5536
767703;2026-05-22 17:13:24;1779462804;1950;23,6;84;70;13,9;2,9;5544
768215;2026-05-22 17:13:25;1779462805;2000;23,6;84;70;13,9;2,9;5552
768800;2026-05-22 17:13:26;1779462806;2050;23,6;84;70;13,7;2,9;5562
769313;2026-05-22 17:13:26;1779462806;2050;23,6;84;70;13,7;2,9;5571
769911;2026-05-22 17:13:27;1779462807;2050;23,6;84;70;13,7;2,9;5581
770480;2026-05-22 17:13:27;1779462807;2050;23,8;84;70;13,7;2,9;5591
770988;2026-05-22 17:13:28;1779462808;2050;23,6;83;70;13,7;2,9;5599
771501;2026-05-22 17:13:28;1779462808;2050;24,0;83;70;13,7;2,9;5607
772087;2026-05-22 17:13:29;1779462809;2050;23,8;83;70;13,7;2,9;5617
772599;2026-05-22 17:13:29;1779462809;2050;24,0;83;70;13,9;2,9;5625
773199;2026-05-22 17:13:30;1779462810;2050;24,4;83;70;13,9;2,9;5635
773810;2026-05-22 17:13:31;1779462811;2050;24,4;81;70;13,7;2,9;5646
774319;2026-05-22 17:13:31;1779462811;2100;24,4;81;70;13,7;2,9;5655
774829;2026-05-22 17:13:32;1779462812;2100;24,4;81;70;13,7;3,0;5663
775418;2026-05-22 17:13:32;1779462812;2100;24,4;81;70;13,7;3,0;5673
776018;2026-05-22 17:13:33;1779462813;2100;24,4;81;70;13,9;2,9;5683
776527;2026-05-22 17:13:33;1779462813;2100;26,0;68;70;13,9;2,9;5692
777137;2026-05-22 17:13:34;1779462814;1450;19,2;100;70;13,9;3,0;5699
777647;2026-05-22 17:13:34;1779462814;1450;20,0;100;70;13,9;3,0;5706
778161;2026-05-22 17:13:35;1779462815;1450;20,6;100;70;13,9;3,0;5712
778670;2026-05-22 17:13:35;1779462815;1450;20,0;100;70;13,9;3,0;5717
779203;2026-05-22 17:13:36;1779462816;1450;20,0;100;70;14,1;3,0;5724
779709;2026-05-22 17:13:36;1779462816;1450;20,6;100;70;14,1;3,0;5729
780217;2026-05-22 17:13:37;1779462817;1450;20,0;100;70;14,1;3,0;5736
780777;2026-05-22 17:13:38;1779462818;1450;20,0;100;70;14,1;3,0;5742
781286;2026-05-22 17:13:38;1779462818;1400;19,2;100;70;14,1;3,0;5749
781791;2026-05-22 17:13:39;1779462819;1400;20,0;100;70;14,1;3,0;5754
782332;2026-05-22 17:13:39;1779462819;1400;19,2;100;70;14,1;3,0;5760
782841;2026-05-22 17:13:40;1779462820;1400;19,2;100;70;14,1;3,0;5767
783351;2026-05-22 17:13:40;1779462820;1400;18,6;100;70;14,1;3,0;5772
783857;2026-05-22 17:13:41;1779462821;1350;19,2;100;70;14,1;3,0;5778
784432;2026-05-22 17:13:41;1779462821;1350;19,2;100;70;14,1;3,0;5783
785029;2026-05-22 17:13:42;1779462822;1350;18,6;100;70;14,1;3,0;5790
785538;2026-05-22 17:13:42;1779462822;1350;18,6;100;70;14,1;3,0;5797
786130;2026-05-22 17:13:43;1779462823;1350;18,6;100;70;14,1;3,0;5803
786651;2026-05-22 17:13:43;1779462823;1300;18,0;100;70;14,1;3,0;5809
787185;2026-05-22 17:13:44;1779462824;1350;18,6;100;70;14,1;3,0;5814
787771;2026-05-22 17:13:45;1779462825;1350;18,6;100;70;14,1;3,0;5821
788275;2026-05-22 17:13:45;1779462825;1300;18,0;100;70;14,1;3,0;5826
788812;2026-05-22 17:13:46;1779462826;1300;18,6;100;70;14,1;3,0;5832
789375;2026-05-22 17:13:46;1779462826;1300;18,0;100;70;14,1;3,0;5838
789912;2026-05-22 17:13:47;1779462827;1300;18,0;100;70;14,1;3,0;5843
790448;2026-05-22 17:13:47;1779462827;1300;18,0;100;70;14,1;3,0;5849
790977;2026-05-22 17:13:48;1779462828;1300;17,2;100;70;14,1;3,0;5854
791478;2026-05-22 17:13:48;1779462828;1250;17,2;100;70;14,1;3,0;5859
792013;2026-05-22 17:13:49;1779462829;1250;16,6;100;70;14,1;3,0;5864
792658;2026-05-22 17:13:49;1779462829;1250;16,0;100;70;14,1;3,0;5871
793191;2026-05-22 17:13:50;1779462830;1200;16,0;100;70;14,1;3,0;5876
793732;2026-05-22 17:13:51;1779462831;1150;15,2;100;70;14,1;3,0;5881
794339;2026-05-22 17:13:51;1779462831;1150;15,2;100;70;14,1;3,0;5886
794836;2026-05-22 17:13:52;1779462832;1150;15,2;100;70;14,1;3,0;5890
795366;2026-05-22 17:13:52;1779462832;1150;15,2;100;70;14,1;3,0;5896
795898;2026-05-22 17:13:53;1779462833;1150;15,2;100;70;14,1;3,0;5901
796408;2026-05-22 17:13:53;1779462833;1150;15,2;100;70;14,1;3,0;5905
796939;2026-05-22 17:13:54;1779462834;1150;15,2;100;70;14,1;3,0;5910
797441;2026-05-22 17:13:54;1779462834;1150;16,0;100;70;14,1;3,0;5915
798015;2026-05-22 17:13:55;1779462835;1200;16,6;100;70;14,1;3,0;5920
798545;2026-05-22 17:13:55;1779462835;1300;17,2;100;70;14,1;3,0;5925
799080;2026-05-22 17:13:56;1779462836;1350;18,6;100;70;14,1;3,0;5932
799617;2026-05-22 17:13:56;1779462836;1350;18,6;100;70;14,1;3,0;5937
800164;2026-05-22 17:13:57;1779462837;1350;18,6;91;70;14,1;3,0;5943
800667;2026-05-22 17:13:57;1779462837;1350;18,6;100;70;14,1;3,0;5949
801337;2026-05-22 17:13:58;1779462838;1350;18,6;100;70;14,1;3,0;5956
801875;2026-05-22 17:13:59;1779462839;1350;18,6;100;70;14,1;3,0;5962
802411;2026-05-22 17:13:59;1779462839;1350;18,6;100;70;14,1;3,0;5968
803057;2026-05-22 17:14:00;1779462840;1350;18,6;100;70;14,1;3,0;5975
803597;2026-05-22 17:14:00;1779462840;1350;18,6;100;70;14,1;3,0;5980
804101;2026-05-22 17:14:01;1779462841;1350;18,6;100;70;14,1;3,0;5986
804698;2026-05-22 17:14:01;1779462841;1350;19,2;100;70;14,1;3,0;5992
805231;2026-05-22 17:14:02;1779462842;1350;18,6;100;70;14,1;3,0;5998
805764;2026-05-22 17:14:03;1779462843;1350;18,6;100;70;14,1;3,0;6004
806377;2026-05-22 17:14:03;1779462843;1350;18,6;100;70;14,1;3,0;6011
806891;2026-05-22 17:14:04;1779462844;1350;18,6;100;70;14,1;3,0;6016
807427;2026-05-22 17:14:04;1779462844;1350;18,6;100;70;14,1;3,0;6022
808058;2026-05-22 17:14:05;1779462845;1350;18,6;100;70;14,1;3,0;6030
808593;2026-05-22 17:14:05;1779462845;1350;18,6;100;70;14,1;3,0;6035
809129;2026-05-22 17:14:06;1779462846;1350;18,6;100;70;14,1;3,0;6041
809778;2026-05-22 17:14:07;1779462847;1400;19,2;100;70;14,1;3,0;6049
810281;2026-05-22 17:14:07;1779462847;1350;18,0;100;70;14,1;3,0;6054
810822;2026-05-22 17:14:08;1779462848;1250;16,6;100;70;14,1;3,0;6059
811497;2026-05-22 17:14:08;1779462848;1200;16,6;100;70;14,1;3,0;6066
812035;2026-05-22 17:14:09;1779462849;1200;16,0;100;70;14,1;3,0;6071
812571;2026-05-22 17:14:09;1779462849;1150;16,0;100;70;14,1;3,0;6076
813217;2026-05-22 17:14:10;1779462850;1150;16,0;100;70;14,1;3,0;6082
813724;2026-05-22 17:14:10;1779462850;1150;16,0;100;70;14,1;3,0;6087
814258;2026-05-22 17:14:11;1779462851;1150;16,0;100;70;14,1;3,0;6091
814898;2026-05-22 17:14:12;1779462852;1150;16,0;100;70;14,1;3,0;6097
815431;2026-05-22 17:14:12;1779462852;1150;16,0;100;70;14,1;3,0;6102
815963;2026-05-22 17:14:13;1779462853;1150;16,0;100;70;14,1;3,0;6107
816658;2026-05-22 17:14:13;1779462853;1150;16,0;100;70;14,1;3,0;6113
817161;2026-05-22 17:14:14;1779462854;1150;15,2;100;70;14,1;3,0;6118
817695;2026-05-22 17:14:14;1779462854;1150;15,2;100;70;14,1;3,0;6123
818339;2026-05-22 17:14:15;1779462855;1150;15,2;100;70;14,1;3,0;6129
818867;2026-05-22 17:14:16;1779462856;1150;15,2;100;70;14,1;3,0;6133
819402;2026-05-22 17:14:16;1779462856;1100;15,2;100;70;14,1;3,0;6138
820006;2026-05-22 17:14:17;1779462857;1150;15,2;100;70;14,1;3,0;6144
820548;2026-05-22 17:14:17;1779462857;1100;15,2;100;70;14,1;3,0;6149
821078;2026-05-22 17:14:18;1779462858;1100;15,2;100;70;14,1;3,0;6153
821698;2026-05-22 17:14:18;1779462858;1100;15,2;100;70;14,1;3,0;6159
822228;2026-05-22 17:14:19;1779462859;1100;15,2;100;70;14,1;3,0;6163
822762;2026-05-22 17:14:20;1779462860;1100;15,2;100;70;14,1;3,0;6168
823371;2026-05-22 17:14:20;1779462860;1150;15,2;100;70;14,1;3,0;6174
823905;2026-05-22 17:14:21;1779462861;1100;15,2;100;70;14,1;3,0;6178
824438;2026-05-22 17:14:21;1779462861;1150;15,2;100;70;14,1;3,0;6183
825057;2026-05-22 17:14:22;1779462862;1200;15,2;100;70;14,1;3,0;6189
825591;2026-05-22 17:14:22;1779462862;1300;18,6;84;70;14,1;3,0;6194
826124;2026-05-22 17:14:23;1779462863;1350;18,6;76;70;14,1;3,0;6200
826726;2026-05-22 17:14:23;1779462863;1400;19,2;68;70;14,1;3,0;6207
827258;2026-05-22 17:14:24;1779462864;1450;20,0;67;70;14,1;3,0;6213
827792;2026-05-22 17:14:25;1779462865;1450;20,0;65;70;14,1;3,0;6219
828418;2026-05-22 17:14:25;1779462865;1350;18,0;100;70;13,9;3,0;6226
828952;2026-05-22 17:14:26;1779462866;1250;16,6;100;70;13,9;3,0;6231
829456;2026-05-22 17:14:26;1779462866;1200;16,0;100;70;13,9;3,1;6236
830137;2026-05-22 17:14:27;1779462867;1150;15,2;100;70;14,1;3,1;6242
830668;2026-05-22 17:14:27;1779462867;1150;16,0;100;70;14,1;3,1;6247
831200;2026-05-22 17:14:28;1779462868;1150;15,2;100;70;14,1;3,1;6252
831858;2026-05-22 17:14:29;1779462869;1100;15,2;100;70;14,1;3,0;6258
832387;2026-05-22 17:14:29;1779462869;1150;14,6;100;70;14,1;3,0;6262
832894;2026-05-22 17:14:30;1779462870;1100;15,2;100;70;14,1;3,0;6267
833577;2026-05-22 17:14:30;1779462870;1100;15,2;100;70;14,1;3,0;6273
834115;2026-05-22 17:14:31;1779462871;1100;15,2;100;70;14,1;3,0;6278
834646;2026-05-22 17:14:31;1779462871;1100;14,6;100;70;14,1;3,0;6283
835338;2026-05-22 17:14:32;1779462872;1100;14,6;100;70;14,1;3,0;6288
835868;2026-05-22 17:14:33;1779462873;1100;15,2;100;70;14,1;3,0;6293
836372;2026-05-22 17:14:33;1779462873;1100;14,6;100;70;14,1;3,0;6298
837098;2026-05-22 17:14:34;1779462874;1100;15,2;100;70;14,1;3,0;6304
837640;2026-05-22 17:14:34;1779462874;1050;14,6;100;70;14,1;3,0;6308
838170;2026-05-22 17:14:35;1779462875;1050;14,6;100;70;14,1;3,0;6313
838697;2026-05-22 17:14:35;1779462875;1100;14,6;100;70;14,1;3,1;6317
839233;2026-05-22 17:14:36;1779462876;1100;14,6;100;70;14,1;3,1;6322
839738;2026-05-22 17:14:37;1779462877;1050;14,6;100;70;14,1;3,1;6326
840378;2026-05-22 17:14:37;1779462877;1050;14,6;100;70;14,1;3,1;6331
840920;2026-05-22 17:14:38;1779462878;1050;14,6;100;70;14,1;3,1;6336
841453;2026-05-22 17:14:38;1779462878;1050;14,6;100;70;14,1;3,1;6341
842098;2026-05-22 17:14:39;1779462879;1050;14,0;100;70;14,1;3,1;6346
842602;2026-05-22 17:14:39;1779462879;1050;14,6;100;70;14,1;3,1;6350
843137;2026-05-22 17:14:40;1779462880;1050;14,6;100;70;14,1;3,1;6355
843778;2026-05-22 17:14:41;1779462881;1100;15,2;91;70;14,1;3,0;6360
844316;2026-05-22 17:14:41;1779462881;1400;20,0;62;70;14,1;3,0;6366
844850;2026-05-22 17:14:42;1779462882;1550;26,2;61;70;14,1;3,0;6373
845458;2026-05-22 17:14:42;1779462882;1600;27,0;61;70;13,9;3,0;6381
845964;2026-05-22 17:14:43;1779462883;1600;27,0;61;70;13,9;3,0;6388
846498;2026-05-22 17:14:43;1779462883;1600;27,2;61;70;13,9;3,0;6395
847029;2026-05-22 17:14:44;1779462884;1600;27,0;61;70;13,9;3,0;6401
847530;2026-05-22 17:14:44;1779462884;1600;27,2;61;70;13,9;3,0;6408
848065;2026-05-22 17:14:45;1779462885;1600;27,0;61;70;13,9;3,0;6414
848597;2026-05-22 17:14:45;1779462885;1600;27,2;61;70;13,9;3,0;6421
849195;2026-05-22 17:14:46;1779462886;1350;19,2;100;70;13,9;3,0;6429
849727;2026-05-22 17:14:46;1779462886;1250;17,2;100;70;13,9;3,0;6434
850259;2026-05-22 17:14:47;1779462887;1250;16,6;100;70;13,9;3,0;6439
850776;2026-05-22 17:14:48;1779462888;1250;16,6;100;70;14,1;3,0;6444
851309;2026-05-22 17:14:48;1779462888;1200;16,6;100;70;14,1;3,0;6449
851817;2026-05-22 17:14:49;1779462889;1200;16,0;100;70;14,1;3,0;6454
852378;2026-05-22 17:14:49;1779462889;1200;16,0;100;70;14,1;3,0;6460
852916;2026-05-22 17:14:50;1779462890;1200;16,0;100;70;14,1;3,0;6465
853451;2026-05-22 17:14:50;1779462890;1200;16,0;100;70;14,1;3,0;6470
854097;2026-05-22 17:14:51;1779462891;1200;16,0;100;70;14,1;3,0;6476
854645;2026-05-22 17:14:51;1779462891;1200;16,6;100;70;14,1;3,0;6481
855152;2026-05-22 17:14:52;1779462892;1200;16,0;100;70;14,1;3,0;6486
855738;2026-05-22 17:14:53;1779462893;1150;16,0;100;70;14,1;3,0;6491
856273;2026-05-22 17:14:53;1779462893;1150;16,0;100;70;14,1;3,0;6496
856807;2026-05-22 17:14:54;1779462894;1150;16,0;100;70;14,1;3,0;6501
857417;2026-05-22 17:14:54;1779462894;1200;16,0;100;70;14,1;3,0;6507
857962;2026-05-22 17:14:55;1779462895;1200;16,0;100;70;14,1;3,0;6512
858463;2026-05-22 17:14:55;1779462895;1150;15,2;100;70;14,1;3,0;6516
859099;2026-05-22 17:14:56;1779462896;1100;16,0;100;70;14,1;3,0;6522
859634;2026-05-22 17:14:56;1779462896;1100;15,2;100;70;14,1;3,0;6527
860165;2026-05-22 17:14:57;1779462897;1100;15,2;100;70;14,1;3,0;6532
860818;2026-05-22 17:14:58;1779462898;1100;14,6;100;70;14,1;3,1;6538
861367;2026-05-22 17:14:58;1779462898;1100;14,6;100;70;14,1;3,1;6542
861870;2026-05-22 17:14:59;1779462899;1050;14,0;100;70;14,1;3,1;6546
862537;2026-05-22 17:14:59;1779462899;1000;14,0;100;70;14,1;3,1;6552
863073;2026-05-22 17:15:00;1779462900;1050;13,4;100;70;14,1;3,0;6556
863604;2026-05-22 17:15:00;1779462900;950;13,4;100;70;13,9;3,0;6560
864258;2026-05-22 17:15:01;1779462901;950;12,8;100;70;13,9;3,0;6565
864765;2026-05-22 17:15:02;1779462902;900;13,4;100;70;13,9;3,0;6569
865300;2026-05-22 17:15:02;1779462902;950;12,8;100;70;13,9;3,0;6573
865938;2026-05-22 17:15:03;1779462903;1050;14,6;100;70;13,9;3,0;6578
866475;2026-05-22 17:15:03;1779462903;1050;14,6;100;70;13,9;3,0;6582
867007;2026-05-22 17:15:04;1779462904;1150;16,0;100;70;13,9;3,0;6588
867658;2026-05-22 17:15:04;1779462904;1350;20,0;65;70;13,9;3,0;6594
868223;2026-05-22 17:15:05;1779462905;1700;26,0;65;70;13,9;2,9;6602
868755;2026-05-22 17:15:06;1779462906;1800;26,4;68;70;13,9;2,9;6609
869380;2026-05-22 17:15:06;1779462906;1900;26,6;67;70;13,9;3,0;6619
869914;2026-05-22 17:15:07;1779462907;1950;27,4;65;70;13,9;3,0;6627
870449;2026-05-22 17:15:07;1779462907;2000;28,2;61;70;13,9;3,0;6636
871058;2026-05-22 17:15:08;1779462908;2100;29,6;56;70;13,9;3,0;6647
871567;2026-05-22 17:15:08;1779462908;2150;30,8;53;70;13,9;3,0;6656
872105;2026-05-22 17:15:09;1779462909;1800;27,2;65;70;13,9;3,0;6663
872635;2026-05-22 17:15:09;1779462909;1750;27,6;61;70;13,9;3,0;6671
873211;2026-05-22 17:15:10;1779462910;1750;29,2;56;70;13,9;3,0;6679
873744;2026-05-22 17:15:11;1779462911;1650;27,0;62;70;13,9;3,0;6686
874252;2026-05-22 17:15:11;1779462911;1600;27,2;61;70;13,9;3,0;6693
874779;2026-05-22 17:15:12;1779462912;1600;27,0;61;70;13,9;3,0;6700
875312;2026-05-22 17:15:12;1779462912;1600;27,2;61;70;13,9;3,0;6707
875846;2026-05-22 17:15:13;1779462913;1600;27,2;61;70;13,9;3,0;6714
876379;2026-05-22 17:15:13;1779462913;1650;27,0;61;70;13,9;3,0;6721
876914;2026-05-22 17:15:14;1779462914;1600;27,2;61;70;13,9;3,0;6728
877424;2026-05-22 17:15:14;1779462914;1650;27,2;61;70;13,9;3,0;6734
878097;2026-05-22 17:15:15;1779462915;1600;27,2;61;70;13,9;3,0;6743
878640;2026-05-22 17:15:15;1779462915;1600;22,0;61;70;13,9;3,0;6750
879175;2026-05-22 17:15:16;1779462916;1400;18,0;100;70;13,9;3,0;6756
879817;2026-05-22 17:15:17;1779462917;1200;16,0;100;70;14,1;3,0;6762
880352;2026-05-22 17:15:17;1779462917;1200;16,0;100;70;14,1;3,0;6767
880859;2026-05-22 17:15:18;1779462918;1150;16,0;100;70;14,1;3,0;6771
881497;2026-05-22 17:15:18;1779462918;1200;16,0;100;70;14,1;3,0;6778
882031;2026-05-22 17:15:19;1779462919;1150;16,0;100;70;14,1;3,0;6783
882565;2026-05-22 17:15:19;1779462919;1150;16,0;100;70;14,1;3,0;6787
883219;2026-05-22 17:15:20;1779462920;1150;16,0;100;70;14,1;3,0;6794
883754;2026-05-22 17:15:21;1779462921;1150;16,0;100;70;14,1;3,0;6799
884263;2026-05-22 17:15:21;1779462921;1150;16,0;100;70;14,1;3,0;6803
884937;2026-05-22 17:15:22;1779462922;1150;16,0;100;70;14,1;3,0;6809
885486;2026-05-22 17:15:22;1779462922;1150;16,0;100;70;14,1;3,0;6815
886019;2026-05-22 17:15:23;1779462923;1150;16,0;100;70;14,1;3,0;6820
886658;2026-05-22 17:15:23;1779462923;1150;15,2;100;70;14,1;3,0;6825
887165;2026-05-22 17:15:24;1779462924;1150;16,0;100;70;14,1;3,0;6830
887702;2026-05-22 17:15:24;1779462924;1150;16,0;100;70;14,1;3,0;6835
888338;2026-05-22 17:15:25;1779462925;1100;16,0;100;70;14,1;3,1;6840
888883;2026-05-22 17:15:26;1779462926;1150;15,2;100;70;14,1;3,1;6846
889413;2026-05-22 17:15:26;1779462926;1150;16,0;100;70;14,1;3,1;6850
890058;2026-05-22 17:15:27;1779462927;1150;16,0;100;70;14,1;3,0;6856
890567;2026-05-22 17:15:27;1779462927;1150;16,0;100;70;14,1;3,0;6861
891101;2026-05-22 17:15:28;1779462928;1150;15,2;100;70;14,1;3,0;6866
891738;2026-05-22 17:15:29;1779462929;1100;15,2;100;70;14,1;3,0;6871
892306;2026-05-22 17:15:29;1779462929;1100;15,2;100;70;14,1;3,0;6876
892836;2026-05-22 17:15:30;1779462930;1100;15,2;100;70;14,1;3,0;6881
893497;2026-05-22 17:15:30;1779462930;1100;14,6;100;70;14,1;3,0;6887
894027;2026-05-22 17:15:31;1779462931;1100;15,2;100;70;14,1;3,0;6891
894559;2026-05-22 17:15:31;1779462931;1100;15,2;100;70;14,1;3,0;6896
895257;2026-05-22 17:15:32;1779462932;1200;16,0;100;70;14,1;3,0;6903
895802;2026-05-22 17:15:33;1779462933;1200;16,0;100;70;14,1;3,0;6908
896338;2026-05-22 17:15:33;1779462933;1200;16,6;100;70;14,1;3,0;6913
896898;2026-05-22 17:15:34;1779462934;1250;17,2;100;70;14,1;3,0;6918
897428;2026-05-22 17:15:34;1779462934;1200;16,6;100;70;14,1;3,0;6924
897961;2026-05-22 17:15:35;1779462935;1250;17,2;100;70;14,1;3,0;6930
898493;2026-05-22 17:15:35;1779462935;1250;17,2;100;70;14,1;3,0;6934
899009;2026-05-22 17:15:36;1779462936;1250;17,2;100;70;14,1;3,0;6940
899515;2026-05-22 17:15:36;1779462936;1300;17,2;100;70;14,1;3,0;6945
900050;2026-05-22 17:15:37;1779462937;1250;17,2;100;70;14,1;3,0;6950
900614;2026-05-22 17:15:37;1779462937;1300;18,0;100;70;14,1;3,0;6956
901154;2026-05-22 17:15:38;1779462938;1300;18,0;100;70;14,1;3,0;6962
901686;2026-05-22 17:15:38;1779462938;1300;18,0;100;70;14,1;3,0;6968
902295;2026-05-22 17:15:39;1779462939;1100;16,0;100;70;14,1;3,0;6973
902801;2026-05-22 17:15:40;1779462940;1100;14,6;100;70;14,1;3,0;6978
903338;2026-05-22 17:15:40;1779462940;1100;15,2;100;70;14,1;3,0;6982
903896;2026-05-22 17:15:41;1779462941;1100;14,6;100;70;14,1;3,0;6987
904431;2026-05-22 17:15:41;1779462941;1100;15,2;100;70;14,1;3,0;6992
904961;2026-05-22 17:15:42;1779462942;1100;14,6;100;70;14,1;3,1;6996
905669;2026-05-22 17:15:42;1779462942;1100;14,6;100;70;13,9;3,1;7002
906180;2026-05-22 17:15:43;1779462943;1100;14,6;100;70;13,9;3,1;7006
906710;2026-05-22 17:15:43;1779462943;1100;14,0;100;70;13,9;3,1;7011
907338;2026-05-22 17:15:44;1779462944;1050;14,0;100;70;13,9;3,0;7017
907872;2026-05-22 17:15:45;1779462945;1050;14,0;100;70;13,9;3,0;7020
908406;2026-05-22 17:15:45;1779462945;1000;14,0;100;70;13,9;3,0;7025
909055;2026-05-22 17:15:46;1779462946;1000;14,0;100;70;13,9;3,0;7030
909601;2026-05-22 17:15:46;1779462946;1000;14,0;100;70;13,9;3,0;7035
910132;2026-05-22 17:15:47;1779462947;1000;13,4;100;70;13,9;3,0;7038
910779;2026-05-22 17:15:48;1779462948;1000;13,4;100;70;14,1;3,0;7044
911311;2026-05-22 17:15:48;1779462948;950;13,4;100;70;14,1;3,0;7047
911842;2026-05-22 17:15:49;1779462949;950;13,4;100;70;14,1;3,0;7052
912541;2026-05-22 17:15:49;1779462949;950;13,4;100;70;14,1;3,0;7057
913071;2026-05-22 17:15:50;1779462950;950;13,4;100;70;14,1;3,0;7061
913604;2026-05-22 17:15:50;1779462950;950;12,8;100;70;14,1;3,0;7065
914137;2026-05-22 17:15:51;1779462951;1050;13,4;100;70;14,1;3,0;7069
914672;2026-05-22 17:15:51;1779462951;1200;16,0;100;70;14,1;3,0;7074
915209;2026-05-22 17:15:52;1779462952;1150;15,2;100;70;14,1;3,0;7079
915852;2026-05-22 17:15:53;1779462953;1100;15,2;100;70;13,9;3,0;7085
916389;2026-05-22 17:15:53;1779462953;1150;14,6;100;70;13,9;3,0;7089
916922;2026-05-22 17:15:54;1779462954;1200;16,6;100;70;13,9;3,0;7094
917617;2026-05-22 17:15:54;1779462954;1500;26,8;61;70;14,1;2,9;7102
918149;2026-05-22 17:15:55;1779462955;1750;26,2;68;70;14,1;2,9;7109
918683;2026-05-22 17:15:55;1779462955;1800;26,4;68;70;14,1;3,0;7116
919331;2026-05-22 17:15:56;1779462956;1650;22,0;62;70;13,9;3,0;7126
919865;2026-05-22 17:15:57;1779462957;1500;21,2;100;70;13,9;3,0;7133
920402;2026-05-22 17:15:57;1779462957;1450;20,0;100;70;13,9;3,0;7139
921057;2026-05-22 17:15:58;1779462958;1450;20,0;100;70;13,9;3,0;7147
921592;2026-05-22 17:15:58;1779462958;1400;19,2;100;70;13,9;3,0;7153
922100;2026-05-22 17:15:59;1779462959;1400;19,2;100;70;13,9;3,0;7158
922777;2026-05-22 17:16:00;1779462960;1350;18,0;100;70;13,9;3,0;7166
923321;2026-05-22 17:16:00;1779462960;1350;18,6;100;70;13,9;3,0;7172
923855;2026-05-22 17:16:01;1779462961;1300;17,2;100;70;13,9;3,0;7178
924496;2026-05-22 17:16:01;1779462961;1300;17,2;100;70;14,1;3,0;7184
925030;2026-05-22 17:16:02;1779462962;1250;17,2;100;70;14,1;3,0;7189
925536;2026-05-22 17:16:02;1779462962;1200;16,6;100;70;14,1;3,0;7194
926177;2026-05-22 17:16:03;1779462963;1200;17,2;100;70;14,1;3,0;7201
926715;2026-05-22 17:16:03;1779462963;1150;16,6;100;70;14,1;3,0;7206
927249;2026-05-22 17:16:04;1779462964;1250;18,0;62;70;14,1;3,0;7212
927899;2026-05-22 17:16:05;1779462965;1850;26,4;72;70;13,9;3,0;7221
928432;2026-05-22 17:16:05;1779462965;1900;25,2;72;70;13,9;3,0;7229
928940;2026-05-22 17:16:06;1779462966;1850;28,0;60;70;13,9;3,0;7236
929578;2026-05-22 17:16:06;1779462966;1750;29,2;56;70;13,9;3,0;7245
930118;2026-05-22 17:16:07;1779462967;1800;28,6;59;70;13,9;3,0;7253
930653;2026-05-22 17:16:07;1779462967;1800;28,0;62;70;13,9;3,0;7261
931297;2026-05-22 17:16:08;1779462968;1800;26,8;67;70;13,9;3,0;7270
931806;2026-05-22 17:16:09;1779462969;1850;26,4;68;70;13,9;3,0;7279
932340;2026-05-22 17:16:09;1779462969;1850;25,6;72;70;13,9;3,0;7286
932977;2026-05-22 17:16:10;1779462970;1850;25,0;75;70;13,9;3,0;7295
933517;2026-05-22 17:16:10;1779462970;1850;24,8;76;70;13,9;3,0;7304
934050;2026-05-22 17:16:11;1779462971;1850;25,0;72;70;13,9;3,0;7312
934697;2026-05-22 17:16:11;1779462971;1850;25,0;76;70;13,9;3,0;7321
935205;2026-05-22 17:16:12;1779462972;1600;20,0;100;70;13,9;3,0;7328
935742;2026-05-22 17:16:13;1779462973;1300;17,2;100;70;13,9;3,0;7334
936377;2026-05-22 17:16:13;1779462973;1200;16,6;100;70;13,9;3,0;7339
936922;2026-05-22 17:16:14;1779462974;1150;16,0;100;70;14,1;3,0;7345
937452;2026-05-22 17:16:14;1779462974;1150;16,0;100;70;14,1;3,0;7349
938099;2026-05-22 17:16:15;1779462975;1150;15,2;100;70;14,1;3,0;7356
938603;2026-05-22 17:16:15;1779462975;1150;15,2;100;70;14,1;3,0;7360
939135;2026-05-22 17:16:16;1779462976;1150;16,0;100;70;14,1;3,0;7365
939737;2026-05-22 17:16:17;1779462977;1100;15,2;100;70;14,1;3,0;7370
940267;2026-05-22 17:16:17;1779462977;1100;15,2;100;70;14,1;3,0;7375
940800;2026-05-22 17:16:18;1779462978;1100;15,2;100;70;14,1;3,1;7380
941457;2026-05-22 17:16:18;1779462978;1100;15,2;100;70;14,1;3,1;7386
941962;2026-05-22 17:16:19;1779462979;1100;15,2;100;70;14,1;3,1;7390
942498;2026-05-22 17:16:19;1779462979;1100;14,6;100;70;14,1;3,1;7395
943217;2026-05-22 17:16:20;1779462980;1100;14,6;100;70;14,1;3,0;7400
943762;2026-05-22 17:16:21;1779462981;1050;15,2;100;70;14,1;3,0;7405
944294;2026-05-22 17:16:21;1779462981;1050;14,6;100;70;14,1;3,0;7410
944847;2026-05-22 17:16:22;1779462982;1050;15,2;100;70;14,1;3,0;7414
945379;2026-05-22 17:16:22;1779462982;1200;16,6;100;70;14,1;3,0;7420
945917;2026-05-22 17:16:23;1779462983;1150;16,6;100;70;14,1;3,0;7425
946538;2026-05-22 17:16:23;1779462983;1150;15,2;100;70;14,1;3,0;7431
947072;2026-05-22 17:16:24;1779462984;1100;14,6;100;70;14,1;3,0;7435
947605;2026-05-22 17:16:24;1779462984;1100;14,6;100;70;14,1;3,1;7440
948207;2026-05-22 17:16:25;1779462985;1050;14,6;100;70;14,1;3,1;7445
948743;2026-05-22 17:16:26;1779462986;1050;14,0;100;70;14,1;3,1;7449
949276;2026-05-22 17:16:26;1779462986;1000;14,0;100;70;14,1;3,1;7453
949898;2026-05-22 17:16:27;1779462987;950;13,4;100;70;14,1;3,0;7458
950430;2026-05-22 17:16:27;1779462987;950;12,8;100;70;13,9;3,0;7462
950964;2026-05-22 17:16:28;1779462988;900;12,8;100;70;13,9;3,0;7466
951688;2026-05-22 17:16:28;1779462988;950;12,8;100;70;13,9;3,0;7471
952217;2026-05-22 17:16:29;1779462989;950;12,8;100;70;13,9;3,0;7475
952747;2026-05-22 17:16:30;1779462990;950;12,8;100;70;13,9;3,0;7479
953378;2026-05-22 17:16:30;1779462990;1100;16,6;100;70;14,1;3,0;7484
953911;2026-05-22 17:16:31;1779462991;1300;18,0;100;70;14,1;3,0;7490
954445;2026-05-22 17:16:31;1779462991;1300;17,2;100;70;14,1;3,0;7496
955004;2026-05-22 17:16:32;1779462992;1250;16,6;100;70;14,1;3,0;7502
955535;2026-05-22 17:16:32;1779462992;1250;16,6;100;70;14,1;3,0;7507
956070;2026-05-22 17:16:33;1779462993;1250;17,2;100;70;14,1;3,0;7512
956698;2026-05-22 17:16:33;1779462993;1250;17,2;100;70;14,1;3,0;7519
957234;2026-05-22 17:16:34;1779462994;1300;17,2;100;70;14,1;3,0;7524
957791;2026-05-22 17:16:35;1779462995;1250;17,2;100;70;14,1;3,0;7530
1053938;2026-05-22 17:18:11;1779463091;1100;17,2;100;70;14,1;3,0;3
1054468;2026-05-22 17:18:11;1779463091;1100;15,2;100;70;13,7;3,0;8
1054998;2026-05-22 17:18:12;1779463092;1100;15,2;100;70;13,7;3,0;13
1055577;2026-05-22 17:18:12;1779463092;1150;15,2;100;69;13,7;3,0;18
1056108;2026-05-22 17:18:13;1779463093;1150;15,2;100;69;13,7;3,0;22
1056615;2026-05-22 17:18:13;1779463093;1100;16,0;100;69;13,9;3,0;28
1057146;2026-05-22 17:18:14;1779463094;1150;16,0;100;69;13,9;3,0;33
1057738;2026-05-22 17:18:15;1779463095;1150;16,0;100;69;13,9;3,0;38
1058268;2026-05-22 17:18:15;1779463095;1200;16,0;100;69;13,9;3,1;43
1058804;2026-05-22 17:18:16;1779463096;1200;16,0;100;69;13,9;3,1;48
1059409;2026-05-22 17:18:16;1779463096;1150;16,0;100;69;13,9;3,1;54
1059918;2026-05-22 17:18:17;1779463097;1200;16,0;100;69;13,9;3,1;59
1060449;2026-05-22 17:18:17;1779463097;1200;16,0;100;69;13,9;3,0;64
1061050;2026-05-22 17:18:18;1779463098;1200;16,0;100;69;13,9;3,0;69
1061585;2026-05-22 17:18:18;1779463098;1200;16,0;100;69;13,9;3,0;74
1062118;2026-05-22 17:18:19;1779463099;1150;16,0;100;69;13,9;3,0;79
1062639;2026-05-22 17:18:19;1779463099;1150;16,6;100;69;13,9;3,1;84
1063172;2026-05-22 17:18:20;1779463100;1150;16,0;100;69;13,9;3,1;90
1063706;2026-05-22 17:18:20;1779463100;1150;16,0;100;69;13,9;3,1;95
1064217;2026-05-22 17:18:21;1779463101;1150;16,0;100;69;13,9;3,1;99
1064753;2026-05-22 17:18:22;1779463102;1150;16,0;100;69;13,9;3,1;104
1065283;2026-05-22 17:18:22;1779463102;1200;16,0;100;69;13,9;3,1;109
1065882;2026-05-22 17:18:23;1779463103;1150;16,0;100;70;13,9;3,1;115
1066420;2026-05-22 17:18:23;1779463103;1150;16,0;100;70;13,9;3,1;120
1066954;2026-05-22 17:18:24;1779463104;1150;16,0;100;70;13,9;3,0;125
1067577;2026-05-22 17:18:24;1779463104;1150;16,0;100;70;13,9;3,0;131
1068107;2026-05-22 17:18:25;1779463105;1150;16,0;100;70;13,9;3,0;136
1068639;2026-05-22 17:18:25;1779463105;1200;16,0;100;70;13,9;3,0;141
1069282;2026-05-22 17:18:26;1779463106;1150;16,0;100;70;13,9;3,1;147
1069822;2026-05-22 17:18:27;1779463107;1200;16,0;100;70;13,9;3,1;153
1070352;2026-05-22 17:18:27;1779463107;1150;16,0;100;70;13,9;3,1;157
1071098;2026-05-22 17:18:28;1779463108;1150;16,0;100;70;13,9;3,1;165
1071634;2026-05-22 17:18:28;1779463108;1200;16,0;100;70;13,9;3,1;169
1072166;2026-05-22 17:18:29;1779463109;1150;16,0;100;70;13,9;3,1;175
1072682;2026-05-22 17:18:29;1779463109;1200;16,6;100;70;13,9;3,1;180
1073223;2026-05-22 17:18:30;1779463110;1200;16,0;100;70;13,9;3,0;185
1073756;2026-05-22 17:18:31;1779463111;1200;16,0;100;70;13,9;3,0;190
1074457;2026-05-22 17:18:31;1779463111;1200;16,0;100;70;13,9;3,0;197
1074990;2026-05-22 17:18:32;1779463112;1200;16,6;100;70;13,9;3,0;201
1075496;2026-05-22 17:18:32;1779463112;1150;16,6;100;70;13,9;3,1;206
1076177;2026-05-22 17:18:33;1779463113;1200;16,0;100;70;13,9;3,1;213
1076711;2026-05-22 17:18:33;1779463113;1150;16,0;100;70;13,9;3,1;216
1077246;2026-05-22 17:18:34;1779463114;1150;16,0;100;70;13,9;3,1;223
1077897;2026-05-22 17:18:35;1779463115;1200;16,0;100;70;13,9;3,1;229
1078437;2026-05-22 17:18:35;1779463115;1200;16,0;100;70;13,9;3,1;234
1078943;2026-05-22 17:18:36;1779463116;1200;16,0;100;70;13,9;3,1;239
1079578;2026-05-22 17:18:36;1779463116;1200;16,6;100;70;13,9;3,1;245
1080117;2026-05-22 17:18:37;1779463117;1200;16,0;100;70;14,1;3,1;250
1080650;2026-05-22 17:18:37;1779463117;1200;16,0;100;70;14,1;3,1;256
1081338;2026-05-22 17:18:38;1779463118;1200;16,0;100;70;14,1;3,1;262
1081870;2026-05-22 17:18:39;1779463119;1150;16,0;100;70;14,1;3,1;267
1082381;2026-05-22 17:18:39;1779463119;1200;16,0;100;70;14,1;3,1;272
1083018;2026-05-22 17:18:40;1779463120;1150;16,0;100;70;14,1;3,1;278
1083551;2026-05-22 17:18:40;1779463120;1200;16,6;100;70;14,1;3,1;283
1084085;2026-05-22 17:18:41;1779463121;1150;16,0;100;70;14,1;3,1;288
1084739;2026-05-22 17:18:42;1779463122;1150;16,0;100;70;14,1;3,1;294
1085246;2026-05-22 17:18:42;1779463122;1200;16,0;100;70;14,1;3,1;299
1085779;2026-05-22 17:18:43;1779463123;1200;16,0;100;70;14,1;3,1;304
1086457;2026-05-22 17:18:43;1779463123;1200;16,0;100;70;13,9;3,1;311
1086990;2026-05-22 17:18:44;1779463124;1200;16,0;100;70;13,9;3,1;316
1087522;2026-05-22 17:18:44;1779463124;1200;16,0;100;70;13,9;3,1;321
1088218;2026-05-22 17:18:45;1779463125;1150;16,0;100;70;13,9;3,1;327
1088722;2026-05-22 17:18:45;1779463125;1150;16,0;100;70;13,9;3,1;332
1089256;2026-05-22 17:18:46;1779463126;1200;16,0;100;70;13,9;3,1;337
1089898;2026-05-22 17:18:47;1779463127;1150;16,6;100;70;13,9;3,1;343
1090433;2026-05-22 17:18:47;1779463127;1150;16,0;100;70;14,1;3,1;348
1090967;2026-05-22 17:18:48;1779463128;1200;16,0;100;70;14,1;3,1;353
1091657;2026-05-22 17:18:48;1779463128;1200;16,0;100;70;14,1;3,1;360
1092166;2026-05-22 17:18:49;1779463129;1200;16,0;100;70;14,1;3,1;365
1092701;2026-05-22 17:18:49;1779463129;1200;16,6;100;70;14,1;3,1;370
1093377;2026-05-22 17:18:50;1779463130;1150;16,0;100;70;14,1;3,1;376
1093908;2026-05-22 17:18:51;1779463131;1150;16,0;100;70;14,1;3,1;381
1094442;2026-05-22 17:18:51;1779463131;1150;16,0;100;70;14,1;3,0;386
1095097;2026-05-22 17:18:52;1779463132;1150;16,0;100;70;14,1;3,0;392
1095603;2026-05-22 17:18:52;1779463132;1150;16,0;100;70;14,1;3,0;397
1096138;2026-05-22 17:18:53;1779463133;1200;16,0;100;70;14,1;3,0;402
1096817;2026-05-22 17:18:54;1779463134;1200;16,0;100;70;14,1;3,0;408
1097357;2026-05-22 17:18:54;1779463134;1200;16,0;100;70;14,1;3,0;414
1097891;2026-05-22 17:18:55;1779463135;1150;16,0;100;70;14,1;3,0;419
1098516;2026-05-22 17:18:55;1779463135;1150;16,0;100;70;14,1;3,1;424
1099048;2026-05-22 17:18:56;1779463136;1150;16,0;100;70;14,1;3,1;429
1099583;2026-05-22 17:18:56;1779463136;1150;16,6;100;70;14,1;3,1;434
1100218;2026-05-22 17:18:57;1779463137;1200;16,0;100;70;14,1;3,1;441
1100754;2026-05-22 17:18:58;1779463138;1200;16,6;100;70;14,1;3,1;446
1101287;2026-05-22 17:18:58;1779463138;1200;16,0;100;70;14,1;3,1;451
1101963;2026-05-22 17:18:59;1779463139;1200;16,0;100;70;14,1;3,1;457
1102496;2026-05-22 17:18:59;1779463139;1200;16,6;100;70;14,1;3,1;462
1103034;2026-05-22 17:19:00;1779463140;1150;16,0;100;70;14,1;3,1;467
1103697;2026-05-22 17:19:00;1779463140;1200;16,6;100;70;14,1;3,1;474
1104229;2026-05-22 17:19:01;1779463141;1150;16,0;100;70;14,1;3,1;479
1104765;2026-05-22 17:19:02;1779463142;1150;16,0;100;70;14,1;3,1;483
1105356;2026-05-22 17:19:02;1779463142;1150;16,0;100;70;14,1;3,1;489
1105889;2026-05-22 17:19:03;1779463143;1150;16,0;100;70;14,1;3,1;494
1106423;2026-05-22 17:19:03;1779463143;1200;16,0;100;70;14,1;3,1;499
1107057;2026-05-22 17:19:04;1779463144;1150;16,6;100;70;14,1;3,1;505
1107593;2026-05-22 17:19:04;1779463144;1200;16,0;100;70;14,1;3,1;510
1108095;2026-05-22 17:19:05;1779463145;1150;16,0;100;70;14,1;3,1;515
1108698;2026-05-22 17:19:05;1779463145;1150;16,0;100;70;14,1;3,1;520
1109230;2026-05-22 17:19:06;1779463146;1150;16,0;100;70;14,1;3,1;525
1109765;2026-05-22 17:19:07;1779463147;1150;16,0;100;70;14,1;3,1;531
1110417;2026-05-22 17:19:07;1779463147;1150;16,0;100;70;14,1;3,1;536
1110957;2026-05-22 17:19:08;1779463148;1150;16,0;100;70;14,1;3,1;542
1111463;2026-05-22 17:19:08;1779463148;1150;16,0;100;70;14,1;3,1;546
1112098;2026-05-22 17:19:09;1779463149;1200;16,0;100;70;14,1;3,1;552
1112631;2026-05-22 17:19:09;1779463149;1150;16,0;100;70;14,1;3,1;557
1113164;2026-05-22 17:19:10;1779463150;1200;16,0;100;70;14,1;3,0;563
1113818;2026-05-22 17:19:11;1779463151;1200;16,0;100;70;14,1;3,0;568
1114356;2026-05-22 17:19:11;1779463151;1200;16,0;100;70;14,1;3,0;574
1114860;2026-05-22 17:19:12;1779463152;1150;16,0;100;70;14,1;3,0;578
1115460;2026-05-22 17:19:12;1779463152;1200;16,0;100;70;14,1;3,1;584
1115992;2026-05-22 17:19:13;1779463153;1200;16,0;100;70;14,1;3,1;588
1116525;2026-05-22 17:19:13;1779463153;1200;16,6;100;70;14,1;3,1;594
1117139;2026-05-22 17:19:14;1779463154;1200;16,6;100;70;14,1;3,1;600
1117672;2026-05-22 17:19:14;1779463154;1200;16,0;100;70;14,1;3,0;605
1118180;2026-05-22 17:19:15;1779463155;1200;16,0;100;70;14,1;3,0;610
1118898;2026-05-22 17:19:16;1779463156;1200;16,0;100;70;14,1;3,0;616
1119433;2026-05-22 17:19:16;1779463156;1200;16,0;100;70;14,1;3,0;621
1119966;2026-05-22 17:19:17;1779463157;1200;16,6;100;70;14,1;3,0;627
1120538;2026-05-22 17:19:17;1779463157;1200;16,0;100;70;14,1;3,0;632
1121050;2026-05-22 17:19:18;1779463158;1200;16,6;100;70;14,1;3,0;637
1121583;2026-05-22 17:19:18;1779463158;1150;16,0;100;70;14,1;3,1;642
1122217;2026-05-22 17:19:19;1779463159;1200;16,6;100;70;14,1;3,1;648
1122752;2026-05-22 17:19:20;1779463160;1200;16,0;100;70;14,1;3,1;653
1123287;2026-05-22 17:19:20;1779463160;1150;16,0;100;70;14,1;3,1;659
1123897;2026-05-22 17:19:21;1779463161;1200;16,0;100;70;14,1;3,1;664
1124454;2026-05-22 17:19:21;1779463161;1200;16,0;100;70;14,1;3,1;669
1124985;2026-05-22 17:19:22;1779463162;1200;16,0;100;70;14,1;3,1;674
1125659;2026-05-22 17:19:22;1779463162;1200;16,6;100;70;14,1;3,1;681
1126195;2026-05-22 17:19:23;1779463163;1200;16,6;100;70;14,1;3,1;686
1126728;2026-05-22 17:19:23;1779463163;1150;16,0;100;70;14,1;3,1;691
1127351;2026-05-22 17:19:24;1779463164;1150;16,0;100;70;14,1;3,1;697
1127895;2026-05-22 17:19:25;1779463165;1200;16,6;100;70;14,1;3,1;702
1128426;2026-05-22 17:19:25;1779463165;1150;16,6;100;70;14,1;3,1;707
1129057;2026-05-22 17:19:26;1779463166;1200;16,0;100;70;14,1;3,1;713
1129593;2026-05-22 17:19:26;1779463166;1200;16,0;100;70;14,1;3,1;718
1130126;2026-05-22 17:19:27;1779463167;1200;16,6;100;70;14,1;3,1;724
1130711;2026-05-22 17:19:27;1779463167;1200;16,6;100;70;14,1;3,1;729
1131248;2026-05-22 17:19:28;1779463168;1200;16,0;100;70;14,1;3,1;734
1131780;2026-05-22 17:19:29;1779463169;1200;16,0;100;70;14,1;3,1;739
1132419;2026-05-22 17:19:29;1779463169;1200;16,0;100;70;14,1;3,0;745
1132952;2026-05-22 17:19:30;1779463170;1200;16,6;100;70;14,1;3,0;750
1133455;2026-05-22 17:19:30;1779463170;1200;16,0;100;70;14,1;3,0;755
1134099;2026-05-22 17:19:31;1779463171;1200;16,6;100;70;14,1;1,7;761
1134640;2026-05-22 17:19:31;1779463171;1200;16,0;100;70;14,1;3,1;766
1135173;2026-05-22 17:19:32;1779463172;1150;16,6;100;70;14,1;3,1;771
1135818;2026-05-22 17:19:33;1779463173;1150;16,0;100;70;14,1;3,1;777
1136323;2026-05-22 17:19:33;1779463173;1200;16,6;100;70;14,1;3,1;782
1136857;2026-05-22 17:19:34;1779463174;1200;16,6;100;70;14,1;3,1;787
1137457;2026-05-22 17:19:34;1779463174;1150;16,0;100;70;14,1;3,1;793
1137988;2026-05-22 17:19:35;1779463175;1150;16,0;100;70;14,1;3,1;798
1138522;2026-05-22 17:19:35;1779463175;1200;16,0;100;70;14,1;3,0;803
1139108;2026-05-22 17:19:36;1779463176;1200;16,0;100;70;14,1;3,0;808
1139643;2026-05-22 17:19:36;1779463176;1150;16,0;100;70;14,1;3,0;813
1140176;2026-05-22 17:19:37;1779463177;1200;16,0;100;70;14,1;3,0;818
1140708;2026-05-22 17:19:37;1779463177;1150;16,0;100;70;14,1;3,1;823
1141259;2026-05-22 17:19:38;1779463178;1150;16,0;100;70;14,1;3,1;828
1141790;2026-05-22 17:19:39;1779463179;1150;16,0;100;70;14,1;3,1;833
1142299;2026-05-22 17:19:39;1779463179;1150;15,2;100;70;14,1;3,1;838
1142854;2026-05-22 17:19:40;1779463180;1150;15,2;100;70;14,1;3,1;842
1143386;2026-05-22 17:19:40;1779463180;1150;16,0;100;70;14,1;3,1;848
1143920;2026-05-22 17:19:41;1779463181;1150;16,0;100;70;14,1;3,1;853
1144545;2026-05-22 17:19:41;1779463181;1150;16,0;100;70;14,1;3,1;858
1145050;2026-05-22 17:19:42;1779463182;1100;15,2;100;70;14,1;3,1;863
1145697;2026-05-22 17:19:42;1779463182;1150;16,0;100;70;14,1;3,1;868
1146256;2026-05-22 17:19:43;1779463183;1150;15,2;100;70;14,1;3,1;874
1146786;2026-05-22 17:19:44;1779463184;1150;16,0;100;70;14,1;3,1;879
1147319;2026-05-22 17:19:44;1779463184;1150;16,0;100;70;14,1;3,1;884
1147867;2026-05-22 17:19:45;1779463185;1150;16,0;100;70;14,1;3,1;889
1148400;2026-05-22 17:19:45;1779463185;1150;16,0;100;71;14,1;3,1;894
1148934;2026-05-22 17:19:46;1779463186;1150;15,2;100;71;14,1;3,1;899
1149577;2026-05-22 17:19:46;1779463186;1200;16,0;100;71;14,1;3,1;905
1150110;2026-05-22 17:19:47;1779463187;1150;16,0;100;71;14,1;3,1;910
1150618;2026-05-22 17:19:47;1779463187;1200;16,0;100;70;14,1;3,1;915
1151297;2026-05-22 17:19:48;1779463188;1150;16,0;100;70;14,1;3,1;921
1151835;2026-05-22 17:19:49;1779463189;1150;16,0;100;70;14,1;3,1;926
1152366;2026-05-22 17:19:49;1779463189;1150;16,0;100;70;14,1;3,1;931
1153057;2026-05-22 17:19:50;1779463190;1150;16,0;100;71;14,1;3,1;937
1153586;2026-05-22 17:19:50;1779463190;1150;16,0;100;71;14,1;3,1;942
1154092;2026-05-22 17:19:51;1779463191;1150;16,0;100;71;14,1;3,1;947
1154778;2026-05-22 17:19:52;1779463192;1150;16,0;100;71;14,1;3,1;953
1155320;2026-05-22 17:19:52;1779463192;1150;16,0;100;71;14,1;3,1;958
1155856;2026-05-22 17:19:53;1779463193;1200;16,0;100;71;14,1;3,0;964
1156498;2026-05-22 17:19:53;1779463193;1150;16,0;100;71;14,1;3,0;969
1157000;2026-05-22 17:19:54;1779463194;1150;16,0;100;71;14,1;3,0;974
1157535;2026-05-22 17:19:54;1779463194;1150;16,0;100;71;14,1;3,0;979
1158218;2026-05-22 17:19:55;1779463195;1100;16,0;100;71;14,1;3,1;985
1158763;2026-05-22 17:19:56;1779463196;1150;16,0;100;71;14,1;3,1;990
1159297;2026-05-22 17:19:56;1779463196;1150;15,2;100;71;14,1;3,1;995
1159907;2026-05-22 17:19:57;1779463197;1100;16,0;100;71;14,1;3,1;1001
1160440;2026-05-22 17:19:57;1779463197;1100;15,2;100;71;14,1;3,1;1006
1160974;2026-05-22 17:19:58;1779463198;1100;15,2;100;71;14,1;3,1;1010
1161618;2026-05-22 17:19:58;1779463198;1150;16,0;100;71;14,1;3,1;1016
1162157;2026-05-22 17:19:59;1779463199;1150;16,0;100;71;14,1;3,1;1021
1162689;2026-05-22 17:19:59;1779463199;1150;16,0;100;71;14,1;3,1;1026
1163347;2026-05-22 17:20:00;1779463200;1150;16,0;100;71;14,1;3,1;1032
1163879;2026-05-22 17:20:01;1779463201;1150;16,0;100;71;14,1;3,1;1036
1164415;2026-05-22 17:20:01;1779463201;1150;16,0;100;71;14,1;3,1;1042
1165098;2026-05-22 17:20:02;1779463202;1150;16,0;100;71;14,1;3,1;1048
1165633;2026-05-22 17:20:02;1779463202;1150;16,0;100;71;14,1;3,1;1052
1166142;2026-05-22 17:20:03;1779463203;1150;16,0;100;71;14,1;3,1;1058
1166779;2026-05-22 17:20:04;1779463204;1150;16,0;100;71;14,1;3,1;1064
1167310;2026-05-22 17:20:04;1779463204;1150;16,0;100;71;14,1;3,1;1069
1167848;2026-05-22 17:20:05;1779463205;1200;16,0;100;71;14,1;3,1;1074
1168539;2026-05-22 17:20:05;1779463205;1200;16,6;100;71;14,1;3,1;1081
1169056;2026-05-22 17:20:06;1779463206;1150;16,0;100;71;14,1;3,1;1085
1169593;2026-05-22 17:20:06;1779463206;1150;16,0;100;71;14,1;3,1;1090
1170257;2026-05-22 17:20:07;1779463207;1150;16,0;100;71;14,1;3,1;1096
1170793;2026-05-22 17:20:08;1779463208;1150;16,0;100;71;14,1;3,1;1101
1171328;2026-05-22 17:20:08;1779463208;1150;16,0;100;71;14,1;3,1;1106
1171945;2026-05-22 17:20:09;1779463209;1150;16,0;100;71;14,1;3,1;1112
1172484;2026-05-22 17:20:09;1779463209;1200;16,0;100;71;14,1;3,1;1118
1173019;2026-05-22 17:20:10;1779463210;1150;16,6;100;71;14,1;3,1;1123
1173699;2026-05-22 17:20:10;1779463210;1150;16,0;100;71;14,1;3,1;1129
1174229;2026-05-22 17:20:11;1779463211;1150;16,0;100;71;14,1;3,1;1134
1174762;2026-05-22 17:20:12;1779463212;1150;16,0;100;71;14,1;3,1;1139
1175386;2026-05-22 17:20:12;1779463212;1150;16,0;100;71;14,1;3,0;1145
1175918;2026-05-22 17:20:13;1779463213;1200;16,0;100;71;14,1;3,0;1150
1176455;2026-05-22 17:20:13;1779463213;1150;16,0;100;71;14,1;3,0;1155
1177138;2026-05-22 17:20:14;1779463214;1150;16,0;100;71;14,1;3,0;1161
1177675;2026-05-22 17:20:14;1779463214;1150;16,0;100;71;14,1;3,0;1166
1178178;2026-05-22 17:20:15;1779463215;1150;16,0;100;71;14,1;3,0;1171
1178858;2026-05-22 17:20:16;1779463216;1150;16,6;100;71;14,1;3,0;1177
1179402;2026-05-22 17:20:16;1779463216;1150;16,0;100;71;14,1;3,1;1182
1179935;2026-05-22 17:20:17;1779463217;1150;16,0;100;71;14,1;3,1;1187
1180578;2026-05-22 17:20:17;1779463217;1150;16,0;100;71;14,1;3,1;1194
1181085;2026-05-22 17:20:18;1779463218;1150;16,0;100;71;14,1;3,1;1199
1181621;2026-05-22 17:20:18;1779463218;1150;16,0;100;71;14,1;3,1;1203
1182258;2026-05-22 17:20:19;1779463219;1150;16,0;100;71;14,1;3,1;1209
1182797;2026-05-22 17:20:20;1779463220;1150;16,0;100;71;14,1;3,1;1214
1183329;2026-05-22 17:20:20;1779463220;1200;16,0;100;71;14,1;3,1;1219
1183946;2026-05-22 17:20:21;1779463221;1150;16,0;100;71;14,1;3,1;1225
1184480;2026-05-22 17:20:21;1779463221;1150;16,0;100;71;14,1;3,1;1230
1185016;2026-05-22 17:20:22;1779463222;1150;16,0;100;71;14,1;3,1;1235
1185698;2026-05-22 17:20:22;1779463222;1200;16,0;100;71;14,1;3,1;1241
1186231;2026-05-22 17:20:23;1779463223;1200;16,0;100;71;14,1;3,0;1246
1186762;2026-05-22 17:20:24;1779463224;1150;16,0;100;71;14,1;3,0;1251
1187425;2026-05-22 17:20:24;1779463224;1150;16,6;100;71;14,1;3,0;1258
1187958;2026-05-22 17:20:25;1779463225;1150;16,0;100;71;14,1;3,0;1263
1188494;2026-05-22 17:20:25;1779463225;1150;16,0;100;71;14,1;3,0;1267
1189178;2026-05-22 17:20:26;1779463226;1150;16,0;100;71;14,1;3,0;1274
1189724;2026-05-22 17:20:26;1779463226;1150;16,0;100;71;14,1;3,0;1279
1190230;2026-05-22 17:20:27;1779463227;1200;16,0;100;71;14,1;3,1;1284
1190858;2026-05-22 17:20:28;1779463228;1150;16,0;100;71;14,1;3,1;1290
1191393;2026-05-22 17:20:28;1779463228;1150;16,0;100;71;14,1;3,1;1295
1191926;2026-05-22 17:20:29;1779463229;1200;16,6;100;71;14,1;3,1;1300
1192577;2026-05-22 17:20:29;1779463229;1200;16,6;100;71;14,1;3,0;1306
1193098;2026-05-22 17:20:30;1779463230;1150;16,0;100;71;14,1;3,0;1311
1193631;2026-05-22 17:20:30;1779463230;1150;16,0;100;71;14,1;3,0;1316
1194258;2026-05-22 17:20:31;1779463231;1150;16,0;100;71;14,1;3,0;1322
1194795;2026-05-22 17:20:32;1779463232;1150;16,6;100;71;14,1;3,0;1327
1195326;2026-05-22 17:20:32;1779463232;1200;16,0;100;71;14,1;3,0;1332
1195944;2026-05-22 17:20:33;1779463233;1200;16,6;100;71;14,1;3,0;1338
1196593;2026-05-22 17:20:33;1779463233;1200;16,0;100;71;14,1;3,1;1344
1197128;2026-05-22 17:20:34;1779463234;1200;16,0;100;71;14,1;3,1;1349
1197658;2026-05-22 17:20:34;1779463234;1200;16,6;100;71;14,1;3,1;1354
1198193;2026-05-22 17:20:35;1779463235;1200;16,6;100;71;14,1;3,1;1359
1198727;2026-05-22 17:20:35;1779463235;1200;16,0;100;71;14,1;3,1;1365
1199385;2026-05-22 17:20:36;1779463236;1200;16,0;100;71;14,1;3,1;1369
1199929;2026-05-22 17:20:37;1779463237;1200;16,0;100;71;14,1;3,1;1376
1200463;2026-05-22 17:20:37;1779463237;1200;16,6;100;71;14,1;3,1;1381
1201099;2026-05-22 17:20:38;1779463238;1150;16,6;100;71;14,1;3,0;1387
1201633;2026-05-22 17:20:38;1779463238;1200;16,6;100;71;14,1;3,0;1392
1202137;2026-05-22 17:20:39;1779463239;1150;16,6;100;71;14,1;3,0;1397
1202778;2026-05-22 17:20:40;1779463240;1200;16,0;100;71;14,1;3,0;1403
1203321;2026-05-22 17:20:40;1779463240;1200;16,6;100;71;13,9;3,0;1408
1203853;2026-05-22 17:20:41;1779463241;1200;16,6;100;71;13,9;3,0;1413
1204498;2026-05-22 17:20:41;1779463241;1200;16,6;100;71;13,9;3,0;1419
1205007;2026-05-22 17:20:42;1779463242;1200;16,6;100;71;13,9;3,0;1425
1205540;2026-05-22 17:20:42;1779463242;1200;16,6;100;71;14,1;3,0;1430
1206218;2026-05-22 17:20:43;1779463243;1200;16,6;100;71;14,1;3,0;1436
1206755;2026-05-22 17:20:44;1779463244;1200;16,6;100;71;14,1;3,0;1441
1207289;2026-05-22 17:20:44;1779463244;1200;16,0;100;71;14,1;3,0;1446
1207978;2026-05-22 17:20:45;1779463245;1150;16,0;100;71;14,1;3,0;1453
1208484;2026-05-22 17:20:45;1779463245;1200;16,0;100;71;14,1;3,0;1458
1209022;2026-05-22 17:20:46;1779463246;1200;16,6;100;71;14,1;3,0;1463
1209658;2026-05-22 17:20:46;1779463246;1200;16,0;100;71;14,1;3,0;1468
1210192;2026-05-22 17:20:47;1779463247;1200;16,6;100;71;14,1;3,0;1474
1210732;2026-05-22 17:20:48;1779463248;1200;16,0;100;71;14,1;3,0;1479
1211384;2026-05-22 17:20:48;1779463248;1150;16,0;100;71;14,1;3,1;1485
1212035;2026-05-22 17:20:49;1779463249;1150;16,0;100;71;14,1;3,1;1491
1212570;2026-05-22 17:20:49;1779463249;1200;16,0;100;71;14,1;3,1;1496
1213098;2026-05-22 17:20:50;1779463250;1200;16,6;100;71;14,1;3,1;1501
1213636;2026-05-22 17:20:50;1779463250;1200;16,6;100;71;14,1;3,0;1506
1214141;2026-05-22 17:20:51;1779463251;1100;16,0;100;71;14,1;3,0;1511
1214820;2026-05-22 17:20:52;1779463252;1150;16,0;100;71;14,1;3,0;1518
1215352;2026-05-22 17:20:52;1779463252;1150;16,0;100;71;14,1;3,1;1522
1215885;2026-05-22 17:20:53;1779463253;1200;16,0;100;71;14,1;3,1;1527
1216498;2026-05-22 17:20:53;1779463253;1200;16,6;100;71;14,1;3,1;1534
1217022;2026-05-22 17:20:54;1779463254;1150;16,0;100;71;14,1;3,1;1538
1217556;2026-05-22 17:20:54;1779463254;1200;16,0;100;71;14,1;3,0;1543
1218178;2026-05-22 17:20:55;1779463255;1150;16,0;100;71;14,1;3,0;1549
1218710;2026-05-22 17:20:55;1779463255;1150;16,6;100;70;14,1;3,0;1554
1219244;2026-05-22 17:20:56;1779463256;1150;16,0;100;70;14,1;3,0;1559
1219977;2026-05-22 17:20:57;1779463257;1150;16,0;100;70;14,1;3,1;1566
1220484;2026-05-22 17:20:57;1779463257;1200;16,6;100;70;14,1;3,1;1571
1221018;2026-05-22 17:20:58;1779463258;1200;16,0;100;70;14,1;3,1;1576
1221539;2026-05-22 17:20:58;1779463258;1200;16,0;100;70;14,1;3,1;1580
1222074;2026-05-22 17:20:59;1779463259;1200;16,0;100;70;14,1;3,0;1586
1222606;2026-05-22 17:20:59;1779463259;1200;16,0;100;70;14,1;3,0;1591
1223304;2026-05-22 17:21:00;1779463260;1150;16,0;100;70;14,1;3,0;1597
1223845;2026-05-22 17:21:01;1779463261;1150;16,0;100;70;14,1;3,1;1603
1224379;2026-05-22 17:21:01;1779463261;1150;16,0;100;70;14,1;3,1;1608
1225098;2026-05-22 17:21:02;1779463262;1150;16,0;100;70;14,1;3,1;1614
1225637;2026-05-22 17:21:02;1779463262;1200;16,0;100;70;14,1;3,1;1619
1226140;2026-05-22 17:21:03;1779463263;1150;16,0;100;70;14,1;3,1;1624
1226778;2026-05-22 17:21:04;1779463264;1150;16,0;100;70;14,1;3,1;1630
1227311;2026-05-22 17:21:04;1779463264;1150;16,0;100;70;14,1;3,1;1635
1227846;2026-05-22 17:21:05;1779463265;1200;16,0;100;70;14,1;3,1;1640
1228498;2026-05-22 17:21:05;1779463265;1150;16,0;100;70;14,1;3,1;1646
1229004;2026-05-22 17:21:06;1779463266;1150;16,0;100;70;14,1;3,1;1651
1229538;2026-05-22 17:21:06;1779463266;1150;16,0;100;70;14,1;3,1;1656
1230218;2026-05-22 17:21:07;1779463267;1150;16,0;100;70;14,1;3,0;1662
1230763;2026-05-22 17:21:08;1779463268;1200;16,0;100;70;14,1;3,0;1667
1231298;2026-05-22 17:21:08;1779463268;1150;16,0;100;70;14,1;3,0;1673
1231898;2026-05-22 17:21:09;1779463269;1200;16,0;100;70;14,1;3,0;1678
1232404;2026-05-22 17:21:09;1779463269;1150;16,0;100;70;14,1;3,1;1683
1233054;2026-05-22 17:21:10;1779463270;1150;16,0;100;70;14,1;3,1;1689
1233779;2026-05-22 17:21:11;1779463271;1200;16,0;100;70;14,1;3,1;1695
1234318;2026-05-22 17:21:11;1779463271;1200;16,0;100;70;14,1;3,1;1701
1234850;2026-05-22 17:21:12;1779463272;1150;16,0;100;70;14,1;3,0;1706
1235342;2026-05-22 17:21:12;1779463272;1200;16,0;100;70;14,1;3,0;1711
1235996;2026-05-22 17:21:13;1779463273;1200;16,6;100;70;14,1;3,0;1716
1236530;2026-05-22 17:21:13;1779463273;1200;16,0;100;70;14,1;3,0;1721
1237057;2026-05-22 17:21:14;1779463274;1150;16,0;100;70;14,1;3,0;1727
1237604;2026-05-22 17:21:14;1779463274;1200;16,0;100;70;14,1;3,0;1732
1238110;2026-05-22 17:21:15;1779463275;1200;16,6;100;70;14,1;3,0;1736
1238738;2026-05-22 17:21:16;1779463276;1200;16,0;100;70;14,1;3,0;1743
1239277;2026-05-22 17:21:16;1779463276;1200;16,0;100;70;14,1;3,0;1748
1239809;2026-05-22 17:21:17;1779463277;1200;16,0;100;70;14,1;3,0;1752
1240457;2026-05-22 17:21:17;1779463277;1150;16,6;100;70;14,1;3,0;1759
1240974;2026-05-22 17:21:18;1779463278;1150;16,0;100;70;14,1;3,0;1763
1241627;2026-05-22 17:21:18;1779463278;1150;16,0;100;70;14,1;3,0;1770
1242178;2026-05-22 17:21:19;1779463279;1150;16,0;100;70;14,1;3,0;1775
1242751;2026-05-22 17:21:20;1779463280;1200;16,6;100;70;14,1;3,0;1780
1243284;2026-05-22 17:21:20;1779463280;1200;16,6;100;70;14,1;3,0;1785
1243899;2026-05-22 17:21:21;1779463281;1150;16,0;100;70;14,1;3,0;1792
1244438;2026-05-22 17:21:21;1779463281;1150;16,0;100;70;14,1;3,0;1796
1244971;2026-05-22 17:21:22;1779463282;1200;16,6;100;70;14,1;3,1;1802
1245656;2026-05-22 17:21:22;1779463282;1150;16,0;100;70;14,1;3,1;1808
1246190;2026-05-22 17:21:23;1779463283;1200;16,6;100;70;14,1;3,1;1813
1246696;2026-05-22 17:21:23;1779463283;1200;16,0;100;70;14,1;3,1;1818
1247377;2026-05-22 17:21:24;1779463284;1200;16,6;100;70;14,1;3,0;1825
1247910;2026-05-22 17:21:25;1779463285;1200;16,0;100;70;14,1;3,0;1829
1248446;2026-05-22 17:21:25;1779463285;1150;16,0;100;70;14,1;3,0;1834
1249097;2026-05-22 17:21:26;1779463286;1200;16,0;100;70;14,1;3,0;1841
1249604;2026-05-22 17:21:26;1779463286;1200;16,6;100;70;14,1;3,0;1845
1250141;2026-05-22 17:21:27;1779463287;1200;16,0;100;70;13,9;3,0;1851
1250816;2026-05-22 17:21:28;1779463288;1150;16,0;100;70;13,9;3,0;1857
1251368;2026-05-22 17:21:28;1779463288;1200;16,6;100;70;13,9;3,0;1862
1251902;2026-05-22 17:21:29;1779463289;1200;16,6;100;70;14,1;3,0;1867
1252537;2026-05-22 17:21:29;1779463289;1200;16,6;100;70;14,1;3,0;1874
1253044;2026-05-22 17:21:30;1779463290;1200;16,6;100;70;14,1;3,0;1879
1253578;2026-05-22 17:21:30;1779463290;1200;16,6;100;70;14,1;3,1;1883
1254217;2026-05-22 17:21:31;1779463291;1150;16,0;100;70;14,1;3,1;1890
1254754;2026-05-22 17:21:32;1779463292;1200;16,0;100;70;14,1;3,1;1895
1255287;2026-05-22 17:21:32;1779463292;1200;16,0;100;70;14,1;3,1;1900
1255857;2026-05-22 17:21:33;1779463293;1150;16,0;100;70;14,1;3,1;1905
1256391;2026-05-22 17:21:33;1779463293;1200;16,6;100;70;14,1;3,1;1910
1256926;2026-05-22 17:21:34;1779463294;1200;16,6;100;70;14,1;3,1;1916
1257577;2026-05-22 17:21:34;1779463294;1250;16,6;100;70;14,1;3,0;1922
1258111;2026-05-22 17:21:35;1779463295;1200;16,6;100;70;14,1;3,0;1927
1258619;2026-05-22 17:21:35;1779463295;1200;16,6;100;70;14,1;3,0;1932
1259218;2026-05-22 17:21:36;1779463296;1200;16,6;100;70;14,1;3,0;1937
1259752;2026-05-22 17:21:37;1779463297;1200;16,6;100;70;14,1;3,0;1942
1260286;2026-05-22 17:21:37;1779463297;1200;16,6;100;70;13,9;3,0;1948
1260897;2026-05-22 17:21:38;1779463298;1200;16,6;100;70;13,9;3,0;1954
1261404;2026-05-22 17:21:38;1779463298;1200;16,6;100;70;13,9;3,0;1959
1261938;2026-05-22 17:21:39;1779463299;1200;16,6;100;70;13,9;3,0;1964
1262577;2026-05-22 17:21:39;1779463299;1250;17,2;100;70;13,7;3,0;1970
1263106;2026-05-22 17:21:40;1779463300;900;16,6;100;70;13,7;3,0;1975
1263641;2026-05-22 17:21:40;1779463300;1450;12,8;75;70;13,7;3,0;1980
1264297;2026-05-22 17:21:41;1779463301;1200;14,6;100;70;14,1;3,1;1986
1264808;2026-05-22 17:21:42;1779463302;950;13,4;100;70;14,1;3,1;1990
1265336;2026-05-22 17:21:42;1779463302;950;13,4;100;70;14,1;3,1;1994
1265978;2026-05-22 17:21:43;1779463303;1050;13,4;100;70;14,1;3,1;1999
1266515;2026-05-22 17:21:43;1779463303;1100;14,6;100;70;14,1;3,1;2003
1267046;2026-05-22 17:21:44;1779463304;1100;15,2;100;70;14,1;3,1;2008
1267655;2026-05-22 17:21:44;1779463304;1150;16,0;100;70;14,1;3,1;2013
1268195;2026-05-22 17:21:45;1779463305;1150;15,2;100;70;14,1;3,1;2018
1268728;2026-05-22 17:21:45;1779463305;1150;16,0;100;70;14,1;3,1;2023
1269418;2026-05-22 17:21:46;1779463306;1150;15,2;100;70;14,1;3,1;2029
1269950;2026-05-22 17:21:47;1779463307;1150;15,2;100;70;14,1;3,1;2034
1270456;2026-05-22 17:21:47;1779463307;1250;16,6;100;70;14,1;3,1;2039
1271178;2026-05-22 17:21:48;1779463308;1350;18,0;91;70;13,9;3,0;2047
1271709;2026-05-22 17:21:48;1779463308;1350;18,0;100;70;13,9;3,0;2052
1272245;2026-05-22 17:21:49;1779463309;1200;16,6;100;70;13,9;3,0;2058
1272777;2026-05-22 17:21:50;1779463310;1200;16,6;100;70;13,9;3,0;2063
1273315;2026-05-22 17:21:50;1779463310;1200;16,0;100;70;13,9;3,0;2067
1273869;2026-05-22 17:21:51;1779463311;1050;14,6;100;70;13,9;3,0;2072
1274579;2026-05-22 17:21:51;1779463311;1000;13,4;100;70;13,9;3,0;2078
1275118;2026-05-22 17:21:52;1779463312;1000;13,4;100;70;13,9;3,1;2082
1275650;2026-05-22 17:21:52;1779463312;1000;13,4;100;70;14,1;3,1;2086
1276254;2026-05-22 17:21:53;1779463313;950;12,8;100;70;14,1;3,1;2091
1276756;2026-05-22 17:21:54;1779463314;950;13,4;100;70;14,1;3,1;2094
1277290;2026-05-22 17:21:54;1779463314;950;12,8;100;70;14,1;3,1;2099
1277899;2026-05-22 17:21:55;1779463315;950;12,8;100;70;14,1;3,1;2103
1278429;2026-05-22 17:21:55;1779463315;950;12,8;100;70;14,1;3,1;2106
1278960;2026-05-22 17:21:56;1779463316;950;12,8;100;70;14,1;3,1;2111
1279467;2026-05-22 17:21:56;1779463316;950;13,4;100;70;14,1;3,1;2113
1280009;2026-05-22 17:21:57;1779463317;950;13,4;100;70;14,1;3,1;2118
1280542;2026-05-22 17:21:57;1779463317;1450;22,8;67;70;14,1;3,0;2124
1281076;2026-05-22 17:21:58;1779463318;1850;23,6;84;70;13,9;3,0;2130
1281614;2026-05-22 17:21:58;1779463318;1850;25,0;72;70;13,9;3,0;2139
1282120;2026-05-22 17:21:59;1779463319;1550;20,6;100;70;13,9;3,1;2146
1282658;2026-05-22 17:21:59;1779463319;1350;18,6;100;70;13,9;3,1;2152
1283177;2026-05-22 17:22:00;1779463320;1350;18,6;100;70;13,9;3,1;2157
1283713;2026-05-22 17:22:00;1779463320;1350;18,6;100;70;13,9;3,0;2164
1284247;2026-05-22 17:22:01;1779463321;1350;18,0;100;70;13,9;3,0;2169
1284897;2026-05-22 17:22:02;1779463322;1300;18,0;100;70;13,9;3,0;2176
1285417;2026-05-22 17:22:02;1779463322;1250;17,2;100;70;13,9;3,0;2181
1285948;2026-05-22 17:22:03;1779463323;1300;18,0;100;70;13,9;3,0;2187
1286578;2026-05-22 17:22:03;1779463323;1250;17,2;100;70;13,9;3,0;2194
1287112;2026-05-22 17:22:04;1779463324;1300;17,2;100;70;13,9;3,0;2199
1287646;2026-05-22 17:22:04;1779463324;1350;18,6;100;70;13,9;3,0;2205
1288255;2026-05-22 17:22:05;1779463325;1500;26,6;81;70;13,9;3,0;2212
1288805;2026-05-22 17:22:06;1779463326;1650;28,8;56;70;13,9;3,0;2219
1289341;2026-05-22 17:22:06;1779463326;1750;28,2;59;70;13,9;3,1;2226
1289978;2026-05-22 17:22:07;1779463327;1850;29,6;56;70;13,9;3,1;2237
1290516;2026-05-22 17:22:07;1779463327;1900;29,6;56;70;13,9;3,0;2245
1291022;2026-05-22 17:22:08;1779463328;1950;30,4;54;70;13,9;3,0;2252
1291698;2026-05-22 17:22:08;1779463328;2050;30,8;53;70;13,9;3,0;2264
1292242;2026-05-22 17:22:09;1779463329;2000;28,0;62;70;13,9;3,0;2273
1292776;2026-05-22 17:22:10;1779463330;1700;27,4;62;70;13,9;3,0;2280
1293417;2026-05-22 17:22:10;1779463330;1700;27,4;61;70;13,9;3,0;2289
1293921;2026-05-22 17:22:11;1779463331;1750;28,0;59;70;13,9;3,0;2297
1294458;2026-05-22 17:22:11;1779463331;1650;24,6;100;70;13,9;3,1;2302
1295097;2026-05-22 17:22:12;1779463332;1050;14,6;100;70;14,1;3,1;2308
1295636;2026-05-22 17:22:12;1779463332;1050;14,0;100;70;14,1;3,1;2313
1296170;2026-05-22 17:22:13;1779463333;1050;13,4;100;70;14,1;3,1;2317
1296857;2026-05-22 17:22:14;1779463334;1000;13,4;100;70;14,1;3,0;2322
1297362;2026-05-22 17:22:14;1779463334;950;12,2;100;70;13,9;3,0;2326
1297891;2026-05-22 17:22:15;1779463335;950;13,4;100;70;13,9;3,0;2330
1298537;2026-05-22 17:22:15;1779463335;950;13,4;100;70;13,9;3,0;2335
1299067;2026-05-22 17:22:16;1779463336;1000;13,4;100;70;13,9;3,0;2339
1299598;2026-05-22 17:22:16;1779463336;1000;13,4;100;70;13,9;3,1;2342
1300214;2026-05-22 17:22:17;1779463337;1000;13,4;100;70;14,1;3,1;2347
1300750;2026-05-22 17:22:18;1779463338;1050;16,0;100;70;14,1;3,1;2352
1301283;2026-05-22 17:22:18;1779463338;1200;17,2;65;70;14,1;3,1;2358
1301938;2026-05-22 17:22:19;1779463339;1700;23,6;81;70;13,9;3,0;2366
1302475;2026-05-22 17:22:19;1779463339;1850;23,6;83;70;13,9;3,0;2374
1302985;2026-05-22 17:22:20;1779463340;1900;23,8;83;70;13,9;3,0;2382
1303578;2026-05-22 17:22:20;1779463340;1250;15,2;100;70;13,9;3,0;2388
1304110;2026-05-22 17:22:21;1779463341;1000;14,6;100;70;13,9;3,0;2393
1304643;2026-05-22 17:22:21;1779463341;1000;14,0;100;70;13,9;3,0;2397
1305258;2026-05-22 17:22:22;1779463342;950;13,4;100;70;13,9;3,0;2402
1305768;2026-05-22 17:22:23;1779463343;950;12,8;100;70;13,9;3,0;2405
1306304;2026-05-22 17:22:23;1779463343;950;12,8;100;70;13,9;3,0;2409
1306898;2026-05-22 17:22:24;1779463344;900;12,8;100;70;13,9;3,0;2414
1307429;2026-05-22 17:22:24;1779463344;950;12,8;100;70;13,9;3,0;2417
1307963;2026-05-22 17:22:25;1779463345;950;12,2;100;70;13,9;3,0;2421
1308618;2026-05-22 17:22:25;1779463345;950;12,2;100;70;14,1;3,0;2426
1309122;2026-05-22 17:22:26;1779463346;950;12,8;100;70;14,1;3,0;2430
1309657;2026-05-22 17:22:26;1779463346;950;12,8;100;70;14,1;3,0;2433
1310297;2026-05-22 17:22:27;1779463347;950;13,4;100;70;14,1;3,0;2438
1310827;2026-05-22 17:22:28;1779463348;950;12,8;100;70;14,1;3,0;2442
1311362;2026-05-22 17:22:28;1779463348;950;12,8;100;70;14,1;3,0;2446
1312014;2026-05-22 17:22:29;1779463349;1050;12,8;100;70;14,1;3,0;2451
1312546;2026-05-22 17:22:29;1779463349;1100;15,2;100;70;14,1;3,0;2456
1313079;2026-05-22 17:22:30;1779463350;1200;17,2;76;70;14,1;3,0;2461
1313738;2026-05-22 17:22:31;1779463351;1400;19,2;62;70;13,7;3,0;2468
1314268;2026-05-22 17:22:31;1779463351;1450;26,0;62;70;13,7;3,0;2474
1314776;2026-05-22 17:22:32;1779463352;1650;26,4;65;70;13,7;3,0;2481
1315457;2026-05-22 17:22:32;1779463352;1700;27,2;62;70;13,7;3,0;2490
1315995;2026-05-22 17:22:33;1779463353;1700;28,0;61;70;13,7;3,0;2496
1316530;2026-05-22 17:22:33;1779463353;1700;27,8;59;70;13,7;3,0;2504
1317139;2026-05-22 17:22:34;1779463354;1900;26,6;72;70;13,7;3,0;2514
1317675;2026-05-22 17:22:34;1779463354;2050;24,8;78;70;13,7;2,9;2522
1318183;2026-05-22 17:22:35;1779463355;2300;24,2;84;70;13,7;2,9;2533
1318778;2026-05-22 17:22:36;1779463356;2500;24,4;84;70;13,7;3,0;2544
1319311;2026-05-22 17:22:36;1779463356;2650;24,8;83;70;13,7;3,0;2555
1319847;2026-05-22 17:22:37;1779463357;2400;24,2;84;70;13,7;3,0;2566
1320459;2026-05-22 17:22:37;1779463357;2100;23,8;86;70;13,7;3,0;2577
1320968;2026-05-22 17:22:38;1779463358;2200;23,4;91;70;13,7;3,0;2585
1321504;2026-05-22 17:22:38;1779463358;2350;23,6;91;70;13,9;3,0;2595
1322138;2026-05-22 17:22:39;1779463359;2550;24,2;91;70;13,7;2,9;2608
1322684;2026-05-22 17:22:39;1779463359;2600;24,2;91;70;13,7;2,9;2619
1323216;2026-05-22 17:22:40;1779463360;2650;24,4;91;70;13,7;3,0;2631
1323853;2026-05-22 17:22:41;1779463361;2650;24,4;91;70;13,7;3,0;2645
1324388;2026-05-22 17:22:41;1779463361;2700;24,4;91;70;13,7;3,0;2656
1324921;2026-05-22 17:22:42;1779463362;2700;24,4;86;70;13,7;3,0;2669
1325537;2026-05-22 17:22:42;1779463362;1500;20,6;100;70;13,7;3,0;2677
1326079;2026-05-22 17:22:43;1779463363;1550;22,0;100;70;13,7;3,0;2684
1326586;2026-05-22 17:22:43;1779463363;1550;21,2;100;70;13,9;3,0;2690
1327177;2026-05-22 17:22:44;1779463364;1550;21,2;100;70;13,9;3,0;2698
1327708;2026-05-22 17:22:44;1779463364;1500;20,6;100;70;13,9;3,0;2704
1328246;2026-05-22 17:22:45;1779463365;1500;20,6;100;70;13,9;3,0;2710
1328897;2026-05-22 17:22:46;1779463366;1450;20,0;100;70;13,9;3,0;2719
1329430;2026-05-22 17:22:46;1779463366;1450;19,2;100;70;13,9;3,0;2725
1329939;2026-05-22 17:22:47;1779463367;1400;18,6;100;70;13,9;3,0;2730
1330617;2026-05-22 17:22:47;1779463367;1350;18,6;100;70;13,9;3,0;2738
1331151;2026-05-22 17:22:48;1779463368;1300;18,0;100;70;13,9;3,0;2743
1331688;2026-05-22 17:22:48;1779463368;1300;18,0;100;70;14,1;3,0;2749
1332337;2026-05-22 17:22:49;1779463369;1250;16,6;100;70;14,1;3,0;2756
1332839;2026-05-22 17:22:50;1779463370;1250;16,0;100;70;14,1;3,0;2761
1333374;2026-05-22 17:22:50;1779463370;1150;16,0;100;70;14,1;2,9;2765
1334057;2026-05-22 17:22:51;1779463371;1100;14,6;100;70;13,7;2,9;2772
1334591;2026-05-22 17:22:51;1779463371;1100;14,6;100;70;13,7;2,9;2776
1335124;2026-05-22 17:22:52;1779463372;1100;14,0;100;70;13,7;2,9;2781
1335732;2026-05-22 17:22:53;1779463373;1050;14,6;100;70;14,1;3,1;2786
1336270;2026-05-22 17:22:53;1779463373;1050;14,0;100;70;14,1;3,1;2790
1336802;2026-05-22 17:22:54;1779463374;1000;14,0;100;70;14,1;3,1;2794
1337417;2026-05-22 17:22:54;1779463374;1000;13,4;100;70;14,1;3,1;2799
1337954;2026-05-22 17:22:55;1779463375;1050;22,2;100;70;14,1;3,0;2804
1338465;2026-05-22 17:22:55;1779463375;2150;23,4;88;70;13,9;3,0;2812
1339097;2026-05-22 17:22:56;1779463376;2200;23,4;88;70;13,9;3,0;2824
1339631;2026-05-22 17:22:56;1779463376;2200;23,6;88;70;13,9;3,0;2834
1340169;2026-05-22 17:22:57;1779463377;2200;23,6;88;70;13,9;3,0;2844
1340817;2026-05-22 17:22:58;1779463378;2250;23,6;91;70;13,9;3,0;2855
1341353;2026-05-22 17:22:58;1779463378;3250;24,4;91;70;13,7;3,0;2867
1341863;2026-05-22 17:22:59;1779463379;2850;24,8;91;70;13,7;3,0;2879
1342458;2026-05-22 17:22:59;1779463379;2900;24,8;91;70;13,7;3,0;2893
1342992;2026-05-22 17:23:00;1779463380;2900;24,8;91;70;13,7;3,0;2906
1343526;2026-05-22 17:23:00;1779463380;3000;25,0;91;70;13,7;3,0;2920
1344137;2026-05-22 17:23:01;1779463381;3050;25,6;91;70;13,7;3,0;2934
1344645;2026-05-22 17:23:01;1779463381;3150;26,8;92;70;13,7;3,0;2948
1345178;2026-05-22 17:23:02;1779463382;3250;28,0;92;70;13,7;2,9;2962
1345711;2026-05-22 17:23:02;1779463382;3250;29,2;92;70;13,7;2,9;2976
1346294;2026-05-22 17:23:03;1779463383;3350;30,0;92;70;13,7;2,9;2992
1346828;2026-05-22 17:23:04;1779463384;3450;30,0;91;70;13,7;2,9;3007
1347341;2026-05-22 17:23:04;1779463384;3450;30,0;88;70;13,7;2,9;3022
1347896;2026-05-22 17:23:05;1779463385;3550;30,0;88;70;13,7;2,9;3036
1348430;2026-05-22 17:23:05;1779463385;3400;26,2;84;70;13,7;2,9;3052
1348963;2026-05-22 17:23:06;1779463386;2400;27,6;76;70;13,7;3,0;3064
1349497;2026-05-22 17:23:06;1779463386;2200;26,8;100;70;13,7;3,0;3074
1350041;2026-05-22 17:23:07;1779463387;2000;23,2;100;70;13,7;3,0;3083
1350550;2026-05-22 17:23:07;1779463387;2000;23,2;100;70;13,9;3,0;3091
1351217;2026-05-22 17:23:08;1779463388;1950;23,2;100;70;13,9;2,9;3102
1351754;2026-05-22 17:23:09;1779463389;1900;23,0;100;70;13,7;2,9;3110
1352289;2026-05-22 17:23:09;1779463389;1800;23,0;100;70;13,7;2,9;3118
1352898;2026-05-22 17:23:10;1779463390;1750;22,6;100;70;13,9;3,0;3127
1353415;2026-05-22 17:23:10;1779463390;1700;22,4;100;70;13,9;3,0;3134
1353948;2026-05-22 17:23:11;1779463391;1650;22,2;100;70;13,9;3,0;3141
1354577;2026-05-22 17:23:11;1779463391;1600;22,0;100;70;13,9;3,0;3149
1355112;2026-05-22 17:23:12;1779463392;1600;22,0;100;70;13,9;3,0;3157
1355645;2026-05-22 17:23:12;1779463392;1550;21,2;100;70;13,9;3,0;3164
1356210;2026-05-22 17:23:13;1779463393;1550;21,2;100;70;13,9;3,0;3170
1356748;2026-05-22 17:23:14;1779463394;1550;21,2;100;70;13,9;3,0;3177
1357278;2026-05-22 17:23:14;1779463394;1550;20,6;100;70;13,9;3,0;3184
1357898;2026-05-22 17:23:15;1779463395;1500;20,6;100;70;13,9;3,0;3192
1358435;2026-05-22 17:23:15;1779463395;1500;20,6;100;70;13,9;3,0;3198
1358940;2026-05-22 17:23:16;1779463396;1500;20,6;100;70;13,9;3,0;3204
1359577;2026-05-22 17:23:16;1779463396;1500;20,0;100;70;13,9;3,0;3212
1360113;2026-05-22 17:23:17;1779463397;1450;20,6;100;70;13,9;3,0;3219
1360650;2026-05-22 17:23:17;1779463397;1400;18,6;100;70;13,9;3,0;3225
1361297;2026-05-22 17:23:18;1779463398;1300;17,2;100;70;13,7;3,0;3232
1361832;2026-05-22 17:23:19;1779463399;1300;16,6;100;70;13,7;3,0;3237
1362340;2026-05-22 17:23:19;1779463399;1250;17,2;100;70;13,7;3,0;3242
1363018;2026-05-22 17:23:20;1779463400;1200;16,0;100;70;13,7;3,0;3249
1363561;2026-05-22 17:23:20;1779463400;1150;15,2;100;70;13,7;3,0;3253
1364094;2026-05-22 17:23:21;1779463401;1050;14,6;100;70;13,7;3,0;3258
1364779;2026-05-22 17:23:22;1779463402;1000;13,4;100;70;13,7;3,0;3263
1365290;2026-05-22 17:23:22;1779463402;1000;13,4;100;70;13,9;3,0;3267
1365822;2026-05-22 17:23:23;1779463403;1000;13,4;100;70;13,9;3,0;3271
1366457;2026-05-22 17:23:23;1779463403;950;13,4;100;70;13,9;3,0;3276
1366992;2026-05-22 17:23:24;1779463404;950;12,8;100;70;13,9;3,0;3280
1367523;2026-05-22 17:23:24;1779463404;1000;12,8;100;70;13,9;3,0;3284
1368092;2026-05-22 17:23:25;1779463405;1050;14,0;100;70;13,9;3,0;3288
1368624;2026-05-22 17:23:25;1779463405;1000;13,4;100;70;13,9;3,0;3293
1369157;2026-05-22 17:23:26;1779463406;950;12,8;100;70;13,9;3,0;3297
1369736;2026-05-22 17:23:27;1779463407;950;12,8;100;70;13,9;3,0;3301
1370279;2026-05-22 17:23:27;1779463407;950;13,4;100;70;13,9;3,0;3305
1370782;2026-05-22 17:23:28;1779463408;950;13,4;100;70;13,9;3,0;3309
1371312;2026-05-22 17:23:28;1779463408;900;13,4;100;70;13,9;3,0;3313
1371853;2026-05-22 17:23:29;1779463409;950;13,4;100;70;13,9;3,0;3317
1372385;2026-05-22 17:23:29;1779463409;950;12,8;100;70;13,9;3,0;3321
1372913;2026-05-22 17:23:30;1779463410;950;12,8;100;70;13,9;3,0;3324
1373416;2026-05-22 17:23:30;1779463410;950;13,4;100;70;13,9;3,0;3328
1373936;2026-05-22 17:23:31;1779463411;950;13,4;100;70;13,9;3,0;3332
1374465;2026-05-22 17:23:31;1779463411;950;12,8;100;70;13,9;3,0;3336
1375057;2026-05-22 17:23:32;1779463412;950;13,4;100;70;13,9;3,0;3340
1375587;2026-05-22 17:23:32;1779463412;900;12,8;100;70;13,9;3,0;3344
1376121;2026-05-22 17:23:33;1779463413;950;12,8;100;70;13,9;3,0;3348
1376730;2026-05-22 17:23:33;1779463414;950;13,4;100;70;13,9;3,0;3353
1377265;2026-05-22 17:23:34;1779463414;950;13,4;100;70;13,9;3,0;3357
1377796;2026-05-22 17:23:35;1779463415;950;12,8;100;70;13,9;3,0;3360
1378497;2026-05-22 17:23:35;1779463415;900;13,4;100;70;13,9;3,0;3366
1379026;2026-05-22 17:23:36;1779463416;950;13,4;100;70;13,9;3,0;3370
1379533;2026-05-22 17:23:36;1779463416;950;12,8;100;70;13,9;3,0;3373
1380177;2026-05-22 17:23:37;1779463417;900;13,4;100;70;13,9;3,0;3378
1380708;2026-05-22 17:23:37;1779463417;900;12,8;100;70;13,9;3,0;3382
1381239;2026-05-22 17:23:38;1779463418;950;12,8;100;70;13,9;3,0;3386
1381858;2026-05-22 17:23:39;1779463419;950;13,4;100;70;13,9;3,0;3390
1382388;2026-05-22 17:23:39;1779463419;950;12,8;100;70;13,9;3,0;3394
1382893;2026-05-22 17:23:40;1779463420;950;13,4;100;70;13,9;3,0;3398
1383498;2026-05-22 17:23:40;1779463420;950;12,8;100;70;13,9;3,0;3402
1384032;2026-05-22 17:23:41;1779463421;900;12,8;100;70;13,9;3,0;3406
1384562;2026-05-22 17:23:41;1779463421;950;13,4;100;70;13,9;3,0;3410
1385179;2026-05-22 17:23:42;1779463422;950;12,8;100;70;13,9;3,0;3415
1385685;2026-05-22 17:23:42;1779463422;950;13,4;100;70;13,9;3,0;3418
1386217;2026-05-22 17:23:43;1779463423;900;12,8;100;70;13,9;3,0;3422
1386857;2026-05-22 17:23:44;1779463424;950;12,8;100;70;13,9;3,0;3427
1387395;2026-05-22 17:23:44;1779463424;900;12,8;100;70;13,9;3,0;3431
1387929;2026-05-22 17:23:45;1779463425;900;12,8;100;70;13,9;3,0;3435
1388491;2026-05-22 17:23:45;1779463425;950;12,8;100;70;13,9;3,0;3439
1389021;2026-05-22 17:23:46;1779463426;900;12,8;100;70;13,9;3,0;3443
1389552;2026-05-22 17:23:46;1779463426;900;13,4;100;70;14,1;3,0;3446
1390084;2026-05-22 17:23:47;1779463427;1000;13,4;100;70;14,1;3,0;3451
1390611;2026-05-22 17:23:47;1779463427;1350;20,0;68;70;14,1;3,0;3457
1391118;2026-05-22 17:23:48;1779463428;1650;25,4;68;70;14,1;3,0;3463
1391653;2026-05-22 17:23:48;1779463428;1750;24,4;76;70;13,9;3,0;3470
1392175;2026-05-22 17:23:49;1779463429;1800;25,0;75;70;13,9;3,0;3479
1392707;2026-05-22 17:23:49;1779463429;1850;26,4;68;70;13,9;3,0;3486
1393243;2026-05-22 17:23:50;1779463430;1850;26,4;68;70;13,9;3,0;3494
1393778;2026-05-22 17:23:51;1779463431;1900;28,0;61;70;13,9;3,0;3503
1394300;2026-05-22 17:23:51;1779463431;1950;28,2;62;70;13,9;3,0;3511
1394834;2026-05-22 17:23:52;1779463432;2150;25,4;72;70;13,9;3,0;3520
1395498;2026-05-22 17:23:52;1779463432;2350;25,6;76;70;13,9;3,0;3533
1396033;2026-05-22 17:23:53;1779463433;2150;23,8;84;70;13,9;3,0;3542
1396567;2026-05-22 17:23:53;1779463433;2300;23,6;88;70;13,9;3,0;3551
1397209;2026-05-22 17:23:54;1779463434;2450;24,0;91;70;13,9;3,0;3565
1397761;2026-05-22 17:23:55;1779463435;2600;24,2;91;70;13,7;3,0;3576
1398294;2026-05-22 17:23:55;1779463435;2700;24,4;91;70;13,7;3,0;3588
1398938;2026-05-22 17:23:56;1779463436;2700;24,6;91;70;13,7;3,0;3601
1399470;2026-05-22 17:23:56;1779463436;2800;24,6;91;70;13,7;3,0;3614
1399979;2026-05-22 17:23:57;1779463437;2850;24,8;91;70;13,7;3,0;3626
1400618;2026-05-22 17:23:57;1779463437;2900;24,8;91;70;13,7;3,0;3640
1401160;2026-05-22 17:23:58;1779463438;3000;25,0;88;70;13,7;3,0;3654
1401696;2026-05-22 17:23:58;1779463438;3050;25,0;88;70;13,7;3,0;3667
1402338;2026-05-22 17:23:59;1779463439;3050;26,0;83;70;13,7;3,0;3682
1402845;2026-05-22 17:24:00;1779463440;2700;33,0;46;70;13,7;3,0;3693
1403382;2026-05-22 17:24:00;1779463440;2700;28,8;49;70;13,7;3,0;3706
1404097;2026-05-22 17:24:01;1779463441;1800;24,8;68;70;13,7;3,0;3716
1404641;2026-05-22 17:24:01;1779463441;1800;24,0;81;70;13,7;3,0;3724
1405178;2026-05-22 17:24:02;1779463442;1800;23,4;83;70;13,9;3,0;3732
1405776;2026-05-22 17:24:03;1779463443;1800;23,4;84;70;13,9;3,0;3742
1406284;2026-05-22 17:24:03;1779463443;1800;23,0;86;70;13,9;3,0;3749
1406819;2026-05-22 17:24:04;1779463444;1800;23,0;86;70;13,9;3,0;3757
1407458;2026-05-22 17:24:04;1779463444;1800;23,0;88;70;13,9;3,0;3766
1407997;2026-05-22 17:24:05;1779463445;1800;23,0;88;70;13,9;3,0;3774
1408531;2026-05-22 17:24:05;1779463445;1800;23,0;88;70;13,9;3,0;3782
1409169;2026-05-22 17:24:06;1779463446;1750;23,0;88;70;13,9;3,0;3789
1409701;2026-05-22 17:24:06;1779463446;1750;23,0;88;70;13,9;3,0;3798
1410234;2026-05-22 17:24:07;1779463447;1750;23,0;88;70;13,9;3,0;3807
1410857;2026-05-22 17:24:08;1779463448;1750;22,6;88;70;13,9;3,0;3815
1411400;2026-05-22 17:24:08;1779463448;1750;22,6;88;70;13,9;3,0;3824
1411913;2026-05-22 17:24:09;1779463449;1750;22,6;91;70;13,9;3,0;3831
1412498;2026-05-22 17:24:09;1779463449;1750;22,6;91;70;13,9;3,0;3839
1413032;2026-05-22 17:24:10;1779463450;1750;26,0;65;70;13,9;3,0;3846
1413565;2026-05-22 17:24:10;1779463450;1800;30,2;54;70;13,9;3,0;3854
1414178;2026-05-22 17:24:11;1779463451;1800;30,2;54;70;13,9;3,0;3864
1414722;2026-05-22 17:24:11;1779463451;1800;30,2;54;70;13,9;3,0;3871
1415229;2026-05-22 17:24:12;1779463452;1800;30,2;54;70;13,9;3,0;3879
1415858;2026-05-22 17:24:13;1779463453;1800;30,2;54;70;13,9;3,0;3889
1416392;2026-05-22 17:24:13;1779463453;1800;24,8;54;70;13,9;3,0;3896
1416930;2026-05-22 17:24:14;1779463454;1700;22,4;100;70;13,9;3,0;3904
1417577;2026-05-22 17:24:14;1779463454;1600;22,0;100;70;13,9;3,0;3913
1418090;2026-05-22 17:24:15;1779463455;1600;22,0;100;70;13,9;3,0;3919
1418625;2026-05-22 17:24:15;1779463455;1600;22,0;100;70;13,9;3,0;3926
1419217;2026-05-22 17:24:16;1779463456;1600;22,0;100;70;13,9;3,0;3934
1419750;2026-05-22 17:24:17;1779463457;1600;22,0;100;70;13,9;3,0;3940
1420289;2026-05-22 17:24:17;1779463457;1600;22,0;100;70;13,9;3,0;3947
1420794;2026-05-22 17:24:18;1779463458;1600;22,0;100;70;13,9;3,0;3954
1421381;2026-05-22 17:24:18;1779463458;1600;21,2;100;70;13,9;3,0;3962
1421914;2026-05-22 17:24:19;1779463459;1600;21,2;100;70;13,9;3,0;3968
1422452;2026-05-22 17:24:19;1779463459;1550;21,2;100;70;13,9;3,0;3976
1422976;2026-05-22 17:24:20;1779463460;1600;21,2;100;70;13,9;3,0;3982
1423482;2026-05-22 17:24:20;1779463460;1550;21,2;100;70;13,9;3,0;3989
1424011;2026-05-22 17:24:21;1779463461;1550;21,2;100;70;13,9;3,0;3996
1424611;2026-05-22 17:24:21;1779463461;1550;21,2;100;70;13,9;3,0;4004
1425155;2026-05-22 17:24:22;1779463462;1550;20,6;100;70;13,9;3,0;4010
1425689;2026-05-22 17:24:22;1779463462;1550;20,6;100;70;13,9;3,0;4017
1426213;2026-05-22 17:24:23;1779463463;1550;20,6;100;70;13,9;3,0;4023
1426722;2026-05-22 17:24:23;1779463463;1500;20,6;100;70;13,9;3,0;4030
1427256;2026-05-22 17:24:24;1779463464;1500;20,6;100;70;13,9;3,0;4036
1427817;2026-05-22 17:24:25;1779463465;1500;20,6;100;70;13,9;3,0;4042
1428359;2026-05-22 17:24:25;1779463465;1500;20,6;100;70;13,9;3,0;4050
1428892;2026-05-22 17:24:26;1779463466;1550;21,2;100;70;13,9;3,0;4056
1429568;2026-05-22 17:24:26;1779463466;1550;21,6;84;70;13,9;3,0;4065
1430099;2026-05-22 17:24:27;1779463467;1600;23,8;78;70;13,9;3,0;4072
1430636;2026-05-22 17:24:27;1779463467;1600;24,0;72;70;13,9;3,0;4078
1431298;2026-05-22 17:24:28;1779463468;1700;28,6;56;70;13,9;3,0;4088
1431831;2026-05-22 17:24:29;1779463469;1800;28,2;61;70;13,9;3,0;4095
1432340;2026-05-22 17:24:29;1779463469;2100;23,8;84;70;13,9;3,0;4104
1432938;2026-05-22 17:24:30;1779463470;2150;23,8;84;70;13,9;3,0;4114
1433473;2026-05-22 17:24:30;1779463470;2200;24,0;84;70;13,9;3,0;4124
1434005;2026-05-22 17:24:31;1779463471;2200;24,0;84;70;13,9;3,0;4133
1434658;2026-05-22 17:24:31;1779463471;2200;24,0;84;70;13,9;3,0;4144
1435221;2026-05-22 17:24:32;1779463472;2200;24,2;83;70;13,9;3,0;4155
1435751;2026-05-22 17:24:33;1779463473;2200;24,2;83;70;13,9;3,0;4165
1436417;2026-05-22 17:24:33;1779463473;2250;24,2;83;70;13,9;3,0;4177
1436949;2026-05-22 17:24:34;1779463474;2250;24,2;83;70;13,9;3,0;4187
1437484;2026-05-22 17:24:34;1779463474;1850;30,4;54;70;13,9;3,0;4195
1438137;2026-05-22 17:24:35;1779463475;1750;22,4;100;70;13,9;3,0;4205
1438657;2026-05-22 17:24:35;1779463475;1650;22,4;100;70;13,9;3,0;4211
1439190;2026-05-22 17:24:36;1779463476;1650;22,2;100;70;13,9;3,0;4219
1439817;2026-05-22 17:24:37;1779463477;1650;22,2;100;70;13,9;3,0;4227
1440353;2026-05-22 17:24:37;1779463477;1650;22,2;100;70;13,9;3,0;4234
1440886;2026-05-22 17:24:38;1779463478;1600;22,0;100;70;13,9;3,0;4241
1441487;2026-05-22 17:24:38;1779463478;1600;22,0;100;70;13,9;3,0;4250
1442022;2026-05-22 17:24:39;1779463479;1600;22,0;100;70;13,9;3,0;4256
1442562;2026-05-22 17:24:39;1779463479;1550;22,0;100;70;13,9;3,0;4263
1443218;2026-05-22 17:24:40;1779463480;1550;21,2;100;70;13,9;3,0;4272
1443753;2026-05-22 17:24:41;1779463481;1550;22,0;100;70;13,9;3,0;4278
1444264;2026-05-22 17:24:41;1779463481;1600;22,0;100;70;13,9;3,0;4285
1444897;2026-05-22 17:24:42;1779463482;1650;22,0;100;70;13,9;3,0;4293
1445430;2026-05-22 17:24:42;1779463482;1650;22,2;88;70;13,9;3,0;4301
1445964;2026-05-22 17:24:43;1779463483;1650;22,8;84;70;13,9;3,0;4308
1446617;2026-05-22 17:24:43;1779463483;1750;29,6;56;70;13,9;3,0;4317
1447152;2026-05-22 17:24:44;1779463484;1850;27,2;67;70;13,9;3,0;4325
1447663;2026-05-22 17:24:44;1779463484;1900;26,6;68;70;13,9;3,0;4333
1448338;2026-05-22 17:24:45;1779463485;1950;26,6;68;70;13,9;3,0;4344
1448879;2026-05-22 17:24:46;1779463486;1950;26,6;68;70;13,9;3,0;4353
1449415;2026-05-22 17:24:46;1779463486;1950;26,6;68;70;13,9;3,0;4361
1450097;2026-05-22 17:24:47;1779463487;1950;26,6;68;70;13,9;3,0;4372
1450610;2026-05-22 17:24:47;1779463487;1950;26,6;68;70;13,9;3,0;4381
1451147;2026-05-22 17:24:48;1779463488;2000;27,0;67;70;13,9;3,0;4389
1451857;2026-05-22 17:24:49;1779463489;2000;27,0;67;70;13,9;3,0;4400
1452402;2026-05-22 17:24:49;1779463489;2000;28,2;60;70;13,9;3,0;4409
1452935;2026-05-22 17:24:50;1779463490;1850;30,2;60;70;13,9;3,0;4418
1453447;2026-05-22 17:24:50;1779463490;1750;22,6;100;70;13,9;3,0;4425
1453981;2026-05-22 17:24:51;1779463491;1750;22,6;100;70;13,9;3,0;4432
1454513;2026-05-22 17:24:51;1779463491;1750;22,6;100;70;13,9;3,0;4440
1455138;2026-05-22 17:24:52;1779463492;1700;22,4;100;70;13,9;3,0;4448
1455678;2026-05-22 17:24:52;1779463492;1700;22,6;100;70;13,9;3,0;4456
1456191;2026-05-22 17:24:53;1779463493;1800;30,4;53;70;13,9;3,0;4464
1456779;2026-05-22 17:24:54;1779463494;1950;26,6;68;70;13,9;3,0;4473
1457315;2026-05-22 17:24:54;1779463494;2050;26,6;68;70;13,9;3,0;4482
1457849;2026-05-22 17:24:55;1779463495;2050;26,6;68;70;13,9;3,0;4490
1458458;2026-05-22 17:24:55;1779463495;2050;26,6;68;70;13,9;3,0;4500
1459000;2026-05-22 17:24:56;1779463496;2050;26,8;68;70;13,9;3,0;4510
1459511;2026-05-22 17:24:56;1779463496;2050;26,8;68;70;13,9;3,0;4518
1460099;2026-05-22 17:24:57;1779463497;2050;26,8;68;70;13,9;3,0;4529
1460634;2026-05-22 17:24:57;1779463497;2100;26,8;68;70;13,9;3,0;4537
1461167;2026-05-22 17:24:58;1779463498;2100;26,8;68;70;13,9;3,0;4546
1461777;2026-05-22 17:24:59;1779463499;2100;26,8;68;70;13,9;3,0;4557
1462301;2026-05-22 17:24:59;1779463499;2100;26,8;68;70;13,9;3,0;4566
1462834;2026-05-22 17:25:00;1779463500;2100;26,0;77;70;13,9;3,0;4574
1463457;2026-05-22 17:25:00;1779463500;2250;23,6;91;70;13,9;3,0;4587
1463989;2026-05-22 17:25:01;1779463501;2650;24,4;91;70;13,9;3,0;4598
1464524;2026-05-22 17:25:01;1779463501;2750;24,6;91;70;13,7;3,0;4610
1465086;2026-05-22 17:25:02;1779463502;2850;24,6;91;70;13,7;3,0;4623
1465633;2026-05-22 17:25:02;1779463502;2850;24,6;91;70;13,7;3,0;4635
1466165;2026-05-22 17:25:03;1779463503;2900;24,8;91;70;13,7;3,0;4649
1466778;2026-05-22 17:25:04;1779463504;2700;24,6;84;70;13,7;3,0;4661
1467313;2026-05-22 17:25:04;1779463504;2400;25,8;72;70;13,7;3,0;4671
1467825;2026-05-22 17:25:05;1779463505;2150;23,4;100;70;13,7;3,0;4681
1468418;2026-05-22 17:25:05;1779463505;2050;23,2;100;70;13,9;3,0;4691
1468956;2026-05-22 17:25:06;1779463506;2050;23,2;100;70;13,9;3,0;4700
1469488;2026-05-22 17:25:06;1779463506;2050;23,2;100;70;13,9;3,0;4709
1470098;2026-05-22 17:25:07;1779463507;2000;23,2;100;70;13,9;3,0;4719
1470632;2026-05-22 17:25:07;1779463507;2000;23,2;100;70;13,9;3,0;4726
1471143;2026-05-22 17:25:08;1779463508;1950;23,2;100;70;13,9;3,0;4736
1471738;2026-05-22 17:25:09;1779463509;1950;23,2;100;70;13,9;3,0;4745
1472272;2026-05-22 17:25:09;1779463509;1950;30,6;67;70;13,9;3,0;4753
1472803;2026-05-22 17:25:10;1779463510;2500;24,0;91;70;13,9;3,0;4765
1473379;2026-05-22 17:25:10;1779463510;2850;24,8;91;70;13,7;3,0;4778
1473889;2026-05-22 17:25:11;1779463511;2900;24,8;91;70;13,7;2,9;4791
1474426;2026-05-22 17:25:11;1779463511;2900;24,8;91;70;13,7;2,9;4803
1474962;2026-05-22 17:25:12;1779463512;2750;27,6;81;70;13,7;2,9;4814
1475492;2026-05-22 17:25:12;1779463512;2000;23,2;100;70;13,7;3,0;4823
1476037;2026-05-22 17:25:13;1779463513;2050;23,2;100;70;13,9;3,0;4832
1476549;2026-05-22 17:25:13;1779463513;2000;23,2;100;70;13,9;3,0;4840
1477135;2026-05-22 17:25:14;1779463514;2000;23,2;100;70;13,9;3,0;4850
1477671;2026-05-22 17:25:14;1779463514;2000;23,2;100;70;13,9;3,0;4859
1478203;2026-05-22 17:25:15;1779463515;2000;23,2;100;70;13,9;3,0;4868
1478811;2026-05-22 17:25:16;1779463516;1950;23,2;100;70;13,9;3,0;4878
1479352;2026-05-22 17:25:16;1779463516;1950;23,2;100;70;13,9;3,0;4886
1479861;2026-05-22 17:25:17;1779463517;1950;23,2;100;70;13,9;3,0;4893
1480455;2026-05-22 17:25:17;1779463517;2200;25,4;77;70;13,9;3,0;4905
1480988;2026-05-22 17:25:18;1779463518;2500;24,4;84;70;13,9;3,0;4915
1481520;2026-05-22 17:25:18;1779463518;2500;24,4;84;70;13,7;2,9;4927
1482132;2026-05-22 17:25:19;1779463519;2500;24,4;84;70;13,7;2,9;4940
1482648;2026-05-22 17:25:19;1779463519;2550;24,6;84;70;13,7;2,9;4950
1483186;2026-05-22 17:25:20;1779463520;2500;27,2;78;70;13,7;2,9;4960
1483695;2026-05-22 17:25:20;1779463520;2200;31,8;49;70;13,7;3,0;4971
1484228;2026-05-22 17:25:21;1779463521;2050;23,2;100;70;13,7;3,0;4980
1484762;2026-05-22 17:25:22;1779463522;2000;23,2;100;70;13,9;3,0;4989
1485362;2026-05-22 17:25:22;1779463522;2000;23,2;100;70;13,9;3,0;4999
1485896;2026-05-22 17:25:23;1779463523;1950;23,2;100;70;13,9;3,0;5007
1486433;2026-05-22 17:25:23;1779463523;1950;23,2;100;70;13,9;3,0;5015
1487016;2026-05-22 17:25:24;1779463524;1950;23,2;100;70;13,9;3,0;5025
1487555;2026-05-22 17:25:24;1779463524;1900;23,0;100;70;13,9;3,0;5033
1488065;2026-05-22 17:25:25;1779463525;1900;23,0;100;70;13,9;3,0;5041
1488697;2026-05-22 17:25:25;1779463525;1900;23,0;100;70;13,9;3,0;5051
1489234;2026-05-22 17:25:26;1779463526;1850;23,0;100;70;13,9;3,0;5059
1489769;2026-05-22 17:25:27;1779463527;1850;23,0;100;70;13,9;3,0;5067
1490418;2026-05-22 17:25:27;1779463527;1800;23,0;100;70;13,9;3,0;5077
1490954;2026-05-22 17:25:28;1779463528;1800;23,0;100;70;13,9;3,0;5084
1491463;2026-05-22 17:25:28;1779463528;1800;23,0;100;70;13,9;3,0;5093
1492058;2026-05-22 17:25:29;1779463529;1750;22,4;100;70;13,9;3,0;5101
1492589;2026-05-22 17:25:29;1779463529;1650;22,2;100;70;13,7;2,9;5108
1493144;2026-05-22 17:25:30;1779463530;1650;22,2;100;70;13,7;2,9;5115
1493777;2026-05-22 17:25:31;1779463531;1550;20,6;100;70;13,7;3,0;5124
1494313;2026-05-22 17:25:31;1779463531;1550;21,2;100;70;13,9;3,0;5130
1494848;2026-05-22 17:25:32;1779463532;1500;20,6;100;70;13,9;3,0;5137
1495497;2026-05-22 17:25:32;1779463532;1450;20,0;100;70;13,9;3,0;5145
1496043;2026-05-22 17:25:33;1779463533;1400;19,2;100;70;13,9;3,0;5151
1496553;2026-05-22 17:25:33;1779463533;1400;19,2;100;70;13,9;3,0;5157
1497218;2026-05-22 17:25:34;1779463534;1400;18,6;100;70;13,9;2,9;5164
1497754;2026-05-22 17:25:35;1779463535;1350;18,6;100;70;13,7;2,9;5170
1498290;2026-05-22 17:25:35;1779463535;1350;18,0;100;70;13,7;2,9;5176
1498937;2026-05-22 17:25:36;1779463536;1250;17,2;100;70;13,7;2,9;5183
1499449;2026-05-22 17:25:36;1779463536;1100;16,6;100;70;13,7;2,9;5187
1499980;2026-05-22 17:25:37;1779463537;1050;13,4;100;70;13,7;2,9;5192
1500618;2026-05-22 17:25:37;1779463537;950;13,4;100;70;13,7;2,9;5197
1501153;2026-05-22 17:25:38;1779463538;950;12,8;100;70;13,7;2,9;5200
1501685;2026-05-22 17:25:38;1779463538;950;13,4;100;70;13,7;2,9;5204
1502337;2026-05-22 17:25:39;1779463539;950;13,4;100;70;13,9;2,9;5209
1502852;2026-05-22 17:25:40;1779463540;1000;13,4;100;70;13,9;2,9;5213
1503382;2026-05-22 17:25:40;1779463540;950;12,8;100;70;13,9;2,9;5217
1504017;2026-05-22 17:25:41;1779463541;950;12,8;100;70;13,9;3,0;5222
1504553;2026-05-22 17:25:41;1779463541;900;12,8;100;70;13,9;3,0;5225
1505087;2026-05-22 17:25:42;1779463542;950;12,8;100;70;13,7;3,0;5230
1505696;2026-05-22 17:25:42;1779463542;900;13,4;100;70;13,7;3,0;5234
1506227;2026-05-22 17:25:43;1779463543;950;13,4;100;70;13,7;3,0;5238
1506760;2026-05-22 17:25:44;1779463544;950;13,4;100;70;13,7;3,0;5242
1507418;2026-05-22 17:25:44;1779463544;950;12,8;100;70;13,7;3,0;5247
1507948;2026-05-22 17:25:45;1779463545;900;12,8;100;70;13,7;3,0;5251
1508457;2026-05-22 17:25:45;1779463545;900;12,8;100;70;13,7;3,0;5254
1509136;2026-05-22 17:25:46;1779463546;950;12,8;100;70;13,7;3,0;5259
1509674;2026-05-22 17:25:46;1779463546;950;12,8;100;70;13,7;3,0;5263
1510204;2026-05-22 17:25:47;1779463547;950;13,4;100;70;13,7;3,0;5267
1510898;2026-05-22 17:25:48;1779463548;950;13,4;100;70;13,7;3,0;5272
1511429;2026-05-22 17:25:48;1779463548;950;12,8;100;70;13,7;3,0;5276
1511933;2026-05-22 17:25:49;1779463549;950;12,8;100;70;13,7;3,0;5280
1512617;2026-05-22 17:25:49;1779463549;900;12,8;100;70;13,7;3,0;5285
1513145;2026-05-22 17:25:50;1779463550;950;12,8;100;70;13,7;3,0;5289
1513680;2026-05-22 17:25:50;1779463550;900;12,8;100;70;13,7;3,0;5293
1514298;2026-05-22 17:25:51;1779463551;950;12,8;100;70;13,7;3,0;5297
1514807;2026-05-22 17:25:52;1779463552;900;12,8;100;70;13,7;3,0;5301
1515337;2026-05-22 17:25:52;1779463552;900;12,8;100;70;13,7;2,9;5305
1515977;2026-05-22 17:25:53;1779463553;900;12,8;100;70;13,7;2,9;5309
1516512;2026-05-22 17:25:53;1779463553;900;12,8;100;70;13,7;2,9;5313
1517041;2026-05-22 17:25:54;1779463554;900;12,8;100;70;13,7;2,9;5317
1517617;2026-05-22 17:25:54;1779463554;900;12,8;100;70;13,7;2,9;5321
1518149;2026-05-22 17:25:55;1779463555;900;12,8;100;70;13,7;2,9;5325
1518681;2026-05-22 17:25:55;1779463555;950;12,8;100;70;13,7;2,9;5329
1519258;2026-05-22 17:25:56;1779463556;900;12,8;100;70;13,7;2,9;5333
1519804;2026-05-22 17:25:57;1779463557;950;12,8;100;70;13,7;2,9;5337
1520314;2026-05-22 17:25:57;1779463557;950;12,8;100;70;13,7;2,9;5341
1520844;2026-05-22 17:25:58;1779463558;950;13,4;100;70;13,7;2,9;5345
1521446;2026-05-22 17:25:58;1779463558;950;12,8;100;70;13,7;2,9;5349
1521980;2026-05-22 17:25:59;1779463559;900;13,4;100;70;13,7;2,9;5353
1522510;2026-05-22 17:25:59;1779463559;950;12,8;100;69;13,7;2,9;5357
1523011;2026-05-22 17:26:00;1779463560;950;12,8;100;69;13,7;2,9;5361
1523529;2026-05-22 17:26:00;1779463560;950;12,8;100;69;13,7;2,9;5364
1524067;2026-05-22 17:26:01;1779463561;900;12,8;100;69;13,9;2,9;5368
1524614;2026-05-22 17:26:01;1779463561;900;12,8;100;69;13,9;2,9;5373
1525144;2026-05-22 17:26:02;1779463562;950;12,8;100;69;13,9;2,9;5376
1525679;2026-05-22 17:26:02;1779463562;900;12,8;100;69;13,9;2,9;5380
1526255;2026-05-22 17:26:03;1779463563;950;12,8;100;69;13,9;2,9;5384
1526802;2026-05-22 17:26:04;1779463564;950;12,8;100;69;13,9;2,9;5388
1527334;2026-05-22 17:26:04;1779463564;950;13,4;100;69;13,9;2,9;5392
1527858;2026-05-22 17:26:05;1779463565;900;12,8;100;69;13,9;2,9;5396
1528391;2026-05-22 17:26:05;1779463565;950;12,8;100;69;13,9;2,9;5400
1528903;2026-05-22 17:26:06;1779463566;950;12,8;100;69;13,9;3,0;5404
1529498;2026-05-22 17:26:06;1779463566;900;12,8;100;69;13,9;3,0;5408
1530033;2026-05-22 17:26:07;1779463567;900;12,8;100;69;13,9;3,0;5412
1530562;2026-05-22 17:26:07;1779463567;900;13,4;100;69;13,9;3,0;5416
1531178;2026-05-22 17:26:08;1779463568;950;12,8;100;69;13,9;3,0;5420
1531711;2026-05-22 17:26:08;1779463568;950;12,8;100;69;13,9;3,0;5424
1532229;2026-05-22 17:26:09;1779463569;900;12,8;100;69;13,7;3,0;5428
1532858;2026-05-22 17:26:10;1779463570;950;13,4;100;69;13,7;3,0;5433
1533388;2026-05-22 17:26:10;1779463570;900;12,8;100;69;13,7;3,0;5436
1533922;2026-05-22 17:26:11;1779463571;950;12,8;100;69;13,7;3,0;5440
1534659;2026-05-22 17:26:11;1779463571;950;12,8;100;69;13,7;3,0;5445
1535169;2026-05-22 17:26:12;1779463572;900;12,8;100;69;13,7;3,0;5449
1535700;2026-05-22 17:26:12;1779463572;950;12,8;100;69;13,7;3,0;5453
1536218;2026-05-22 17:26:13;1779463573;950;12,8;100;69;13,7;3,0;5457
1536760;2026-05-22 17:26:14;1779463574;950;13,4;100;69;13,7;3,0;5461
1537291;2026-05-22 17:26:14;1779463574;900;12,8;100;69;13,7;3,0;5465
1537855;2026-05-22 17:26:15;1779463575;900;13,4;100;69;13,7;3,0;5469
1538385;2026-05-22 17:26:15;1779463575;900;13,4;100;69;13,7;3,0;5473
1538916;2026-05-22 17:26:16;1779463576;950;12,8;100;69;13,7;3,0;5476
1539449;2026-05-22 17:26:16;1779463576;900;12,8;100;69;13,7;3,0;5481
1539976;2026-05-22 17:26:17;1779463577;900;12,8;100;69;13,7;3,0;5485
1540484;2026-05-22 17:26:17;1779463577;950;12,8;100;69;13,7;3,0;5488
1541020;2026-05-22 17:26:18;1779463578;950;12,8;100;69;13,7;3,0;5492
1541611;2026-05-22 17:26:18;1779463578;950;12,8;100;69;13,7;3,0;5496
1542149;2026-05-22 17:26:19;1779463579;900;12,8;100;69;13,7;3,0;5500
1542679;2026-05-22 17:26:19;1779463579;950;13,4;100;69;13,7;3,0;5504
1543289;2026-05-22 17:26:20;1779463580;950;13,4;100;69;13,7;3,0;5509
1543805;2026-05-22 17:26:21;1779463581;950;12,8;100;69;13,7;3,0;5512
1544339;2026-05-22 17:26:21;1779463581;900;13,4;100;69;13,7;3,0;5516
1544894;2026-05-22 17:26:22;1779463582;950;12,8;100;69;13,7;3,0;5520
1545426;2026-05-22 17:26:22;1779463582;950;13,4;100;69;13,7;2,9;5524
1545954;2026-05-22 17:26:23;1779463583;950;13,4;100;69;13,7;2,9;5527
1546494;2026-05-22 17:26:23;1779463583;950;12,8;100;69;13,7;2,9;5532
1547025;2026-05-22 17:26:24;1779463584;950;13,4;100;69;13,7;2,9;5536
1547558;2026-05-22 17:26:24;1779463584;950;13,4;100;69;13,7;2,9;5539
1548218;2026-05-22 17:26:25;1779463585;950;12,8;100;69;13,7;2,9;5545
1548754;2026-05-22 17:26:26;1779463586;950;12,8;100;69;13,7;2,9;5549
1549266;2026-05-22 17:26:26;1779463586;900;12,8;100;69;13,7;2,9;5552
1549938;2026-05-22 17:26:27;1779463587;950;12,8;100;69;13,7;2,9;5557
1550476;2026-05-22 17:26:27;1779463587;900;12,8;100;69;13,7;2,9;5561
1551005;2026-05-22 17:26:28;1779463588;900;12,8;100;69;13,7;2,9;5565
1551698;2026-05-22 17:26:28;1779463588;950;13,4;100;69;13,9;2,9;5570
1552208;2026-05-22 17:26:29;1779463589;950;12,8;100;69;13,9;2,9;5574
1552736;2026-05-22 17:26:30;1779463590;950;12,8;100;69;13,9;2,9;5578
1553377;2026-05-22 17:26:30;1779463590;900;12,8;100;69;13,9;2,9;5582
1553916;2026-05-22 17:26:31;1779463591;950;13,4;100;69;13,9;2,9;5586
1554445;2026-05-22 17:26:31;1779463591;950;12,8;100;69;13,9;2,9;5590
1555097;2026-05-22 17:26:32;1779463592;950;13,4;100;69;13,9;2,9;5595
1555604;2026-05-22 17:26:32;1779463592;950;13,4;100;69;13,9;2,9;5599
1556131;2026-05-22 17:26:33;1779463593;950;13,4;100;69;13,9;3,0;5603
1556818;2026-05-22 17:26:34;1779463594;950;12,8;100;69;13,7;3,0;5608
1557349;2026-05-22 17:26:34;1779463594;900;12,8;100;69;13,7;3,0;5612
1557886;2026-05-22 17:26:35;1779463595;950;12,8;100;69;13,7;3,0;5615
1558495;2026-05-22 17:26:35;1779463595;900;12,8;100;69;13,7;3,0;5620
1559028;2026-05-22 17:26:36;1779463596;950;13,4;100;69;13,7;3,0;5624
1559558;2026-05-22 17:26:36;1779463596;950;13,4;100;69;13,7;3,0;5628
1560177;2026-05-22 17:26:37;1779463597;950;13,4;100;69;13,7;3,0;5632
1560726;2026-05-22 17:26:37;1779463597;950;13,4;100;69;13,7;3,0;5637
1561233;2026-05-22 17:26:38;1779463598;950;13,4;100;69;13,7;3,0;5640
1561858;2026-05-22 17:26:39;1779463599;950;13,4;100;69;13,7;3,0;5645
1562393;2026-05-22 17:26:39;1779463599;950;12,8;100;69;13,7;3,0;5649
1562925;2026-05-22 17:26:40;1779463600;900;12,8;100;69;13,7;3,0;5653
1563577;2026-05-22 17:26:40;1779463600;950;12,8;100;69;13,7;3,0;5658
1564119;2026-05-22 17:26:41;1779463601;950;12,8;100;69;13,7;3,0;5661
1564628;2026-05-22 17:26:41;1779463601;900;12,8;100;69;13,7;3,0;5665
1565298;2026-05-22 17:26:42;1779463602;950;13,4;100;69;13,7;3,0;5670
1565830;2026-05-22 17:26:43;1779463603;950;12,8;100;69;13,7;3,0;5674
1566359;2026-05-22 17:26:43;1779463603;950;13,4;100;69;13,7;3,0;5678
1566978;2026-05-22 17:26:44;1779463604;950;12,8;100;69;13,7;2,9;5683
1567482;2026-05-22 17:26:44;1779463604;950;12,8;100;69;13,7;2,9;5686
1568018;2026-05-22 17:26:45;1779463605;950;12,8;100;69;13,7;2,9;5690
1568698;2026-05-22 17:26:45;1779463605;950;12,8;100;69;13,7;2,9;5695
1569231;2026-05-22 17:26:46;1779463606;950;13,4;100;69;13,7;2,9;5699
1569765;2026-05-22 17:26:47;1779463607;950;13,4;100;69;13,7;3,0;5703
1570373;2026-05-22 17:26:47;1779463607;950;12,8;100;69;13,7;3,0;5708
1570910;2026-05-22 17:26:48;1779463608;950;12,8;100;69;13,7;3,0;5711
1571440;2026-05-22 17:26:48;1779463608;900;13,4;100;69;13,7;3,0;5715
1572058;2026-05-22 17:26:49;1779463609;900;13,4;100;69;13,7;3,0;5720
1572592;2026-05-22 17:26:49;1779463609;950;13,4;100;69;13,7;2,9;5724
1573100;2026-05-22 17:26:50;1779463610;950;13,4;100;69;13,9;2,9;5727
1573778;2026-05-22 17:26:51;1779463611;950;13,4;100;69;13,9;2,9;5732
1574323;2026-05-22 17:26:51;1779463611;950;13,4;100;69;13,9;2,9;5737
1574852;2026-05-22 17:26:52;1779463612;900;13,4;100;69;13,9;2,9;5741
1575499;2026-05-22 17:26:52;1779463612;950;12,8;100;69;13,9;3,0;5745
1576035;2026-05-22 17:26:53;1779463613;950;12,8;100;69;13,9;3,0;5749
1576542;2026-05-22 17:26:53;1779463613;1700;16,0;83;69;13,9;3,0;5755
1577137;2026-05-22 17:26:54;1779463614;2000;23,6;84;69;13,9;3,0;5764
1577671;2026-05-22 17:26:54;1779463614;2050;23,6;84;69;13,7;3,0;5772
1578208;2026-05-22 17:26:55;1779463615;2050;24,0;83;69;13,7;3,0;5781
1578897;2026-05-22 17:26:56;1779463616;2150;24,4;80;69;13,7;3,0;5794
1579411;2026-05-22 17:26:56;1779463616;2200;25,4;76;69;13,7;2,9;5803
1579948;2026-05-22 17:26:57;1779463617;2350;26,2;75;69;13,7;2,9;5812
1580577;2026-05-22 17:26:57;1779463617;2450;27,4;68;69;13,7;3,0;5825
1581116;2026-05-22 17:26:58;1779463618;2550;29,0;65;69;13,7;3,0;5836
1581651;2026-05-22 17:26:58;1779463618;2200;29,2;61;69;13,7;2,9;5847
1582213;2026-05-22 17:26:59;1779463619;1850;24,8;76;69;13,7;2,9;5855
1582747;2026-05-22 17:27:00;1779463620;1850;24,8;76;69;13,7;3,0;5864
1583282;2026-05-22 17:27:00;1779463620;1850;25,0;75;69;13,7;3,0;5872
1583815;2026-05-22 17:27:01;1779463621;1850;25,0;75;69;13,7;3,0;5880
1584331;2026-05-22 17:27:01;1779463621;1850;25,0;75;69;13,7;3,0;5888
1584838;2026-05-22 17:27:02;1779463622;1850;25,6;72;69;13,7;3,0;5895
1585375;2026-05-22 17:27:02;1779463622;1850;25,6;72;69;13,7;3,0;5904
1585933;2026-05-22 17:27:03;1779463623;1900;24,2;72;69;13,7;3,0;5912
1586468;2026-05-22 17:27:03;1779463623;2250;23,6;88;69;13,7;3,0;5920
1587002;2026-05-22 17:27:04;1779463624;2200;23,6;88;69;13,7;2,9;5932
1587541;2026-05-22 17:27:04;1779463624;2250;23,6;91;69;13,7;2,9;5941
1588064;2026-05-22 17:27:05;1779463625;2650;24,4;91;69;13,7;2,9;5952
1588597;2026-05-22 17:27:05;1779463625;2650;24,4;91;69;13,7;2,9;5962
1589299;2026-05-22 17:27:06;1779463626;2750;24,4;92;69;13,7;2,9;5978
1589832;2026-05-22 17:27:07;1779463627;2750;24,6;92;69;13,7;3,0;5990
1590367;2026-05-22 17:27:07;1779463627;2750;24,6;92;69;13,7;3,0;6002
1591026;2026-05-22 17:27:08;1779463628;2800;24,6;91;69;13,7;3,0;6017
1591562;2026-05-22 17:27:08;1779463628;2850;24,8;91;69;13,7;2,9;6030
1592096;2026-05-22 17:27:09;1779463629;2850;24,8;91;69;13,7;2,9;6043
1592738;2026-05-22 17:27:10;1779463630;2900;24,8;91;69;13,7;2,9;6057
1593271;2026-05-22 17:27:10;1779463630;2900;24,8;91;69;13,7;3,0;6071
1593780;2026-05-22 17:27:11;1779463631;2950;24,8;91;69;13,7;3,0;6083
1594378;2026-05-22 17:27:11;1779463631;3000;24,8;91;69;13,7;3,0;6097
1594911;2026-05-22 17:27:12;1779463632;3000;25,0;91;69;13,7;3,0;6109
1595445;2026-05-22 17:27:12;1779463632;3050;25,6;91;69;13,7;2,9;6123
1596059;2026-05-22 17:27:13;1779463633;3050;25,6;91;69;13,4;2,9;6139
1596595;2026-05-22 17:27:13;1779463633;3100;25,0;91;69;13,4;2,9;6151
1597153;2026-05-22 17:27:14;1779463634;3100;25,6;91;69;13,4;2,9;6165
1597779;2026-05-22 17:27:15;1779463635;3100;26,2;91;69;13,7;2,9;6181
1598313;2026-05-22 17:27:15;1779463635;3150;26,2;92;69;13,7;3,0;6196
1598846;2026-05-22 17:27:16;1779463636;3100;26,2;92;69;13,7;3,0;6209
1599458;2026-05-22 17:27:16;1779463636;2900;26,4;68;69;13,7;3,0;6225
1599967;2026-05-22 17:27:17;1779463637;2550;31,6;53;69;13,7;3,0;6235
1600504;2026-05-22 17:27:17;1779463637;2550;31,4;53;69;13,7;2,9;6245
1601138;2026-05-22 17:27:18;1779463638;2550;31,4;53;69;13,7;2,9;6260
1601674;2026-05-22 17:27:18;1779463638;2500;31,4;53;69;13,7;2,9;6270
1602208;2026-05-22 17:27:19;1779463639;2250;23,6;100;69;13,7;2,9;6281
1602773;2026-05-22 17:27:20;1779463640;2200;23,4;100;69;13,7;3,0;6291
1603306;2026-05-22 17:27:20;1779463640;2150;23,4;100;69;13,7;3,0;6301
1603842;2026-05-22 17:27:21;1779463641;2150;23,4;100;69;13,9;3,0;6310
1604458;2026-05-22 17:27:21;1779463641;2100;23,4;100;69;13,9;3,0;6320
1604992;2026-05-22 17:27:22;1779463642;2050;23,4;100;69;13,7;2,9;6329
1605499;2026-05-22 17:27:22;1779463642;2050;23,2;100;69;13,7;2,9;6338
1606139;2026-05-22 17:27:23;1779463643;2000;23,2;100;69;13,7;3,0;6349
1606676;2026-05-22 17:27:23;1779463643;2000;23,2;100;69;13,7;3,0;6356
1607208;2026-05-22 17:27:24;1779463644;1950;23,2;100;69;13,7;3,0;6365
1607818;2026-05-22 17:27:25;1779463645;1950;23,2;100;69;13,9;3,0;6376
1608360;2026-05-22 17:27:25;1779463645;1950;23,2;100;69;13,9;2,9;6384
1608869;2026-05-22 17:27:26;1779463646;1950;23,2;100;69;13,9;2,9;6391
1609537;2026-05-22 17:27:26;1779463646;1900;23,0;100;69;13,9;2,9;6403
1610074;2026-05-22 17:27:27;1779463647;1900;23,0;100;69;13,9;2,9;6411
1610609;2026-05-22 17:27:27;1779463647;1900;23,0;100;69;13,9;2,9;6419
1611256;2026-05-22 17:27:28;1779463648;1850;23,0;100;69;13,7;2,9;6429
1611771;2026-05-22 17:27:29;1779463649;1900;23,0;100;69;13,7;2,9;6437
1612307;2026-05-22 17:27:29;1779463649;1900;23,0;100;69;13,7;3,0;6445
1612939;2026-05-22 17:27:30;1779463650;1900;23,0;100;69;13,7;3,0;6455
1613475;2026-05-22 17:27:30;1779463650;1900;23,0;100;69;13,7;3,0;6463
1614009;2026-05-22 17:27:31;1779463651;1850;23,0;100;69;13,7;3,0;6471
1614610;2026-05-22 17:27:31;1779463651;1900;23,0;100;69;13,7;3,0;6481
1615157;2026-05-22 17:27:32;1779463652;1900;23,0;100;69;13,9;3,0;6489
1615690;2026-05-22 17:27:32;1779463652;1950;23,2;100;69;13,9;3,0;6498
1616298;2026-05-22 17:27:33;1779463653;1950;23,2;100;69;13,9;3,0;6508
1616831;2026-05-22 17:27:34;1779463654;1950;23,2;100;69;13,9;3,0;6515
1617343;2026-05-22 17:27:34;1779463654;1950;23,0;100;69;13,9;3,0;6524
1618018;2026-05-22 17:27:35;1779463655;1950;23,2;100;69;13,9;3,0;6535
1618550;2026-05-22 17:27:35;1779463655;1950;23,2;100;69;13,9;3,0;6543
1619088;2026-05-22 17:27:36;1779463656;1950;23,0;100;69;13,9;3,0;6552
1619778;2026-05-22 17:27:37;1779463657;1900;23,0;100;69;13,9;3,0;6563
1620315;2026-05-22 17:27:37;1779463657;1900;23,0;100;69;13,9;3,0;6570
1620826;2026-05-22 17:27:38;1779463658;1900;23,0;100;69;13,9;3,0;6579
1621458;2026-05-22 17:27:38;1779463658;1850;23,0;100;69;13,9;3,0;6589
1621999;2026-05-22 17:27:39;1779463659;1900;25,2;86;69;13,9;3,0;6597
1622534;2026-05-22 17:27:39;1779463659;2500;24,2;91;69;13,7;3,0;6609
1623138;2026-05-22 17:27:40;1779463660;2650;24,4;91;69;13,7;3,0;6621
1623650;2026-05-22 17:27:40;1779463660;2750;24,4;91;69;13,7;2,9;6632
1624185;2026-05-22 17:27:41;1779463661;2750;24,4;91;69;13,7;3,0;6645
1624718;2026-05-22 17:27:41;1779463661;2650;24,2;88;69;13,7;3,0;6656
1625328;2026-05-22 17:27:42;1779463662;2450;25,8;76;69;13,7;3,0;6669
1625862;2026-05-22 17:27:43;1779463663;2450;25,8;76;69;13,7;3,0;6680
1626375;2026-05-22 17:27:43;1779463663;2400;27,2;67;69;13,7;3,0;6690
1626890;2026-05-22 17:27:44;1779463664;2250;30,2;51;69;13,7;3,0;6700
1627427;2026-05-22 17:27:44;1779463664;2000;23,2;100;69;13,9;3,0;6709
1627961;2026-05-22 17:27:45;1779463665;2050;23,2;100;69;13,9;3,0;6718
1628582;2026-05-22 17:27:45;1779463665;2050;23,2;100;69;13,9;3,0;6728
1629115;2026-05-22 17:27:46;1779463666;2000;23,2;100;69;13,9;3,0;6737
1629626;2026-05-22 17:27:46;1779463666;2000;23,2;100;69;13,9;3,0;6745
1630177;2026-05-22 17:27:47;1779463667;1950;23,2;100;69;13,9;3,0;6754
1630710;2026-05-22 17:27:47;1779463667;1950;23,2;100;69;13,9;3,0;6761
1631247;2026-05-22 17:27:48;1779463668;2150;32,0;53;69;13,9;3,0;6772
1631777;2026-05-22 17:27:49;1779463669;2300;24,4;83;69;13,9;3,0;6782
1632301;2026-05-22 17:27:49;1779463669;2550;24,4;86;69;13,7;3,0;6791
1632836;2026-05-22 17:27:50;1779463670;2550;24,0;88;69;13,7;3,0;6803
1633418;2026-05-22 17:27:50;1779463670;2850;24,8;91;69;13,7;3,0;6816
1633952;2026-05-22 17:27:51;1779463671;2950;24,8;91;69;13,7;3,0;6827
1634493;2026-05-22 17:27:51;1779463671;2950;24,8;91;69;13,7;3,0;6841
1635004;2026-05-22 17:27:52;1779463672;3000;24,8;91;69;13,7;2,9;6854
1635533;2026-05-22 17:27:52;1779463672;3050;24,8;91;69;13,7;2,9;6866
1636069;2026-05-22 17:27:53;1779463673;3050;25,6;91;69;13,7;2,9;6880
1636605;2026-05-22 17:27:53;1779463673;3050;25,6;91;69;13,7;3,0;6894
1637213;2026-05-22 17:27:54;1779463674;3100;26,2;91;69;13,7;2,9;6908
1637721;2026-05-22 17:27:54;1779463674;3200;26,8;92;69;13,7;2,9;6923
1638256;2026-05-22 17:27:55;1779463675;3150;26,8;100;69;13,7;2,9;6936
1638863;2026-05-22 17:27:56;1779463676;3200;27,4;100;69;13,7;2,9;6950
1639396;2026-05-22 17:27:56;1779463676;3250;27,4;100;69;13,7;2,9;6964
1639929;2026-05-22 17:27:57;1779463677;3250;27,4;100;69;13,7;2,9;6979
1640536;2026-05-22 17:27:57;1779463677;3300;28,6;100;69;13,7;2,9;6996
1641052;2026-05-22 17:27:58;1779463678;3300;28,6;100;69;13,7;2,9;7009
1641588;2026-05-22 17:27:58;1779463678;3250;28,6;100;69;13,7;2,9;7023
1642095;2026-05-22 17:27:59;1779463679;3350;28,6;100;69;13,7;2,9;7038
1642635;2026-05-22 17:27:59;1779463679;3350;30,0;100;69;13,7;2,9;7053
1643168;2026-05-22 17:28:00;1779463680;3350;29,2;100;69;13,7;2,9;7067
1643769;2026-05-22 17:28:01;1779463681;3400;30,0;100;69;13,7;2,9;7085
1644303;2026-05-22 17:28:01;1779463681;3450;30,0;100;69;13,7;2,9;7099
1644839;2026-05-22 17:28:02;1779463682;3400;30,0;92;69;13,9;2,9;7114
1645417;2026-05-22 17:28:02;1779463682;3350;29,2;91;69;13,9;2,9;7130
1645950;2026-05-22 17:28:03;1779463683;3300;29,2;88;69;13,9;2,9;7142
1646460;2026-05-22 17:28:03;1779463683;3300;28,6;86;69;13,7;2,9;7159
1647059;2026-05-22 17:28:04;1779463684;3300;28,4;84;69;13,7;2,9;7174
1647597;2026-05-22 17:28:04;1779463684;3250;28,4;83;69;13,7;2,9;7189
1648129;2026-05-22 17:28:05;1779463685;3150;30,2;68;69;13,7;2,9;7204
1648778;2026-05-22 17:28:06;1779463686;3100;33,4;57;69;13,7;2,9;7220
1649286;2026-05-22 17:28:06;1779463686;3000;34,4;43;69;13,7;2,9;7233
1649823;2026-05-22 17:28:07;1779463687;3000;34,2;40;69;13,7;2,9;7245
1650418;2026-05-22 17:28:07;1779463687;2950;34,2;36;69;13,7;2,9;7260
1650951;2026-05-22 17:28:08;1779463688;2900;34,2;38;69;13,7;2,9;7273
1651484;2026-05-22 17:28:08;1779463688;2850;34,2;38;69;13,7;3,0;7286
1652098;2026-05-22 17:28:09;1779463689;2800;33,8;40;69;13,7;3,0;7299
1652616;2026-05-22 17:28:09;1779463689;2750;33,8;40;69;13,7;3,0;7311
1653149;2026-05-22 17:28:10;1779463690;2750;33,6;40;69;13,7;2,9;7324
1653738;2026-05-22 17:28:11;1779463691;2700;33,6;40;69;13,7;2,9;7338
1654273;2026-05-22 17:28:11;1779463691;2700;33,6;40;69;13,7;2,9;7350
1654809;2026-05-22 17:28:12;1779463692;2700;33,6;41;69;13,7;2,9;7362
1655317;2026-05-22 17:28:12;1779463692;2650;33,4;43;69;13,7;2,9;7372
1655851;2026-05-22 17:28:13;1779463693;2600;27,6;53;69;13,7;3,0;7384
1656389;2026-05-22 17:28:13;1779463693;2550;24,0;100;69;13,9;3,0;7396
1656924;2026-05-22 17:28:14;1779463694;2450;23,8;100;69;13,9;3,0;7407
1657496;2026-05-22 17:28:14;1779463694;2400;23,6;100;69;13,9;3,0;7418
1658005;2026-05-22 17:28:15;1779463695;2350;23,8;100;69;13,9;2,9;7427
1658544;2026-05-22 17:28:15;1779463695;2350;23,6;100;69;13,9;2,9;7437
1659098;2026-05-22 17:28:16;1779463696;2300;23,6;100;69;13,9;2,9;7449
1659644;2026-05-22 17:28:16;1779463696;2950;24,6;91;69;13,9;2,9;7459
1660176;2026-05-22 17:28:17;1779463697;3150;26,2;91;69;13,7;3,0;7473
1660860;2026-05-22 17:28:18;1779463698;3150;26,8;92;69;13,7;2,9;7491
1661372;2026-05-22 17:28:18;1779463698;3200;26,2;92;69;13,7;2,9;7503
1661908;2026-05-22 17:28:19;1779463699;2950;24,8;88;69;13,7;2,9;7516
1662459;2026-05-22 17:28:19;1779463699;2700;28,2;62;69;13,7;2,9;7529
1662999;2026-05-22 17:28:20;1779463700;2350;23,6;100;69;13,7;2,9;7541
1663533;2026-05-22 17:28:20;1779463700;2350;23,6;100;69;13,9;2,9;7551
1664042;2026-05-22 17:28:21;1779463701;2350;23,6;100;69;13,9;2,9;7561
1664648;2026-05-22 17:28:21;1779463701;2300;23,6;100;69;13,7;2,9;7571
1665183;2026-05-22 17:28:22;1779463702;2250;23,6;100;69;13,7;2,9;7582
1665714;2026-05-22 17:28:22;1779463702;2150;23,4;100;69;13,7;2,9;7591
1666327;2026-05-22 17:28:23;1779463703;2100;23,2;100;69;13,7;2,9;7602
1666832;2026-05-22 17:28:24;1779463704;1950;23,2;100;69;13,7;2,9;7610
1667370;2026-05-22 17:28:24;1779463704;1900;23,0;100;69;13,7;2,9;7619
1667892;2026-05-22 17:28:25;1779463705;1850;23,0;100;69;13,7;2,9;7626
1668430;2026-05-22 17:28:25;1779463705;1800;22,6;100;69;13,7;2,9;7634
1668964;2026-05-22 17:28:26;1779463706;1700;22,6;100;69;13,7;2,9;7642
1669573;2026-05-22 17:28:26;1779463706;1700;22,2;100;69;13,7;2,9;7650
1670107;2026-05-22 17:28:27;1779463707;1650;22,2;100;69;13,7;2,9;7657
1670647;2026-05-22 17:28:27;1779463707;1650;22,2;100;69;13,7;2,9;7664
1671175;2026-05-22 17:28:28;1779463708;1650;22,2;100;69;13,7;2,9;7671
1671709;2026-05-22 17:28:28;1779463708;1650;22,2;100;69;13,7;2,9;7678
1672245;2026-05-22 17:28:29;1779463709;1600;22,0;100;69;13,9;2,9;7686
1672768;2026-05-22 17:28:30;1779463710;1600;22,0;100;69;13,9;2,9;7693
1673306;2026-05-22 17:28:30;1779463710;1650;22,0;100;69;13,9;2,9;7699
1673839;2026-05-22 17:28:31;1779463711;1650;22,0;100;69;13,9;2,9;7707
1674458;2026-05-22 17:28:31;1779463711;1600;22,2;100;69;13,9;2,9;7715
1674994;2026-05-22 17:28:32;1779463712;1600;22,2;100;69;13,9;3,0;7722
1675503;2026-05-22 17:28:32;1779463712;1650;22,2;100;69;13,9;3,0;7729
1676097;2026-05-22 17:28:33;1779463713;1650;22,2;100;69;13,9;3,0;7736
1676629;2026-05-22 17:28:33;1779463713;1650;22,2;100;69;13,9;3,0;7743
1677161;2026-05-22 17:28:34;1779463714;1650;22,2;100;69;13,9;3,0;7751
1677778;2026-05-22 17:28:35;1779463715;1650;22,2;100;69;13,9;3,0;7760
1678291;2026-05-22 17:28:35;1779463715;1650;22,2;100;69;13,7;2,9;7766
1678824;2026-05-22 17:28:36;1779463716;1650;22,2;100;69;13,7;2,9;7774
1679458;2026-05-22 17:28:36;1779463716;1650;22,2;100;69;13,7;3,0;7783
1680003;2026-05-22 17:28:37;1779463717;1650;22,4;100;69;13,7;3,0;7790
1680536;2026-05-22 17:28:37;1779463717;1650;22,2;100;69;13,7;3,0;7797
1681128;2026-05-22 17:28:38;1779463718;1700;22,4;100;69;13,7;3,0;7806
1681662;2026-05-22 17:28:38;1779463718;1700;22,4;100;69;13,7;3,0;7813
1682197;2026-05-22 17:28:39;1779463719;1700;22,4;100;69;13,7;3,0;7820
1682819;2026-05-22 17:28:40;1779463720;1700;22,4;100;69;13,7;2,9;7829
1683354;2026-05-22 17:28:40;1779463720;1700;22,4;100;69;13,7;2,9;7835
1683885;2026-05-22 17:28:41;1779463721;1650;22,4;100;69;13,7;2,9;7843
1684486;2026-05-22 17:28:41;1779463721;1700;22,2;100;69;13,9;2,9;7852
1685026;2026-05-22 17:28:42;1779463722;1700;22,2;100;69;13,9;2,9;7859
1685559;2026-05-22 17:28:42;1779463722;1650;22,2;100;69;13,9;2,9;7866
1686177;2026-05-22 17:28:43;1779463723;1650;22,2;100;69;13,9;2,9;7875
1686710;2026-05-22 17:28:43;1779463723;1650;22,2;100;69;13,9;2,9;7881
1687221;2026-05-22 17:28:44;1779463724;1750;28,4;68;69;13,9;2,9;7889
1687819;2026-05-22 17:28:45;1779463725;2300;24,0;84;69;13,9;2,9;7899
1688355;2026-05-22 17:28:45;1779463725;2350;23,8;88;69;13,7;2,9;7908
1688886;2026-05-22 17:28:46;1779463726;2700;24,6;91;69;13,7;2,9;7920
1689498;2026-05-22 17:28:46;1779463726;2800;24,6;91;69;13,7;2,9;7934
1690010;2026-05-22 17:28:47;1779463727;2850;24,8;91;69;13,7;2,9;7946
1690546;2026-05-22 17:28:47;1779463727;2850;24,8;91;69;13,7;2,9;7957
1691139;2026-05-22 17:28:48;1779463728;2950;24,8;91;69;13,7;2,9;7972
1691674;2026-05-22 17:28:48;1779463728;2950;24,8;91;69;13,7;2,9;7985
1692209;2026-05-22 17:28:49;1779463729;2950;24,8;91;69;13,7;2,9;7998
1692767;2026-05-22 17:28:50;1779463730;3000;25,0;91;69;13,7;2,9;8012
1693307;2026-05-22 17:28:50;1779463730;3050;25,0;91;69;13,7;2,9;8025
1693842;2026-05-22 17:28:51;1779463731;3050;25,0;91;69;13,7;2,9;8039
1694499;2026-05-22 17:28:51;1779463731;3100;25,6;92;69;13,7;2,9;8055
1695032;2026-05-22 17:28:52;1779463732;3100;26,2;92;69;13,7;3,0;8068
1695570;2026-05-22 17:28:52;1779463732;3150;26,2;92;69;13,7;3,0;8081
1696168;2026-05-22 17:28:53;1779463733;3150;26,8;100;69;13,7;2,9;8097
1696713;2026-05-22 17:28:53;1779463733;3200;27,4;100;69;13,7;2,9;8112
1697245;2026-05-22 17:28:54;1779463734;3250;28,0;100;69;13,7;2,9;8126
1697858;2026-05-22 17:28:55;1779463735;3250;28,0;100;69;13,7;2,9;8141
1698397;2026-05-22 17:28:55;1779463735;3300;28,6;100;69;13,7;2,9;8156
1698908;2026-05-22 17:28:56;1779463736;3350;29,2;100;69;13,9;2,9;8171
1699458;2026-05-22 17:28:56;1779463736;3400;29,2;100;69;13,9;2,9;8185
1700007;2026-05-22 17:28:57;1779463737;3450;30,0;100;69;13,9;2,9;8202
1700543;2026-05-22 17:28:57;1779463737;3450;30,0;100;69;13,9;2,9;8214
1701078;2026-05-22 17:28:58;1779463738;3450;30,0;100;69;13,9;2,9;8230
1701640;2026-05-22 17:28:58;1779463738;3550;30,0;100;69;13,9;2,9;8247
1702181;2026-05-22 17:28:59;1779463739;3550;30,0;100;69;13,9;2,9;8263
1702715;2026-05-22 17:28:59;1779463739;3500;30,0;100;69;13,9;2,9;8277
1703301;2026-05-22 17:29:00;1779463740;3550;30,0;100;69;13,9;2,9;8296
1703836;2026-05-22 17:29:01;1779463741;3650;30,0;100;69;13,9;2,9;8311
1704375;2026-05-22 17:29:01;1779463741;3650;30,0;100;69;13,9;2,9;8328
1704968;2026-05-22 17:29:02;1779463742;3700;30,0;100;69;13,9;2,9;8345
1705505;2026-05-22 17:29:02;1779463742;3650;30,0;100;69;13,9;2,9;8360
1706041;2026-05-22 17:29:03;1779463743;3700;30,0;100;69;13,9;2,9;8378
1706619;2026-05-22 17:29:03;1779463743;3750;30,0;100;69;13,9;2,9;8396
1707156;2026-05-22 17:29:04;1779463744;3700;30,0;100;69;13,9;2,9;8412
1707670;2026-05-22 17:29:04;1779463744;3650;30,0;86;69;13,9;2,9;8428
1708205;2026-05-22 17:29:05;1779463745;3650;30,4;84;69;13,9;2,9;8444
1708810;2026-05-22 17:29:06;1779463746;3650;30,6;83;69;13,9;2,9;8462
1709346;2026-05-22 17:29:06;1779463746;3600;31,0;78;69;13,9;2,9;8477
1709881;2026-05-22 17:29:07;1779463747;3600;33,4;68;69;13,9;2,9;8493
1710441;2026-05-22 17:29:07;1779463747;3600;33,8;67;69;13,9;2,9;8510
1710979;2026-05-22 17:29:08;1779463748;3600;33,4;68;69;13,9;2,9;8525
1711512;2026-05-22 17:29:08;1779463748;3600;33,4;68;69;13,9;2,9;8541
1712018;2026-05-22 17:29:09;1779463749;3600;33,8;68;69;13,9;2,9;8557
1712556;2026-05-22 17:29:09;1779463749;3600;33,4;68;69;13,9;2,9;8572
1713064;2026-05-22 17:29:10;1779463750;3600;33,4;68;69;13,9;2,9;8586
1713658;2026-05-22 17:29:10;1779463750;3550;33,4;68;69;13,9;2,9;8605
1714194;2026-05-22 17:29:11;1779463751;3550;33,4;68;69;13,9;2,9;8619
1714729;2026-05-22 17:29:11;1779463752;3600;33,4;68;69;13,9;2,9;8635
1715339;2026-05-22 17:29:12;1779463752;3550;33,4;68;69;13,9;2,9;8654
1715875;2026-05-22 17:29:13;1779463753;3550;33,4;68;69;13,7;2,8;8669
1716384;2026-05-22 17:29:13;1779463753;3550;33,4;68;69;13,7;2,9;8683
1716918;2026-05-22 17:29:14;1779463754;3550;33,4;68;69;13,7;2,9;8699
1717491;2026-05-22 17:29:14;1779463754;3550;33,4;68;69;13,7;2,9;8716
1718026;2026-05-22 17:29:15;1779463755;3550;33,4;68;69;13,7;2,9;8731
1718563;2026-05-22 17:29:15;1779463755;3550;33,4;68;69;13,7;2,9;8746
1719120;2026-05-22 17:29:16;1779463756;3550;33,4;68;69;13,7;2,9;8762
1719654;2026-05-22 17:29:16;1779463756;3500;33,4;68;69;13,7;2,9;8778
1720188;2026-05-22 17:29:17;1779463757;3500;33,4;68;69;13,7;2,9;8793
1720699;2026-05-22 17:29:17;1779463757;3500;33,4;68;69;13,7;2,9;8808
1721237;2026-05-22 17:29:18;1779463758;3500;33,4;68;69;13,7;2,9;8823
1721748;2026-05-22 17:29:19;1779463759;3500;33,4;68;69;13,7;2,9;8838
1722339;2026-05-22 17:29:19;1779463759;3550;33,4;68;69;13,7;2,9;8854
1722875;2026-05-22 17:29:20;1779463760;3500;33,4;68;69;13,7;2,9;8870
1723410;2026-05-22 17:29:20;1779463760;3500;33,4;68;69;13,7;2,9;8886
1724017;2026-05-22 17:29:21;1779463761;3500;33,4;68;69;13,7;2,9;8903
1724531;2026-05-22 17:29:21;1779463761;3500;33,4;68;69;13,7;2,9;8918
1725065;2026-05-22 17:29:22;1779463762;3550;33,4;68;69;13,7;2,9;8932
1725599;2026-05-22 17:29:22;1779463762;3500;33,4;68;69;13,7;2,9;8948
1726210;2026-05-22 17:29:23;1779463763;3500;33,4;68;69;13,9;2,9;8966
1726746;2026-05-22 17:29:24;1779463764;3500;33,4;68;69;13,9;2,9;8980
1727279;2026-05-22 17:29:24;1779463764;3500;33,4;68;69;13,9;2,9;8995
1727879;2026-05-22 17:29:25;1779463765;3500;33,4;68;69;13,9;2,9;9015
1728418;2026-05-22 17:29:25;1779463765;3550;33,4;68;69;13,9;2,9;9029
1728956;2026-05-22 17:29:26;1779463766;3500;33,4;68;69;13,9;2,9;9043
1729457;2026-05-22 17:29:26;1779463766;3500;33,4;68;69;13,9;2,9;9059
1729992;2026-05-22 17:29:27;1779463767;3500;33,4;68;69;13,9;2,9;9074
1730514;2026-05-22 17:29:27;1779463767;3500;33,4;68;69;13,9;2,9;9088
1731095;2026-05-22 17:29:28;1779463768;3500;33,4;68;69;13,9;2,9;9106
1731629;2026-05-22 17:29:28;1779463768;3500;33,4;68;69;13,9;2,9;9120
1732162;2026-05-22 17:29:29;1779463769;3500;33,4;68;69;13,9;2,9;9136
1732776;2026-05-22 17:29:30;1779463770;3500;33,4;68;69;13,9;2,9;9154
1733285;2026-05-22 17:29:30;1779463770;3500;33,4;68;69;13,9;2,9;9168
1733827;2026-05-22 17:29:31;1779463771;3500;33,4;68;69;13,9;2,9;9180
1734338;2026-05-22 17:29:31;1779463771;3500;33,8;67;69;13,9;2,9;9199
1734874;2026-05-22 17:29:32;1779463772;3500;33,4;67;69;13,9;2,9;9213
1735408;2026-05-22 17:29:32;1779463772;3500;33,4;67;69;13,9;2,9;9229
1736059;2026-05-22 17:29:33;1779463773;3500;33,8;67;69;13,9;2,9;9248
1736569;2026-05-22 17:29:33;1779463773;3500;33,8;68;69;13,9;2,9;9262
1737117;2026-05-22 17:29:34;1779463774;3500;33,8;67;69;13,9;2,9;9276
1737698;2026-05-22 17:29:34;1779463774;3500;33,8;67;69;13,9;2,9;9293
1738236;2026-05-22 17:29:35;1779463775;3500;33,8;67;69;13,9;2,9;9309
1738771;2026-05-22 17:29:36;1779463776;3500;33,8;67;69;13,9;2,9;9325
1739285;2026-05-22 17:29:36;1779463776;3500;33,8;67;69;13,9;2,9;9340
1739850;2026-05-22 17:29:37;1779463777;3500;33,8;67;69;13,9;2,9;9356
1740384;2026-05-22 17:29:37;1779463777;3500;33,8;67;69;13,9;2,9;9371
1740922;2026-05-22 17:29:38;1779463778;3450;38,8;44;69;13,9;2,9;9387
1741497;2026-05-22 17:29:38;1779463778;3400;38,8;43;69;13,9;2,9;9402
1742028;2026-05-22 17:29:39;1779463779;3350;38,8;43;69;13,9;2,9;9416
1742560;2026-05-22 17:29:39;1779463779;3400;39,2;40;69;13,9;2,9;9431
1743175;2026-05-22 17:29:40;1779463780;3350;39,2;40;69;13,9;2,9;9449
1743709;2026-05-22 17:29:40;1779463780;3350;38,4;40;69;13,9;2,9;9463
1744271;2026-05-22 17:29:41;1779463781;3350;38,4;40;69;13,9;2,9;9477
1744856;2026-05-22 17:29:42;1779463782;3350;38,4;40;69;13,9;2,9;9494
1745390;2026-05-22 17:29:42;1779463782;3350;37,8;40;69;13,9;2,9;9508
1745928;2026-05-22 17:29:43;1779463783;3300;37,8;40;69;13,9;2,9;9522
1746532;2026-05-22 17:29:43;1779463783;3300;37,8;40;69;13,9;2,9;9539
1747066;2026-05-22 17:29:44;1779463784;3300;37,8;40;69;13,9;2,9;9554
1747587;2026-05-22 17:29:44;1779463784;3300;37,2;40;69;13,9;2,9;9567
1748097;2026-05-22 17:29:45;1779463785;3250;37,2;40;69;13,9;2,9;9581
1748631;2026-05-22 17:29:45;1779463785;3250;37,2;40;69;13,9;2,9;9595
1749164;2026-05-22 17:29:46;1779463786;3200;37,2;40;69;13,9;2,9;9610
1749817;2026-05-22 17:29:47;1779463787;3200;37,2;40;69;13,9;2,9;9627
1750326;2026-05-22 17:29:47;1779463787;3200;36,4;40;69;13,9;2,9;9640
1750874;2026-05-22 17:29:48;1779463788;3200;36,4;41;69;13,9;2,9;9653
1751458;2026-05-22 17:29:48;1779463788;3150;36,2;43;69;13,9;2,9;9668
1751992;2026-05-22 17:29:49;1779463789;3150;36,2;43;69;13,9;2,9;9683
1752525;2026-05-22 17:29:49;1779463789;3150;35,6;43;69;13,9;2,9;9697
1753035;2026-05-22 17:29:50;1779463790;3150;35,6;43;69;13,9;2,9;9709
1753648;2026-05-22 17:29:50;1779463790;3150;35,4;46;69;13,9;2,9;9725
1754189;2026-05-22 17:29:51;1779463791;3150;34,6;54;69;13,9;2,9;9739
1754723;2026-05-22 17:29:51;1779463791;3150;34,0;54;69;13,9;2,9;9754
1755329;2026-05-22 17:29:52;1779463792;3200;34,0;56;69;13,9;2,9;9768
1755864;2026-05-22 17:29:53;1779463793;3200;32,4;61;69;13,9;2,9;9783
1756425;2026-05-22 17:29:53;1779463793;3150;31,6;65;69;13,9;2,9;9798
1756892;2026-05-22 17:29:54;1779463794;3150;31,6;65;69;13,9;2,9;9810
1757427;2026-05-22 17:29:54;1779463794;3200;31,6;65;69;13,9;2,9;9824
1757969;2026-05-22 17:29:55;1779463795;3200;31,6;65;69;13,9;2,9;9837
1758495;2026-05-22 17:29:55;1779463795;3200;31,6;65;69;13,9;2,9;9852
1759004;2026-05-22 17:29:56;1779463796;3200;32,2;65;69;13,9;2,9;9865
1759541;2026-05-22 17:29:56;1779463796;3200;32,2;65;69;13,9;2,9;9879
1760058;2026-05-22 17:29:57;1779463797;3200;32,2;65;69;13,9;2,9;9893
1760590;2026-05-22 17:29:57;1779463797;3200;32,2;65;69;13,9;2,9;9907
1761131;2026-05-22 17:29:58;1779463798;3200;32,2;65;69;13,9;2,9;9920
1761698;2026-05-22 17:29:58;1779463798;3200;32,2;65;69;13,9;2,9;9935
1762232;2026-05-22 17:29:59;1779463799;3200;32,2;65;69;13,9;2,9;9950
1762766;2026-05-22 17:30:00;1779463800;3250;32,2;65;69;13,9;2,9;9965
1763418;2026-05-22 17:30:00;1779463800;3250;32,2;65;69;13,9;2,9;9980
1763951;2026-05-22 17:30:01;1779463801;3250;32,2;65;69;13,9;2,9;9995
1764467;2026-05-22 17:30:01;1779463801;3250;32,2;65;69;13,9;2,9;10008
1765097;2026-05-22 17:30:02;1779463802;3250;32,2;65;69;13,9;2,9;10026
1765634;2026-05-22 17:30:02;1779463802;3250;32,2;65;69;13,9;2,9;10040
1766170;2026-05-22 17:30:03;1779463803;3250;32,2;65;69;13,9;2,9;10053
1766818;2026-05-22 17:30:04;1779463804;3250;32,2;65;69;13,9;2,9;10072
1767352;2026-05-22 17:30:04;1779463804;3250;32,8;65;69;13,9;2,9;10085
1767873;2026-05-22 17:30:05;1779463805;3250;32,8;65;69;13,9;2,9;10098
1768458;2026-05-22 17:30:05;1779463805;3250;32,8;65;69;13,9;2,9;10114
1768992;2026-05-22 17:30:06;1779463806;3250;32,8;65;69;13,9;2,9;10129
1769527;2026-05-22 17:30:06;1779463806;3250;32,2;65;69;13,9;2,9;10144
1770179;2026-05-22 17:30:07;1779463807;3300;28,6;88;69;13,9;2,9;10161
1770691;2026-05-22 17:30:07;1779463807;3500;30,0;92;69;13,9;2,9;10175
1771227;2026-05-22 17:30:08;1779463808;3600;30,0;92;69;13,9;2,9;10191
1771857;2026-05-22 17:30:09;1779463809;3600;30,0;100;69;13,9;2,9;10208
1772397;2026-05-22 17:30:09;1779463809;3600;30,0;100;69;13,9;2,9;10225
1772932;2026-05-22 17:30:10;1779463810;3600;30,0;100;69;14,1;2,9;10242
1773460;2026-05-22 17:30:10;1779463810;3650;30,0;100;69;14,1;2,9;10258
1773996;2026-05-22 17:30:11;1779463811;3750;30,0;100;69;14,1;2,9;10273
1774538;2026-05-22 17:30:11;1779463811;3750;30,0;100;69;14,1;2,8;10290
1775073;2026-05-22 17:30:12;1779463812;3750;30,0;100;69;14,1;2,8;10308
1775573;2026-05-22 17:30:12;1779463812;3750;30,0;100;69;14,1;2,8;10321
1776086;2026-05-22 17:30:13;1779463813;3700;30,0;100;69;14,1;2,8;10339
1776621;2026-05-22 17:30:13;1779463813;3800;30,0;100;69;14,1;2,8;10356
1777176;2026-05-22 17:30:14;1779463814;3800;30,0;100;69;14,1;2,8;10374
1777713;2026-05-22 17:30:14;1779463814;3850;30,0;100;69;14,1;2,8;10390
1778250;2026-05-22 17:30:15;1779463815;3900;30,0;100;69;14,1;2,8;10409
1778856;2026-05-22 17:30:16;1779463816;3900;30,0;100;69;14,1;2,8;10428
1779373;2026-05-22 17:30:16;1779463816;3950;30,0;100;69;14,1;2,8;10444
1779910;2026-05-22 17:30:17;1779463817;3950;30,0;100;69;14,1;2,8;10461
1780418;2026-05-22 17:30:17;1779463817;3900;33,4;72;69;14,1;2,8;10477
1780955;2026-05-22 17:30:18;1779463818;3550;30,0;100;69;13,9;2,9;10492
1781490;2026-05-22 17:30:18;1779463818;3500;30,0;100;69;13,9;2,9;10509
1782016;2026-05-22 17:30:19;1779463819;3450;30,0;100;69;13,9;2,9;10524
1782552;2026-05-22 17:30:19;1779463819;3450;30,0;100;69;13,9;2,9;10538
1783092;2026-05-22 17:30:20;1779463820;3400;30,0;100;69;13,9;2,9;10553
1783627;2026-05-22 17:30:20;1779463820;3350;28,6;100;69;13,9;2,9;10568
1784134;2026-05-22 17:30:21;1779463821;3300;28,6;100;69;13,9;2,9;10581
1784650;2026-05-22 17:30:21;1779463821;3250;28,0;100;69;13,9;2,9;10596
1785186;2026-05-22 17:30:22;1779463822;3250;27,4;100;69;13,9;2,9;10610
1785772;2026-05-22 17:30:23;1779463823;3150;26,8;100;69;13,9;2,9;10625
1786309;2026-05-22 17:30:23;1779463823;3100;26,8;100;69;13,9;2,9;10638
1786848;2026-05-22 17:30:24;1779463824;3050;25,6;100;69;13,9;2,9;10652
1787412;2026-05-22 17:30:24;1779463824;3000;25,0;100;69;13,9;3,0;10666
1787950;2026-05-22 17:30:25;1779463825;2950;25,0;100;69;13,9;3,0;10679
1788487;2026-05-22 17:30:25;1779463825;2950;24,8;100;69;13,9;2,9;10692
1789094;2026-05-22 17:30:26;1779463826;2900;24,8;100;69;13,9;2,9;10706
1789632;2026-05-22 17:30:26;1779463826;2850;24,6;100;69;13,9;2,9;10719
1790169;2026-05-22 17:30:27;1779463827;3050;35,6;36;69;13,9;2,9;10732
1790772;2026-05-22 17:30:28;1779463828;3150;28,4;78;69;13,9;2,9;10748
1791309;2026-05-22 17:30:28;1779463828;3100;26,8;86;69;13,9;2,9;10760
1791842;2026-05-22 17:30:29;1779463829;3150;28,0;86;69;13,9;2,9;10776
1792455;2026-05-22 17:30:29;1779463829;3200;28,0;86;69;13,9;2,9;10791
1792991;2026-05-22 17:30:30;1779463830;3200;28,0;86;69;13,9;2,9;10804
1793505;2026-05-22 17:30:30;1779463830;3200;28,6;86;69;13,9;2,9;10819
1794098;2026-05-22 17:30:31;1779463831;3250;28,6;86;69;13,9;2,9;10835
1794635;2026-05-22 17:30:31;1779463831;3250;28,0;86;69;13,9;2,9;10849
1795170;2026-05-22 17:30:32;1779463832;3250;29,2;86;69;13,9;2,9;10864
1795775;2026-05-22 17:30:33;1779463833;3250;29,2;86;69;13,9;2,9;10879
1796287;2026-05-22 17:30:33;1779463833;3300;29,2;86;69;13,9;2,9;10894
1796824;2026-05-22 17:30:34;1779463834;3300;29,2;86;69;13,9;2,9;10908
1797338;2026-05-22 17:30:34;1779463834;3300;29,2;86;69;13,9;2,9;10923
1797886;2026-05-22 17:30:35;1779463835;3350;30,0;86;69;13,9;2,9;10937
1798422;2026-05-22 17:30:35;1779463835;3400;29,2;86;69;13,9;2,9;10951
1798978;2026-05-22 17:30:36;1779463836;3400;30,0;86;69;13,9;2,9;10967
1799489;2026-05-22 17:30:36;1779463836;3400;30,0;86;69;13,9;2,9;10982
1800027;2026-05-22 17:30:37;1779463837;3450;30,0;86;69;13,9;2,9;10997
1800567;2026-05-22 17:30:37;1779463837;3400;30,0;86;69;13,9;2,9;11011
1801169;2026-05-22 17:30:38;1779463838;3450;30,0;86;69;13,9;2,9;11028
1801707;2026-05-22 17:30:38;1779463838;3500;30,0;86;69;13,9;2,9;11044
1802219;2026-05-22 17:30:39;1779463839;3450;30,0;84;69;13,9;2,9;11059
1802731;2026-05-22 17:30:40;1779463840;3450;30,4;84;69;13,9;2,9;11074
1803267;2026-05-22 17:30:40;1779463840;3500;30,4;84;69;13,9;2,9;11089
1803804;2026-05-22 17:30:41;1779463841;3450;31,0;81;69;13,9;2,9;11104
1804413;2026-05-22 17:30:41;1779463841;3400;33,4;68;69;13,9;2,9;11121
1804928;2026-05-22 17:30:42;1779463842;3400;33,4;68;69;13,9;2,9;11136
1805462;2026-05-22 17:30:42;1779463842;3450;33,4;64;69;13,9;2,9;11151
1805978;2026-05-22 17:30:43;1779463843;3400;34,8;62;69;13,9;2,9;11164
1806513;2026-05-22 17:30:43;1779463843;3450;34,0;62;69;13,9;2,9;11180
1807048;2026-05-22 17:30:44;1779463844;3450;34,8;62;69;13,9;2,9;11196
1807612;2026-05-22 17:30:44;1779463844;3450;34,8;62;69;13,9;2,9;11211
1808146;2026-05-22 17:30:45;1779463845;3350;34,0;62;69;13,9;2,9;11225
1808684;2026-05-22 17:30:45;1779463845;3400;34,0;62;69;13,9;2,9;11241
1809258;2026-05-22 17:30:46;1779463846;3400;34,0;62;69;13,9;2,9;11257
1809795;2026-05-22 17:30:47;1779463847;3350;34,0;62;69;14,1;2,9;11271
1810328;2026-05-22 17:30:47;1779463847;3400;33,4;65;69;14,1;2,9;11286
1810895;2026-05-22 17:30:48;1779463848;3400;34,0;62;69;14,1;2,9;11303
1811428;2026-05-22 17:30:48;1779463848;3400;34,8;62;69;13,9;2,9;11317
1811972;2026-05-22 17:30:49;1779463849;3400;34,0;62;69;13,9;2,9;11332
1812618;2026-05-22 17:30:49;1779463849;3400;34,0;62;69;13,9;2,9;11351
1813152;2026-05-22 17:30:50;1779463850;3400;34,0;62;69;13,9;2,9;11365
1813667;2026-05-22 17:30:50;1779463850;3400;34,8;62;69;13,9;2,9;11380
1814258;2026-05-22 17:30:51;1779463851;3400;34,8;62;69;13,9;2,9;11395
1814793;2026-05-22 17:30:52;1779463852;3400;34,8;62;69;13,9;2,9;11411
1815334;2026-05-22 17:30:52;1779463852;3400;34,8;62;69;13,9;2,9;11427
1815941;2026-05-22 17:30:53;1779463853;3400;34,8;62;69;13,9;2,9;11442
1816450;2026-05-22 17:30:53;1779463853;3400;34,8;62;69;13,9;2,9;11458
1816983;2026-05-22 17:30:54;1779463854;3350;34,8;62;69;13,9;2,9;11471
1817578;2026-05-22 17:30:54;1779463854;3350;37,4;44;69;13,9;2,9;11489
1818113;2026-05-22 17:30:55;1779463855;3300;38,0;44;69;13,9;2,9;11502
1818650;2026-05-22 17:30:55;1779463855;3300;37,4;44;69;13,9;2,9;11519
1819159;2026-05-22 17:30:56;1779463856;3300;37,4;44;69;13,9;2,9;11532
1819770;2026-05-22 17:30:57;1779463857;3300;38,0;44;69;13,9;2,9;11549
1820310;2026-05-22 17:30:57;1779463857;3350;38,0;44;69;13,9;2,9;11562
1820845;2026-05-22 17:30:58;1779463858;3300;37,4;44;69;13,9;2,9;11578
1821373;2026-05-22 17:30:58;1779463858;3300;38,0;44;69;13,9;2,9;11593
1821916;2026-05-22 17:30:59;1779463859;3350;38,0;44;69;13,9;2,9;11607
1822427;2026-05-22 17:30:59;1779463859;3300;38,0;44;69;13,9;2,9;11621
1823011;2026-05-22 17:31:00;1779463860;3250;37,4;44;69;13,9;2,9;11636
1823544;2026-05-22 17:31:00;1779463860;3300;37,4;44;69;13,9;2,9;11651
1824077;2026-05-22 17:31:01;1779463861;3250;36,8;44;69;13,9;2,9;11665
1824691;2026-05-22 17:31:01;1779463861;3250;36,8;44;69;13,9;2,9;11682
1825207;2026-05-22 17:31:02;1779463862;3250;37,4;44;69;13,9;2,9;11696
1825741;2026-05-22 17:31:03;1779463863;3250;36,8;44;69;13,9;2,9;11709
1826257;2026-05-22 17:31:03;1779463863;3250;36,8;44;69;13,9;2,9;11723
1826792;2026-05-22 17:31:04;1779463864;3200;36,8;44;69;13,9;2,9;11736
1827326;2026-05-22 17:31:04;1779463864;3250;36,2;44;69;13,9;2,9;11751
1827930;2026-05-22 17:31:05;1779463865;3100;36,4;36;69;13,9;2,9;11767
1828477;2026-05-22 17:31:05;1779463865;3150;35,8;36;69;13,9;2,9;11779
1829012;2026-05-22 17:31:06;1779463866;3200;27,4;88;69;13,9;2,9;11795
1829577;2026-05-22 17:31:06;1779463866;3450;30,0;91;69;13,9;2,9;11810
1830111;2026-05-22 17:31:07;1779463867;3400;30,0;88;69;14,1;2,9;11826
1830621;2026-05-22 17:31:07;1779463867;3350;30,4;84;69;14,1;2,9;11840
1831218;2026-05-22 17:31:08;1779463868;3400;30,4;84;69;13,9;2,9;11856
1831753;2026-05-22 17:31:09;1779463869;3400;31,0;81;69;13,9;2,9;11872
1832296;2026-05-22 17:31:09;1779463869;3450;31,4;78;69;13,9;2,9;11886
1832900;2026-05-22 17:31:10;1779463870;3400;33,4;68;69;13,9;2,9;11904
1833435;2026-05-22 17:31:10;1779463870;3450;33,4;68;69;13,9;2,9;11918
1833945;2026-05-22 17:31:11;1779463871;3450;33,4;68;69;13,9;2,9;11933
1834477;2026-05-22 17:31:11;1779463871;3400;33,4;67;69;13,9;2,9;11947
1835012;2026-05-22 17:31:12;1779463872;3450;33,8;67;69;13,9;2,9;11964
1835552;2026-05-22 17:31:12;1779463872;3450;34,2;65;69;13,9;2,9;11978
1836086;2026-05-22 17:31:13;1779463873;3400;34,2;65;69;13,9;2,9;11994
1836686;2026-05-22 17:31:13;1779463873;3400;34,2;65;69;13,9;2,9;12010
1837222;2026-05-22 17:31:14;1779463874;3450;34,4;62;69;13,9;2,9;12024
1837756;2026-05-22 17:31:15;1779463875;3450;34,8;62;69;13,9;2,9;12039
1838298;2026-05-22 17:31:15;1779463875;3450;34,8;62;69;13,9;2,9;12055
1838845;2026-05-22 17:31:16;1779463876;3450;34,8;62;69;13,9;2,9;12071
1839355;2026-05-22 17:31:16;1779463876;3450;35,0;61;69;13,9;2,9;12084
1839934;2026-05-22 17:31:17;1779463877;3400;38,6;48;69;13,9;2,9;12101
1840470;2026-05-22 17:31:17;1779463877;3400;38,6;46;69;13,9;2,9;12114
1841007;2026-05-22 17:31:18;1779463878;3350;37,6;48;69;13,9;2,9;12129
1841616;2026-05-22 17:31:18;1779463878;3350;37,8;45;69;13,9;2,9;12147
1842150;2026-05-22 17:31:19;1779463879;3350;37,8;45;69;13,9;2,9;12161
1842660;2026-05-22 17:31:19;1779463879;3350;37,8;45;69;13,9;2,9;12175
1843255;2026-05-22 17:31:20;1779463880;3300;37,2;45;69;13,9;2,9;12191
1843788;2026-05-22 17:31:21;1779463881;3300;37,2;45;69;13,9;2,9;12204
1844322;2026-05-22 17:31:21;1779463881;3250;36,6;46;69;13,9;2,9;12220
1844936;2026-05-22 17:31:22;1779463882;3250;36,6;46;69;13,9;2,9;12236
1845452;2026-05-22 17:31:22;1779463882;3250;36,6;46;69;13,9;2,9;12250
1845986;2026-05-22 17:31:23;1779463883;3400;28,0;84;69;13,9;2,9;12264
1846576;2026-05-22 17:31:23;1779463883;3500;30,0;92;69;13,9;2,9;12280
1847114;2026-05-22 17:31:24;1779463884;3650;30,0;100;69;14,1;2,9;12295
1847650;2026-05-22 17:31:24;1779463884;3650;30,0;100;69;14,1;2,9;12312
1848212;2026-05-22 17:31:25;1779463885;3650;30,0;100;69;14,1;2,9;12328
1848753;2026-05-22 17:31:26;1779463886;3700;30,0;100;69;14,1;2,9;12344
1849288;2026-05-22 17:31:26;1779463886;3700;30,0;100;69;14,1;2,9;12361
1849898;2026-05-22 17:31:27;1779463887;3700;30,0;100;69;14,1;2,9;12381
1850438;2026-05-22 17:31:27;1779463887;3750;30,0;100;69;14,1;2,9;12396
1850945;2026-05-22 17:31:28;1779463888;3800;30,0;100;69;14,1;2,8;12412
1851498;2026-05-22 17:31:28;1779463888;3800;30,0;92;69;14,1;2,8;12430
1852034;2026-05-22 17:31:29;1779463889;3800;30,0;100;69;14,1;2,8;12448
1852568;2026-05-22 17:31:29;1779463889;3800;30,0;100;69;14,1;2,8;12466
1853107;2026-05-22 17:31:30;1779463890;3850;30,0;100;69;14,1;2,8;12481
1853651;2026-05-22 17:31:30;1779463890;3900;30,0;100;69;14,1;2,8;12501
1854159;2026-05-22 17:31:31;1779463891;3900;30,0;100;69;14,1;2,8;12516
1854697;2026-05-22 17:31:31;1779463891;3950;30,0;100;69;14,1;2,8;12532
1855296;2026-05-22 17:31:32;1779463892;4000;30,0;100;69;14,1;2,8;12547
1855838;2026-05-22 17:31:33;1779463893;4000;30,0;100;69;14,1;2,8;12558
1856374;2026-05-22 17:31:33;1779463893;4000;30,0;100;69;14,1;2,8;12569
1856889;2026-05-22 17:31:34;1779463894;4000;30,0;100;69;14,1;2,8;12578
1857428;2026-05-22 17:31:34;1779463894;4050;30,0;100;69;14,1;2,8;12586
1857965;2026-05-22 17:31:35;1779463895;4050;30,0;100;69;14,1;2,8;12596
1858538;2026-05-22 17:31:35;1779463895;4100;30,0;100;69;14,1;2,8;12606
1859073;2026-05-22 17:31:36;1779463896;4200;30,0;100;69;14,1;2,8;12615
1859585;2026-05-22 17:31:36;1779463896;4200;30,0;100;69;14,1;2,8;12625
1860259;2026-05-22 17:31:37;1779463897;4250;30,0;100;69;14,1;2,8;12637
1860795;2026-05-22 17:31:38;1779463898;4250;30,0;100;69;14,1;2,8;12646
1861334;2026-05-22 17:31:38;1779463898;4250;30,0;100;69;14,1;2,8;12655
1861899;2026-05-22 17:31:39;1779463899;3900;30,0;100;69;14,1;2,9;12669
1862417;2026-05-22 17:31:39;1779463899;3800;30,0;100;69;14,1;2,9;12686
1862955;2026-05-22 17:31:40;1779463900;3850;30,0;100;69;14,1;2,9;12702
1863496;2026-05-22 17:31:40;1779463900;3750;30,0;100;69;14,1;2,9;12718
1864088;2026-05-22 17:31:41;1779463901;3750;30,0;100;69;14,1;2,9;12736
1864626;2026-05-22 17:31:41;1779463901;3650;30,0;100;69;14,1;2,9;12753
1865165;2026-05-22 17:31:42;1779463902;3600;30,0;100;69;14,1;2,9;12769
1865772;2026-05-22 17:31:43;1779463903;3550;30,0;100;69;14,1;2,9;12787
1866309;2026-05-22 17:31:43;1779463903;3500;30,0;100;69;14,1;2,9;12802
1866847;2026-05-22 17:31:44;1779463904;3450;30,0;100;69;14,1;2,9;12816
1867376;2026-05-22 17:31:44;1779463904;3450;39,8;68;69;14,1;2,9;12832
1867910;2026-05-22 17:31:45;1779463905;3600;37,2;56;69;14,1;2,8;12846
1868420;2026-05-22 17:31:45;1779463905;3550;35,6;59;69;14,1;2,9;12862
1868939;2026-05-22 17:31:46;1779463906;3550;35,6;60;69;14,1;2,9;12879
1869472;2026-05-22 17:31:46;1779463906;3550;35,4;60;69;14,1;2,9;12894
1870007;2026-05-22 17:31:47;1779463907;3650;35,4;60;69;14,1;2,9;12909
1870578;2026-05-22 17:31:47;1779463907;3600;37,4;53;69;14,1;2,9;12926
1871088;2026-05-22 17:31:48;1779463908;3600;37,4;53;69;14,1;2,9;12942
1871622;2026-05-22 17:31:48;1779463908;3600;37,4;53;69;14,1;2,9;12957
1872155;2026-05-22 17:31:49;1779463909;3600;37,4;53;69;14,1;2,8;12972
1872767;2026-05-22 17:31:50;1779463910;3550;37,4;53;69;14,1;2,9;12990
1873302;2026-05-22 17:31:50;1779463910;3550;37,4;53;69;14,1;2,9;13006
1873811;2026-05-22 17:31:51;1779463911;3550;37,4;53;69;14,1;2,9;13019
1874370;2026-05-22 17:31:51;1779463911;3500;37,4;53;69;14,1;2,9;13037
1874907;2026-05-22 17:31:52;1779463912;3500;37,4;53;69;14,1;2,9;13051
1875441;2026-05-22 17:31:52;1779463912;3500;37,4;53;69;14,1;2,9;13067
1876054;2026-05-22 17:31:53;1779463913;3450;37,4;53;69;14,1;2,9;13085
1876588;2026-05-22 17:31:53;1779463913;3450;37,4;53;69;14,1;2,9;13100
1877101;2026-05-22 17:31:54;1779463914;3450;37,4;53;69;14,1;2,9;13114
1877689;2026-05-22 17:31:54;1779463914;3450;37,4;53;69;14,1;2,9;13130
1878224;2026-05-22 17:31:55;1779463915;3450;37,4;53;69;14,1;2,9;13146
1878758;2026-05-22 17:31:56;1779463916;3500;37,4;53;69;14,1;2,9;13161
1879372;2026-05-22 17:31:56;1779463916;3450;37,2;54;69;14,1;2,9;13177
1879881;2026-05-22 17:31:57;1779463917;3400;38,2;49;69;14,1;2,9;13192
1880418;2026-05-22 17:31:57;1779463917;3400;38,2;49;69;13,9;2,9;13207
1881014;2026-05-22 17:31:58;1779463918;3400;38,2;49;69;13,9;2,9;13223
1881548;2026-05-22 17:31:58;1779463918;3350;38,2;49;69;13,9;2,9;13237
1882082;2026-05-22 17:31:59;1779463919;3350;37,4;49;69;13,9;2,9;13252
1882687;2026-05-22 17:31:59;1779463919;3350;37,4;49;69;13,9;2,9;13269
1883237;2026-05-22 17:32:00;1779463920;3300;37,4;43;69;13,9;2,9;13283
1883769;2026-05-22 17:32:01;1779463921;3250;29,4;100;69;13,9;2,9;13298
1884377;2026-05-22 17:32:01;1779463921;3100;28,2;78;69;13,9;2,9;13314
1884914;2026-05-22 17:32:02;1779463922;3200;36,4;35;69;13,9;2,9;13327
1885424;2026-05-22 17:32:02;1779463922;3250;36,6;40;69;13,9;2,9;13340
1886019;2026-05-22 17:32:03;1779463923;3200;36,6;40;69;13,9;2,9;13356
1886553;2026-05-22 17:32:03;1779463923;3200;36,6;40;69;13,9;2,9;13370
1887090;2026-05-22 17:32:04;1779463924;3150;35,8;41;69;13,9;2,9;13384
1887618;2026-05-22 17:32:04;1779463924;3150;35,6;43;69;13,9;2,9;13398
1888154;2026-05-22 17:32:05;1779463925;3150;35,8;40;69;13,9;2,9;13411
1888666;2026-05-22 17:32:05;1779463925;3100;35,8;43;69;13,9;2,9;13423
1889258;2026-05-22 17:32:06;1779463926;3100;35,6;43;69;13,9;2,9;13439
1889793;2026-05-22 17:32:07;1779463927;3100;35,6;43;69;13,9;2,9;13453
1890325;2026-05-22 17:32:07;1779463927;3100;35,0;43;69;13,9;2,9;13466
1890939;2026-05-22 17:32:08;1779463928;3050;35,0;44;69;13,9;2,9;13481
1891453;2026-05-22 17:32:08;1779463928;3100;34,2;54;69;13,9;2,9;13495
1891987;2026-05-22 17:32:09;1779463929;3100;33,4;56;69;13,9;2,9;13508
1892576;2026-05-22 17:32:09;1779463929;3100;30,8;68;69;13,9;2,9;13523
1893110;2026-05-22 17:32:10;1779463930;3050;26,8;88;69;13,9;2,9;13535
1893648;2026-05-22 17:32:10;1779463930;3350;30,0;92;69;13,9;2,9;13552
1894157;2026-05-22 17:32:11;1779463931;3400;30,0;91;69;13,9;2,9;13564
1894773;2026-05-22 17:32:12;1779463932;3350;29,2;86;69;13,9;2,9;13582
1895307;2026-05-22 17:32:12;1779463932;3250;29,6;84;69;13,9;2,9;13598
1895843;2026-05-22 17:32:13;1779463933;3300;29,6;83;69;13,9;2,9;13613
1896375;2026-05-22 17:32:13;1779463933;3350;29,2;81;69;13,9;2,9;13627
1896911;2026-05-22 17:32:14;1779463934;3300;30,2;83;69;13,9;2,9;13640
1897422;2026-05-22 17:32:14;1779463934;3300;32,0;68;69;13,9;2,9;13655
1898013;2026-05-22 17:32:15;1779463935;3300;32,6;68;69;13,9;2,9;13670
1898548;2026-05-22 17:32:15;1779463935;3300;32,6;68;69;13,9;2,9;13685
1899083;2026-05-22 17:32:16;1779463936;3300;32,0;68;69;13,9;2,9;13699
1899694;2026-05-22 17:32:16;1779463936;3300;32,0;68;69;13,9;2,9;13716
1900204;2026-05-22 17:32:17;1779463937;3300;32,6;68;69;13,9;2,9;13730
1900743;2026-05-22 17:32:18;1779463938;3300;32,6;68;69;13,9;2,9;13745
1901334;2026-05-22 17:32:18;1779463938;3300;32,6;68;69;13,9;2,9;13760
1901867;2026-05-22 17:32:19;1779463939;3250;32,0;68;69;13,9;2,9;13775
1902403;2026-05-22 17:32:19;1779463939;3300;32,6;68;69;13,9;2,9;13789
1903009;2026-05-22 17:32:20;1779463940;3300;32,0;68;69;13,9;2,9;13807
1903557;2026-05-22 17:32:20;1779463940;3350;32,6;68;69;13,9;2,9;13820
1904088;2026-05-22 17:32:21;1779463941;3300;32,6;68;69;13,9;2,9;13835
1904618;2026-05-22 17:32:21;1779463941;3300;32,6;68;69;13,9;2,9;13849
1905152;2026-05-22 17:32:22;1779463942;3300;32,0;68;69;13,9;2,9;13865
1905662;2026-05-22 17:32:22;1779463942;3300;32,6;68;69;13,9;2,9;13879
1906298;2026-05-22 17:32:23;1779463943;3300;32,6;68;69;13,9;2,9;13895
1906846;2026-05-22 17:32:24;1779463944;3350;33,0;68;69;13,9;2,9;13912
1907382;2026-05-22 17:32:24;1779463944;3300;36,6;53;69;13,9;2,9;13926
1908018;2026-05-22 17:32:25;1779463945;3300;36,6;53;69;13,9;2,9;13942
1908553;2026-05-22 17:32:25;1779463945;3300;36,0;56;69;13,9;2,9;13957
1909064;2026-05-22 17:32:26;1779463946;3400;30,0;92;69;13,9;2,9;13971
1909619;2026-05-22 17:32:26;1779463946;3600;30,0;100;69;14,1;2,9;13987
1910155;2026-05-22 17:32:27;1779463947;3700;30,0;100;69;14,1;2,9;14002
1910688;2026-05-22 17:32:27;1779463947;3600;30,0;100;69;14,1;2,9;14019
1911226;2026-05-22 17:32:28;1779463948;3500;30,4;84;69;14,1;2,9;14033
1911853;2026-05-22 17:32:29;1779463949;3500;32,0;75;69;14,1;2,9;14053
1912388;2026-05-22 17:32:29;1779463949;3500;32,0;75;69;14,1;2,9;14069
1912923;2026-05-22 17:32:30;1779463950;3550;32,0;75;69;14,1;2,9;14085
1913535;2026-05-22 17:32:30;1779463950;3500;32,0;75;69;14,1;2,9;14102
1914073;2026-05-22 17:32:31;1779463951;3500;32,6;72;69;14,1;2,9;14116
1914584;2026-05-22 17:32:31;1779463951;3550;32,6;72;69;14,1;2,9;14132
1915173;2026-05-22 17:32:32;1779463952;3550;32,6;72;69;14,1;2,9;14149
1915707;2026-05-22 17:32:32;1779463952;3500;32,6;72;69;14,1;2,9;14164
1916242;2026-05-22 17:32:33;1779463953;3500;32,6;72;69;14,1;2,9;14179
1916813;2026-05-22 17:32:34;1779463954;3550;32,6;72;69;14,1;2,9;14197
1917321;2026-05-22 17:32:34;1779463954;3550;32,6;72;69;14,1;2,9;14211
1917856;2026-05-22 17:32:35;1779463955;3550;32,6;72;69;14,1;2,9;14227
1918417;2026-05-22 17:32:35;1779463955;3600;32,6;68;69;14,1;2,9;14243
1918954;2026-05-22 17:32:36;1779463956;3600;33,4;68;69;14,1;2,9;14257
1919486;2026-05-22 17:32:36;1779463956;3550;33,4;72;69;14,1;2,9;14273
1920059;2026-05-22 17:32:37;1779463957;3550;33,4;68;69;14,1;2,9;14291
1920575;2026-05-22 17:32:37;1779463957;3600;33,4;68;69;14,1;2,9;14306
1921107;2026-05-22 17:32:38;1779463958;3500;33,4;68;69;14,1;2,9;14320
1921644;2026-05-22 17:32:38;1779463958;3550;33,4;68;69;14,1;2,9;14336
1922252;2026-05-22 17:32:39;1779463959;3600;33,4;68;69;14,1;2,9;14355
1922788;2026-05-22 17:32:40;1779463960;3550;33,4;68;69;14,1;2,9;14370
1923298;2026-05-22 17:32:40;1779463960;3600;33,4;68;69;14,1;2,9;14386
1923890;2026-05-22 17:32:41;1779463961;3600;33,4;68;69;14,1;2,9;14403
1924424;2026-05-22 17:32:41;1779463961;3600;33,4;68;69;14,1;2,9;14417
1924960;2026-05-22 17:32:42;1779463962;3600;33,4;68;69;14,1;2,9;14435
1925532;2026-05-22 17:32:42;1779463962;3600;33,4;68;69;14,1;2,8;14451
1926043;2026-05-22 17:32:43;1779463963;3500;33,4;68;69;14,1;2,8;14466
1926577;2026-05-22 17:32:43;1779463963;3600;33,4;68;69;14,1;2,8;14481
1927173;2026-05-22 17:32:44;1779463964;3600;33,4;68;69;14,1;2,9;14500
1927709;2026-05-22 17:32:44;1779463964;3650;33,4;68;69;14,1;2,9;14514
1928245;2026-05-22 17:32:45;1779463965;3650;33,4;68;69;14,1;2,9;14531
1928762;2026-05-22 17:32:46;1779463966;3650;33,4;68;69;14,1;2,9;14546
1929299;2026-05-22 17:32:46;1779463966;3650;33,4;68;69;14,1;2,9;14562
1929831;2026-05-22 17:32:47;1779463967;3650;33,4;68;69;14,1;2,9;14578
1930338;2026-05-22 17:32:47;1779463967;3600;33,4;68;69;14,1;2,9;14593
1930875;2026-05-22 17:32:48;1779463968;3550;33,4;68;69;14,1;2,9;14608
1931411;2026-05-22 17:32:48;1779463968;3600;33,4;68;69;14,1;2,9;14625
1931969;2026-05-22 17:32:49;1779463969;3600;35,0;61;69;14,1;2,9;14641
1932502;2026-05-22 17:32:49;1779463969;3650;35,0;61;69;14,1;2,9;14657
1933037;2026-05-22 17:32:50;1779463970;3600;35,0;61;69;14,1;2,9;14671
1933586;2026-05-22 17:32:50;1779463970;3600;35,0;61;69;14,1;2,9;14687
1934173;2026-05-22 17:32:51;1779463971;3600;35,0;61;69;14,1;2,9;14706
1934684;2026-05-22 17:32:51;1779463971;3600;35,0;61;69;14,1;2,9;14721
1935221;2026-05-22 17:32:52;1779463972;3650;35,0;61;69;14,1;2,9;14737
1935737;2026-05-22 17:32:53;1779463973;3650;35,0;61;69;14,1;2,9;14752
1936272;2026-05-22 17:32:53;1779463973;3650;35,0;61;69;14,1;2,9;14766
1936806;2026-05-22 17:32:54;1779463974;3600;35,6;59;69;14,1;2,9;14782
1937403;2026-05-22 17:32:54;1779463974;3600;36,2;56;69;14,1;2,9;14800
1937940;2026-05-22 17:32:55;1779463975;3600;35,6;59;69;14,1;2,9;14816
1938475;2026-05-22 17:32:55;1779463975;3600;36,6;56;69;14,1;2,9;14831
1939056;2026-05-22 17:32:56;1779463976;3600;35,6;57;69;14,1;2,9;14849
1939590;2026-05-22 17:32:56;1779463976;3600;36,2;56;69;14,1;2,9;14863
1940100;2026-05-22 17:32:57;1779463977;3550;36,6;57;69;14,1;2,9;14879
1940700;2026-05-22 17:32:57;1779463977;3550;36,2;57;69;13,7;2,8;14896
1941233;2026-05-22 17:32:58;1779463978;3550;36,6;57;69;14,1;2,9;14910
1941769;2026-05-22 17:32:59;1779463979;3750;30,0;100;69;14,1;2,9;14927
1942420;2026-05-22 17:32:59;1779463979;3700;30,0;100;69;14,1;2,8;14948
1942958;2026-05-22 17:33:00;1779463980;3700;30,0;100;69;14,1;2,8;14965
1943467;2026-05-22 17:33:00;1779463980;3850;30,0;100;69;14,1;2,8;14981
1944057;2026-05-22 17:33:01;1779463981;3900;30,0;100;69;14,1;2,8;15001
1944593;2026-05-22 17:33:01;1779463981;3900;30,0;100;69;13,9;2,8;15018
1945131;2026-05-22 17:33:02;1779463982;3950;30,0;100;69;13,9;2,8;15032
1945699;2026-05-22 17:33:02;1779463982;3950;30,0;100;69;13,9;2,8;15049
1946212;2026-05-22 17:33:03;1779463983;4000;30,0;100;69;13,9;2,8;15063
1946748;2026-05-22 17:33:04;1779463984;4000;30,0;100;69;14,1;2,8;15072
1947290;2026-05-22 17:33:04;1779463984;4000;30,0;100;69;14,1;2,8;15082
1947813;2026-05-22 17:33:05;1779463985;4050;30,0;100;69;14,1;2,8;15091
1948350;2026-05-22 17:33:05;1779463985;4050;30,0;100;69;14,1;2,8;15100
1948862;2026-05-22 17:33:06;1779463986;4150;30,0;100;69;14,1;2,8;15109
1949454;2026-05-22 17:33:06;1779463986;4200;30,0;100;69;14,1;2,8;15119
1949988;2026-05-22 17:33:07;1779463987;4150;30,0;100;69;14,1;2,8;15128
1950525;2026-05-22 17:33:07;1779463987;4250;30,0;100;69;14,1;2,8;15139
1951096;2026-05-22 17:33:08;1779463988;4300;30,0;100;69;14,1;2,8;15148
1951634;2026-05-22 17:33:08;1779463988;4300;30,0;100;69;14,1;2,8;15158
1952149;2026-05-22 17:33:09;1779463989;4300;30,0;100;69;13,9;2,7;15167
1952735;2026-05-22 17:33:10;1779463990;4350;30,0;100;69;13,9;2,7;15177
1953272;2026-05-22 17:33:10;1779463990;4450;30,0;100;69;13,9;2,8;15186
1953808;2026-05-22 17:33:11;1779463991;4350;30,0;100;69;13,9;2,8;15198
1954415;2026-05-22 17:33:11;1779463991;4400;30,0;100;69;14,1;2,7;15208
1954923;2026-05-22 17:33:12;1779463992;4450;30,0;100;69;14,1;2,7;15218
1955459;2026-05-22 17:33:12;1779463992;4350;30,0;100;69;13,9;2,8;15228
1956059;2026-05-22 17:33:13;1779463993;4500;30,0;100;69;13,9;2,8;15238
1956596;2026-05-22 17:33:13;1779463993;4400;30,0;100;69;14,1;2,7;15249
1957134;2026-05-22 17:33:14;1779463994;4550;30,0;100;69;14,1;2,7;15259
1957726;2026-05-22 17:33:14;1779463994;4500;30,0;100;69;14,1;2,7;15270
1958265;2026-05-22 17:33:15;1779463995;4600;30,0;100;69;14,1;2,7;15280
1958802;2026-05-22 17:33:16;1779463996;4600;30,0;100;69;14,1;2,7;15291
1959498;2026-05-22 17:33:16;1779463996;4450;30,0;100;69;14,1;2,7;15304
1960034;2026-05-22 17:33:17;1779463997;4650;30,0;100;69;14,1;2,7;15314
1960546;2026-05-22 17:33:17;1779463997;4700;30,0;100;69;14,1;2,5;15323
1961218;2026-05-22 17:33:18;1779463998;4600;30,0;100;69;14,1;2,5;15337
1961753;2026-05-22 17:33:19;1779463999;4600;30,0;100;69;14,1;2,7;15346
1962289;2026-05-22 17:33:19;1779463999;4500;30,0;100;69;14,1;2,7;15357
1962938;2026-05-22 17:33:20;1779464000;4350;30,0;100;69;14,1;2,8;15367
1963477;2026-05-22 17:33:20;1779464000;4200;30,0;100;69;14,1;2,8;15376
1963987;2026-05-22 17:33:21;1779464001;4250;30,0;100;69;14,1;2,8;15385
1964658;2026-05-22 17:33:21;1779464001;4150;30,0;100;69;14,1;2,8;15397
1965195;2026-05-22 17:33:22;1779464002;4150;30,0;100;69;14,1;2,9;15406
1965730;2026-05-22 17:33:22;1779464003;4050;30,0;100;69;14,1;2,9;15415
1966377;2026-05-22 17:33:23;1779464003;4050;30,0;100;69;14,1;2,9;15426
1966893;2026-05-22 17:33:24;1779464004;4000;30,0;100;69;14,1;2,9;15434
1967431;2026-05-22 17:33:24;1779464004;3950;30,0;100;69;14,3;2,9;15449
1967980;2026-05-22 17:33:25;1779464005;3850;30,0;100;69;14,1;2,9;15467
1968516;2026-05-22 17:33:25;1779464005;3800;30,0;100;69;14,1;2,9;15483
1969058;2026-05-22 17:33:26;1779464006;3750;30,0;100;69;14,1;2,9;15499
1969569;2026-05-22 17:33:26;1779464006;3750;30,0;100;69;14,1;2,9;15516
1970093;2026-05-22 17:33:27;1779464007;3650;30,0;100;69;14,1;2,9;15530
1970630;2026-05-22 17:33:27;1779464007;3650;30,0;100;69;14,1;2,9;15546
1971166;2026-05-22 17:33:28;1779464008;3550;30,0;100;69;14,1;2,9;15563
1971699;2026-05-22 17:33:28;1779464008;3500;30,0;100;69;14,1;2,9;15578
1972213;2026-05-22 17:33:29;1779464009;3450;30,0;100;69;14,1;2,9;15591
1972750;2026-05-22 17:33:30;1779464010;3450;30,0;88;69;14,1;2,9;15607
1973258;2026-05-22 17:33:30;1779464010;3450;33,8;68;69;14,1;2,9;15621
1973793;2026-05-22 17:33:31;1779464011;3500;39,6;33;69;14,1;2,9;15635
1974327;2026-05-22 17:33:31;1779464011;3500;40,2;30;69;14,1;2,9;15653
1974978;2026-05-22 17:33:32;1779464012;3550;39,6;36;69;14,1;2,9;15670
1975490;2026-05-22 17:33:32;1779464012;3500;39,6;36;69;14,1;2,9;15686
1976027;2026-05-22 17:33:33;1779464013;3500;39,4;38;69;14,1;2,9;15700
1976620;2026-05-22 17:33:33;1779464013;3450;39,4;38;69;14,1;2,9;15715
1977154;2026-05-22 17:33:34;1779464014;3400;39,4;38;69;14,1;2,9;15732
1977693;2026-05-22 17:33:34;1779464014;3450;38,0;51;69;14,1;2,9;15747
1978205;2026-05-22 17:33:35;1779464015;3450;37,4;53;69;14,1;2,9;15761
1978740;2026-05-22 17:33:36;1779464016;3450;37,4;53;69;14,1;2,9;15775
1979274;2026-05-22 17:33:36;1779464016;3450;35,6;60;69;14,1;2,9;15791
1979808;2026-05-22 17:33:37;1779464017;3400;34,8;62;69;14,1;2,9;15806
1980410;2026-05-22 17:33:37;1779464017;3400;34,2;65;69;14,1;2,9;15823
1980919;2026-05-22 17:33:38;1779464018;3400;34,2;65;69;14,1;2,9;15835
1981456;2026-05-22 17:33:38;1779464018;3400;34,2;65;69;14,1;2,9;15852
1982054;2026-05-22 17:33:39;1779464019;3400;30,0;88;69;14,1;2,9;15867
1982589;2026-05-22 17:33:39;1779464019;3450;30,0;91;69;14,1;2,9;15883
1983128;2026-05-22 17:33:40;1779464020;3500;30,0;91;69;14,1;2,9;15899
1983646;2026-05-22 17:33:40;1779464020;3550;30,0;91;69;14,1;2,9;15915
1984181;2026-05-22 17:33:41;1779464021;3500;30,0;91;69;14,1;2,9;15930
1984741;2026-05-22 17:33:42;1779464022;3550;30,0;91;69;14,1;2,9;15945
1985296;2026-05-22 17:33:42;1779464022;3550;30,0;91;69;14,1;2,9;15962
1985855;2026-05-22 17:33:43;1779464023;3600;30,0;88;69;14,1;2,9;15980
1986393;2026-05-22 17:33:43;1779464023;3600;30,0;91;69;14,1;2,9;15996
1986936;2026-05-22 17:33:44;1779464024;3600;30,0;91;69;14,1;2,9;16011
1987471;2026-05-22 17:33:44;1779464024;3600;30,0;89;69;14,1;2,8;16028
1988013;2026-05-22 17:33:45;1779464025;3650;30,0;91;69;14,1;2,9;16043
1988579;2026-05-22 17:33:45;1779464025;3650;30,0;91;69;14,1;2,9;16061
1989115;2026-05-22 17:33:46;1779464026;3650;30,0;88;69;14,1;2,9;16078
1989651;2026-05-22 17:33:46;1779464026;3650;30,0;88;69;14,1;2,9;16094
1990259;2026-05-22 17:33:47;1779464027;3650;30,0;88;69;14,1;2,9;16112
1990797;2026-05-22 17:33:48;1779464028;3700;30,0;88;69;14,1;2,9;16129
1991320;2026-05-22 17:33:48;1779464028;3650;30,0;88;69;14,1;2,8;16147
1991978;2026-05-22 17:33:49;1779464029;3700;30,0;88;69;14,1;2,9;16165
1992514;2026-05-22 17:33:49;1779464029;3700;30,0;86;69;14,1;2,9;16183
1993047;2026-05-22 17:33:50;1779464030;3700;30,4;84;69;14,1;2,9;16200
1993581;2026-05-22 17:33:50;1779464030;3700;30,4;84;69;14,1;2,9;16216
1994116;2026-05-22 17:33:51;1779464031;3700;30,4;84;69;14,1;2,8;16231
1994651;2026-05-22 17:33:51;1779464031;3700;30,4;84;69;14,1;2,9;16247
1995188;2026-05-22 17:33:52;1779464032;3650;31,4;78;69;14,1;2,9;16263
1995772;2026-05-22 17:33:53;1779464033;3800;31,8;76;69;14,1;2,9;16284
1996309;2026-05-22 17:33:53;1779464033;3750;31,8;76;69;14,1;2,9;16300
1996842;2026-05-22 17:33:54;1779464034;3750;31,8;76;69;14,1;2,9;16316
1997451;2026-05-22 17:33:54;1779464034;3750;31,8;76;69;14,1;2,9;16335
1997990;2026-05-22 17:33:55;1779464035;3750;31,8;76;69;14,1;2,9;16351
1998552;2026-05-22 17:33:55;1779464035;3750;31,8;76;69;14,1;2,9;16368
1999132;2026-05-22 17:33:56;1779464036;3750;31,8;76;69;14,1;2,9;16385
1999667;2026-05-22 17:33:56;1779464036;3750;31,8;76;69;14,1;2,9;16401
2000200;2026-05-22 17:33:57;1779464037;3750;31,8;76;69;14,1;2,9;16418
2000700;2026-05-22 17:33:57;1779464037;3750;31,8;76;69;14,1;2,9;16434
2001270;2026-05-22 17:33:58;1779464038;3700;31,8;76;69;14,1;2,9;16450
2001805;2026-05-22 17:33:59;1779464039;3750;31,8;76;69;14,1;2,9;16468
2002418;2026-05-22 17:33:59;1779464039;3700;31,8;76;69;14,1;2,9;16487
2002951;2026-05-22 17:34:00;1779464040;3700;31,8;76;69;14,1;2,9;16502
2003463;2026-05-22 17:34:00;1779464040;3750;31,8;76;69;14,1;2,9;16518
2004058;2026-05-22 17:34:01;1779464041;3750;31,8;76;69;14,1;2,9;16535
2004593;2026-05-22 17:34:01;1779464041;3750;31,8;76;69;14,1;2,9;16552
2005126;2026-05-22 17:34:02;1779464042;3750;31,8;76;69;14,1;2,9;16569
2005778;2026-05-22 17:34:03;1779464043;3750;31,8;76;69;14,1;2,9;16588
2006339;2026-05-22 17:34:03;1779464043;3750;31,8;76;69;14,1;2,9;16606
2006871;2026-05-22 17:34:04;1779464044;3700;31,8;76;69;14,1;2,9;16621
2007419;2026-05-22 17:34:04;1779464044;3700;31,8;76;69;14,1;2,9;16638
2007955;2026-05-22 17:34:05;1779464045;3650;31,8;76;69;14,1;2,9;16655
2008518;2026-05-22 17:34:05;1779464045;3750;31,8;76;69;14,1;2,8;16672
2009051;2026-05-22 17:34:06;1779464046;3750;31,8;76;69;14,1;2,9;16689
2009572;2026-05-22 17:34:06;1779464046;3750;31,8;76;69;14,1;2,9;16704
2010108;2026-05-22 17:34:07;1779464047;3750;31,8;76;69;14,1;2,9;16719
2010642;2026-05-22 17:34:07;1779464047;3750;31,8;76;69;14,1;2,9;16735
2011249;2026-05-22 17:34:08;1779464048;3750;31,8;76;69;14,1;2,9;16756
2011781;2026-05-22 17:34:09;1779464049;3750;31,8;76;69;14,1;2,9;16771
2012317;2026-05-22 17:34:09;1779464049;3750;31,8;76;69;13,7;2,8;16786
2012856;2026-05-22 17:34:10;1779464050;3750;31,8;76;69;13,7;2,9;16804
2013419;2026-05-22 17:34:10;1779464050;3750;31,8;76;69;13,9;2,9;16822
2013953;2026-05-22 17:34:11;1779464051;3750;31,8;76;69;14,1;2,9;16837
2014578;2026-05-22 17:34:11;1779464051;3750;31,8;76;69;14,1;2,9;16856
2015122;2026-05-22 17:34:12;1779464052;3750;31,8;76;69;14,1;2,9;16873
2015658;2026-05-22 17:34:12;1779464052;3750;31,8;76;69;14,1;2,9;16889
2016216;2026-05-22 17:34:13;1779464053;3750;31,8;76;69;14,1;2,8;16906
2016750;2026-05-22 17:34:14;1779464054;3700;32,6;72;69;14,1;2,8;16923
2017283;2026-05-22 17:34:14;1779464054;3700;32,6;72;69;13,9;2,8;16940
2017819;2026-05-22 17:34:15;1779464055;3700;32,6;72;69;13,9;2,8;16956
2018334;2026-05-22 17:34:15;1779464055;3700;32,6;72;69;13,9;2,8;16971
2018895;2026-05-22 17:34:16;1779464056;3700;32,6;72;69;13,7;2,8;16988
2019432;2026-05-22 17:34:16;1779464056;3700;32,6;72;69;13,7;2,8;17003
2019972;2026-05-22 17:34:17;1779464057;3700;32,6;72;69;13,9;2,8;17020
2020509;2026-05-22 17:34:17;1779464057;3700;32,6;72;69;13,9;2,8;17037
2021068;2026-05-22 17:34:18;1779464058;3700;33,4;68;69;13,9;2,8;17054
2021628;2026-05-22 17:34:18;1779464058;3750;33,8;67;69;13,9;2,8;17070
2022164;2026-05-22 17:34:19;1779464059;3750;33,8;67;69;13,9;2,8;17088
2022699;2026-05-22 17:34:19;1779464059;3750;33,8;67;69;13,9;2,9;17102
2023259;2026-05-22 17:34:20;1779464060;3750;33,8;67;69;13,9;2,9;17120
2023822;2026-05-22 17:34:21;1779464061;3700;33,8;67;69;13,9;2,9;17137
2024357;2026-05-22 17:34:21;1779464061;3700;33,8;67;69;14,1;2,9;17151
2024978;2026-05-22 17:34:22;1779464062;3750;33,8;67;69;14,1;2,9;17172
2025521;2026-05-22 17:34:22;1779464062;3700;33,8;67;69;14,1;2,9;17187
2026078;2026-05-22 17:34:23;1779464063;3650;33,8;67;69;14,1;2,9;17203
2026618;2026-05-22 17:34:23;1779464063;3750;33,4;68;69;14,1;2,9;17220
2027152;2026-05-22 17:34:24;1779464064;3700;33,4;67;69;14,1;2,9;17236
2027686;2026-05-22 17:34:24;1779464064;3700;33,4;68;69;14,1;2,8;17252
2028224;2026-05-22 17:34:25;1779464065;3650;33,4;68;69;14,1;2,9;17267
2028731;2026-05-22 17:34:26;1779464066;3700;33,4;67;69;14,1;2,9;17284
2029269;2026-05-22 17:34:26;1779464066;3650;33,4;68;69;14,1;2,9;17298
2029803;2026-05-22 17:34:27;1779464067;3650;33,4;68;69;13,9;2,8;17315
2030380;2026-05-22 17:34:27;1779464067;3700;33,4;68;69;13,9;2,8;17332
2030940;2026-05-22 17:34:28;1779464068;3650;33,4;68;69;13,9;2,8;17348
2031475;2026-05-22 17:34:28;1779464068;3650;33,4;68;69;13,9;2,8;17363
2032068;2026-05-22 17:34:29;1779464069;3650;33,4;68;69;13,9;2,8;17382
2032602;2026-05-22 17:34:29;1779464069;3550;33,4;68;69;13,9;2,8;17399
2033139;2026-05-22 17:34:30;1779464070;3600;33,4;68;69;13,7;2,8;17414
2033733;2026-05-22 17:34:31;1779464071;3600;33,4;68;69;13,7;2,8;17429
2034270;2026-05-22 17:34:31;1779464071;3650;33,4;68;69;13,7;2,8;17447
2034804;2026-05-22 17:34:32;1779464072;3550;33,4;68;69;13,7;2,8;17463
2035419;2026-05-22 17:34:32;1779464072;3600;33,4;68;69;13,7;2,8;17480
2035956;2026-05-22 17:34:33;1779464073;3600;33,4;68;69;13,7;2,8;17496
2036517;2026-05-22 17:34:33;1779464073;3600;33,4;68;69;13,7;2,8;17512
2037059;2026-05-22 17:34:34;1779464074;3600;33,4;68;69;13,7;2,8;17528
2037592;2026-05-22 17:34:34;1779464074;3600;33,4;68;69;13,7;2,8;17543
2038127;2026-05-22 17:34:35;1779464075;3600;33,4;68;69;13,7;2,8;17559
2038688;2026-05-22 17:34:35;1779464075;3600;33,4;68;69;13,7;2,8;17575
2039211;2026-05-22 17:34:36;1779464076;3650;33,4;68;69;13,9;2,8;17591
2039749;2026-05-22 17:34:37;1779464077;3600;33,4;68;69;13,7;2,8;17606
2040283;2026-05-22 17:34:37;1779464077;3650;33,4;68;69;13,7;2,8;17623
2040817;2026-05-22 17:34:38;1779464078;3600;33,4;68;69;13,9;2,8;17638
2041326;2026-05-22 17:34:38;1779464078;3600;33,4;68;69;13,9;2,8;17652
2041863;2026-05-22 17:34:39;1779464079;3600;33,4;68;69;13,9;2,9;17667
2042454;2026-05-22 17:34:39;1779464079;3600;33,4;68;69;13,9;2,9;17686
2042988;2026-05-22 17:34:40;1779464080;3600;33,4;68;69;13,9;2,9;17701
2043499;2026-05-22 17:34:40;1779464080;3600;33,4;68;69;13,9;2,9;17716
2044098;2026-05-22 17:34:41;1779464081;3550;33,4;68;69;13,9;2,9;17733
2044632;2026-05-22 17:34:41;1779464081;3550;33,4;68;69;13,9;2,9;17749
2045166;2026-05-22 17:34:42;1779464082;3500;33,4;68;69;13,9;2,9;17765
2045779;2026-05-22 17:34:43;1779464083;3600;33,4;68;69;13,9;2,9;17781
2046291;2026-05-22 17:34:43;1779464083;3550;35,0;65;69;13,9;2,9;17796
2046827;2026-05-22 17:34:44;1779464084;3550;35,0;61;69;13,9;2,9;17813
2047361;2026-05-22 17:34:44;1779464084;3550;35,0;61;69;13,9;2,9;17829
2047970;2026-05-22 17:34:45;1779464085;3500;37,2;54;69;13,9;2,9;17846
2048481;2026-05-22 17:34:45;1779464085;3500;37,8;51;69;13,9;2,9;17859
2049021;2026-05-22 17:34:46;1779464086;3450;38,0;51;69;13,9;2,9;17875
2049573;2026-05-22 17:34:46;1779464086;3450;38,0;51;69;13,9;2,9;17891
2050110;2026-05-22 17:34:47;1779464087;3450;38,0;51;69;13,9;2,9;17904
2050643;2026-05-22 17:34:47;1779464087;3450;38,0;51;69;13,9;2,9;17920
2051168;2026-05-22 17:34:48;1779464088;3400;39,2;40;69;13,9;2,9;17935
2051703;2026-05-22 17:34:48;1779464088;3350;38,4;40;69;13,9;2,9;17950
2052237;2026-05-22 17:34:49;1779464089;3300;38,4;40;69;13,9;2,8;17964
2052738;2026-05-22 17:34:50;1779464090;3350;37,8;40;69;13,7;2,8;17978
2053277;2026-05-22 17:34:50;1779464090;3300;37,8;40;69;13,7;2,8;17991
2053839;2026-05-22 17:34:51;1779464091;3300;37,8;41;69;13,7;2,8;18006
2054460;2026-05-22 17:34:51;1779464091;3300;37,4;41;69;13,7;2,8;18024
2054994;2026-05-22 17:34:52;1779464092;3250;36,8;43;69;13,7;2,8;18037
2055530;2026-05-22 17:34:52;1779464092;3250;36,8;43;69;13,7;2,8;18052
2056129;2026-05-22 17:34:53;1779464093;3250;36,8;43;69;13,7;2,8;18068
2056668;2026-05-22 17:34:53;1779464093;3150;36,4;38;69;13,7;2,9;18082
2057203;2026-05-22 17:34:54;1779464094;3150;35,4;44;69;13,9;2,9;18096
2057778;2026-05-22 17:34:55;1779464095;3050;34,4;46;69;13,9;2,9;18110
2058314;2026-05-22 17:34:55;1779464095;3050;33,8;49;69;13,9;2,9;18123
2058823;2026-05-22 17:34:56;1779464096;3050;33,6;49;69;13,9;2,9;18136
2059362;2026-05-22 17:34:56;1779464096;3000;33,8;49;69;13,9;2,9;18148
2059933;2026-05-22 17:34:57;1779464097;2900;25,0;100;69;13,9;2,9;18163
2060468;2026-05-22 17:34:57;1779464097;2800;24,6;100;69;13,9;2,9;18176
2060981;2026-05-22 17:34:58;1779464098;2750;24,6;100;69;13,9;2,9;18188
2061497;2026-05-22 17:34:58;1779464098;2700;24,4;100;69;13,9;2,9;18200
2062032;2026-05-22 17:34:59;1779464099;2650;24,2;100;69;13,7;2,9;18210
2062566;2026-05-22 17:34:59;1779464099;2550;24,2;100;69;13,7;2,9;18222
2063099;2026-05-22 17:35:00;1779464100;2450;23,8;100;69;13,7;2,9;18233
2063612;2026-05-22 17:35:00;1779464100;2400;23,8;100;69;13,7;2,9;18244
2064147;2026-05-22 17:35:01;1779464101;2300;23,6;100;69;13,7;2,9;18253
2064779;2026-05-22 17:35:02;1779464102;2150;23,4;100;69;13,7;2,9;18264
2065314;2026-05-22 17:35:02;1779464102;2050;23,2;100;69;13,7;2,9;18274
2065822;2026-05-22 17:35:03;1779464103;1950;23,2;100;69;13,7;2,9;18282
2066419;2026-05-22 17:35:03;1779464103;1850;23,0;100;69;13,9;2,9;18291
2066954;2026-05-22 17:35:04;1779464104;1800;22,6;100;69;13,9;2,9;18298
2067487;2026-05-22 17:35:04;1779464104;1700;22,4;100;69;13,9;2,9;18306
2068098;2026-05-22 17:35:05;1779464105;1650;22,2;100;69;13,9;2,9;18315
2068659;2026-05-22 17:35:05;1779464105;1600;22,0;100;69;13,9;2,9;18322
2069198;2026-05-22 17:35:06;1779464106;1550;21,2;100;69;13,9;2,9;18328
2069817;2026-05-22 17:35:07;1779464107;1500;20,6;100;69;13,9;2,9;18336
2070354;2026-05-22 17:35:07;1779464107;1500;20,6;100;69;13,9;2,9;18343
2070891;2026-05-22 17:35:08;1779464108;1500;20,6;100;69;14,1;2,9;18350
2071565;2026-05-22 17:35:08;1779464108;1500;20,6;100;69;14,1;2,9;18357
2072101;2026-05-22 17:35:09;1779464109;1500;21,2;100;69;14,1;2,9;18364
2072634;2026-05-22 17:35:09;1779464109;1550;23,0;76;69;14,1;2,9;18371
2073258;2026-05-22 17:35:10;1779464110;1500;21,2;100;69;14,1;2,9;18379
2073818;2026-05-22 17:35:11;1779464111;1400;19,2;100;69;14,1;2,9;18385
2074352;2026-05-22 17:35:11;1779464111;1350;19,2;100;69;14,1;2,9;18391
2074978;2026-05-22 17:35:12;1779464112;1350;18,6;100;69;14,1;2,9;18398
2075514;2026-05-22 17:35:12;1779464112;1300;18,0;100;69;14,1;2,9;18403
2076051;2026-05-22 17:35:13;1779464113;1300;17,2;100;69;14,1;2,9;18409
2076682;2026-05-22 17:35:13;1779464113;1250;17,2;100;69;14,1;2,9;18415
2077216;2026-05-22 17:35:14;1779464114;1200;16,6;100;69;14,1;2,9;18420
2077751;2026-05-22 17:35:15;1779464115;1200;16,6;84;69;14,1;2,9;18426
2078378;2026-05-22 17:35:15;1779464115;2100;23,6;84;69;14,1;2,9;18435
2078894;2026-05-22 17:35:16;1779464116;2150;23,8;84;69;14,1;2,9;18444
2079432;2026-05-22 17:35:16;1779464116;2150;23,8;84;69;13,9;2,9;18453
2080019;2026-05-22 17:35:17;1779464117;2000;25,0;72;69;13,9;2,9;18462
2080554;2026-05-22 17:35:17;1779464117;1500;19,2;100;69;14,1;2,9;18469
2081091;2026-05-22 17:35:18;1779464118;1250;16,6;100;69;14,1;2,9;18474
2081681;2026-05-22 17:35:18;1779464118;1150;16,6;100;69;14,1;2,9;18480
2082215;2026-05-22 17:35:19;1779464119;1150;16,0;100;69;14,1;3,0;18484
2082748;2026-05-22 17:35:20;1779464120;1150;15,2;100;69;14,1;3,0;18489
2083378;2026-05-22 17:35:20;1779464120;1050;14,6;100;69;14,1;3,0;18495
2083887;2026-05-22 17:35:21;1779464121;1000;14,0;100;69;14,1;3,0;18499
2084424;2026-05-22 17:35:21;1779464121;1000;14,0;100;69;14,1;2,9;18503
2085058;2026-05-22 17:35:22;1779464122;950;13,4;100;69;13,9;2,9;18508
2085587;2026-05-22 17:35:22;1779464122;1050;14,0;100;69;13,9;2,9;18512
2086136;2026-05-22 17:35:23;1779464123;1000;12,8;100;69;13,9;2,9;18516
2086800;2026-05-22 17:35:24;1779464124;950;12,8;100;69;13,9;2,9;18521
2087337;2026-05-22 17:35:24;1779464124;950;13,4;100;69;13,9;2,9;18525
2087869;2026-05-22 17:35:25;1779464125;950;12,8;100;69;14,1;2,9;18529
2088497;2026-05-22 17:35:25;1779464125;950;12,8;100;69;14,1;2,9;18534
2089034;2026-05-22 17:35:26;1779464126;900;13,4;100;69;14,1;2,9;18538
2089597;2026-05-22 17:35:26;1779464126;950;13,4;100;69;14,1;3,0;18542
2090179;2026-05-22 17:35:27;1779464127;900;13,4;100;69;14,1;3,0;18546
2090710;2026-05-22 17:35:27;1779464127;950;13,4;100;69;14,1;3,0;18550
2091242;2026-05-22 17:35:28;1779464128;950;13,4;100;69;14,1;3,0;18554
2091805;2026-05-22 17:35:29;1779464129;950;13,4;100;69;14,1;3,0;18558
2092330;2026-05-22 17:35:29;1779464129;950;13,4;100;69;14,1;2,9;18562
2092872;2026-05-22 17:35:30;1779464130;900;12,8;100;69;14,1;2,9;18566
2093409;2026-05-22 17:35:30;1779464130;950;13,4;100;69;14,1;2,9;18570
2093936;2026-05-22 17:35:31;1779464131;950;12,8;100;69;14,1;2,9;18574
2094446;2026-05-22 17:35:31;1779464131;950;12,8;100;69;14,1;2,9;18578
2094983;2026-05-22 17:35:32;1779464132;950;13,4;100;69;14,1;2,9;18582
2095497;2026-05-22 17:35:32;1779464132;900;12,8;100;69;14,1;2,9;18585
2096033;2026-05-22 17:35:33;1779464133;950;12,8;100;69;14,1;2,9;18589
2096573;2026-05-22 17:35:33;1779464133;950;13,4;100;69;14,1;2,9;18593
2097198;2026-05-22 17:35:34;1779464134;950;13,4;100;69;14,1;2,9;18598
2097728;2026-05-22 17:35:34;1779464134;900;12,8;100;69;14,1;2,9;18602
2098263;2026-05-22 17:35:35;1779464135;950;13,4;100;69;14,1;2,9;18606
2098792;2026-05-22 17:35:36;1779464136;950;13,4;100;69;14,1;2,9;18610
2099314;2026-05-22 17:35:36;1779464136;900;12,8;100;69;14,1;2,9;18614
2099850;2026-05-22 17:35:37;1779464137;950;13,4;100;69;14,1;2,9;18618
2100384;2026-05-22 17:35:37;1779464137;900;12,8;100;69;14,1;3,0;18622
2100899;2026-05-22 17:35:38;1779464138;950;13,4;100;69;14,1;3,0;18625
2101410;2026-05-22 17:35:38;1779464138;950;13,4;100;69;14,1;3,0;18629
2101941;2026-05-22 17:35:39;1779464139;950;12,8;100;69;14,1;3,0;18633
2102578;2026-05-22 17:35:39;1779464139;950;13,4;100;69;14,1;3,0;18638
2103125;2026-05-22 17:35:40;1779464140;950;12,8;100;69;14,1;2,9;18642
2103658;2026-05-22 17:35:40;1779464140;950;13,4;100;69;14,1;2,9;18646
2104236;2026-05-22 17:35:41;1779464141;950;12,8;100;69;14,1;2,9;18650
2104770;2026-05-22 17:35:42;1779464142;950;13,4;100;69;14,1;2,9;18654
2105305;2026-05-22 17:35:42;1779464142;950;12,8;100;69;14,1;2,9;18658
2105836;2026-05-22 17:35:43;1779464143;950;13,4;100;69;14,1;2,9;18662
2106371;2026-05-22 17:35:43;1779464143;950;13,4;100;69;13,9;2,9;18666
2106890;2026-05-22 17:35:44;1779464144;900;13,4;100;69;13,9;2,9;18670
2107421;2026-05-22 17:35:44;1779464144;950;13,4;100;69;13,9;2,9;18674
2108012;2026-05-22 17:35:45;1779464145;950;13,4;100;69;13,9;2,9;18678
2108544;2026-05-22 17:35:45;1779464145;900;13,4;100;69;13,9;2,9;18682
2109107;2026-05-22 17:35:46;1779464146;950;13,4;100;69;13,9;2,9;18686
2109692;2026-05-22 17:35:46;1779464146;950;13,4;100;69;13,9;2,9;18691
2110230;2026-05-22 17:35:47;1779464147;950;13,4;100;69;13,9;2,9;18695
2110761;2026-05-22 17:35:48;1779464148;900;13,4;100;69;13,9;2,9;18699
2111336;2026-05-22 17:35:48;1779464148;950;12,8;100;69;13,9;2,9;18703
2111845;2026-05-22 17:35:49;1779464149;950;12,8;100;69;13,9;2,9;18706
2112382;2026-05-22 17:35:49;1779464149;950;12,8;100;69;13,9;2,9;18710
2112938;2026-05-22 17:35:50;1779464150;950;13,4;100;69;13,9;2,9;18715
2113484;2026-05-22 17:35:50;1779464150;950;13,4;100;69;13,9;2,9;18719
2114017;2026-05-22 17:35:51;1779464151;900;13,4;100;69;13,9;2,9;18723
2114554;2026-05-22 17:35:51;1779464151;900;13,4;100;69;13,9;2,9;18726
2115090;2026-05-22 17:35:52;1779464152;950;12,8;100;69;13,9;2,9;18731
2115622;2026-05-22 17:35:52;1779464152;950;13,4;100;69;13,9;2,9;18734
2116259;2026-05-22 17:35:53;1779464153;900;13,4;100;69;13,9;2,9;18739
2116820;2026-05-22 17:35:54;1779464154;950;13,4;100;69;13,9;3,0;18743
2117350;2026-05-22 17:35:54;1779464154;1300;18,6;75;69;14,1;3,0;18749
2117979;2026-05-22 17:35:55;1779464155;1850;23,6;83;69;14,1;3,0;18757
2118514;2026-05-22 17:35:55;1779464155;1950;23,8;83;69;14,1;2,9;18766
2119025;2026-05-22 17:35:56;1779464156;1950;24,2;81;69;14,1;2,9;18774
2119658;2026-05-22 17:35:56;1779464156;2050;24,6;78;69;14,1;2,9;18784
2120196;2026-05-22 17:35:57;1779464157;2050;25,2;76;69;13,9;2,9;18794
2120730;2026-05-22 17:35:57;1779464158;2100;25,2;76;69;13,9;2,9;18803
2121380;2026-05-22 17:35:58;1779464158;2150;26,8;68;69;13,9;2,9;18814
2121896;2026-05-22 17:35:59;1779464159;2200;26,8;68;69;13,9;2,9;18823
2122430;2026-05-22 17:35:59;1779464159;2200;27,4;67;69;13,9;2,9;18833
2123058;2026-05-22 17:36:00;1779464160;2050;26,8;75;69;13,9;3,0;18843
2123602;2026-05-22 17:36:00;1779464160;2100;23,6;88;69;13,9;3,0;18854
2124137;2026-05-22 17:36:01;1779464161;2200;23,6;91;69;13,9;2,9;18863
2124752;2026-05-22 17:36:02;1779464162;2750;24,6;91;69;13,9;2,9;18876
2125286;2026-05-22 17:36:02;1779464162;2800;24,6;91;69;13,9;2,9;18888
2125821;2026-05-22 17:36:03;1779464163;2850;24,6;91;69;13,9;2,9;18900
2126380;2026-05-22 17:36:03;1779464163;2900;24,8;91;69;13,9;3,0;18914
2126927;2026-05-22 17:36:04;1779464164;3000;24,8;91;69;13,9;2,9;18927
2127441;2026-05-22 17:36:04;1779464164;3000;25,6;91;69;13,9;2,9;18939
2127979;2026-05-22 17:36:05;1779464165;3100;26,2;91;69;13,9;3,0;18953
2128571;2026-05-22 17:36:05;1779464165;3200;27,4;92;69;13,9;2,9;18969
2129108;2026-05-22 17:36:06;1779464166;3200;28,0;91;69;13,9;2,9;18982
2129618;2026-05-22 17:36:06;1779464166;3300;28,6;91;69;13,9;2,9;18996
2130218;2026-05-22 17:36:07;1779464167;3350;29,2;91;69;13,9;2,9;19011
2130755;2026-05-22 17:36:08;1779464168;3400;30,0;91;69;13,9;2,9;19027
2131292;2026-05-22 17:36:08;1779464168;3500;30,0;89;69;13,9;2,9;19043
2131818;2026-05-22 17:36:09;1779464169;3550;30,0;88;69;14,1;2,9;19058
2132337;2026-05-22 17:36:09;1779464169;3600;30,0;88;69;14,1;2,9;19072
2132874;2026-05-22 17:36:10;1779464170;2800;24,6;91;69;13,9;2,9;19087
2133460;2026-05-22 17:36:10;1779464170;2800;24,6;89;69;13,9;2,9;19100
2133997;2026-05-22 17:36:11;1779464171;2800;24,6;89;69;13,9;2,9;19112
2134509;2026-05-22 17:36:11;1779464171;2850;24,6;88;69;13,9;2,9;19124
2135179;2026-05-22 17:36:12;1779464172;2800;24,6;88;69;13,9;2,9;19140
2135715;2026-05-22 17:36:12;1779464172;2850;24,2;88;69;13,9;2,9;19152
2136253;2026-05-22 17:36:13;1779464173;2100;23,4;100;69;13,9;2,9;19162
2136859;2026-05-22 17:36:14;1779464174;2100;23,4;100;69;13,9;2,9;19172
2137382;2026-05-22 17:36:14;1779464174;2150;23,4;100;69;13,9;2,9;19181
2137915;2026-05-22 17:36:15;1779464175;2050;23,2;100;69;13,7;2,9;19190
2138497;2026-05-22 17:36:15;1779464175;1900;23,0;100;69;13,7;2,9;19199
2139034;2026-05-22 17:36:16;1779464176;1800;23,0;100;69;13,7;2,9;19207
2139547;2026-05-22 17:36:16;1779464176;1750;22,4;100;69;13,7;2,9;19214
2140081;2026-05-22 17:36:17;1779464177;1600;21,2;100;69;13,7;2,9;19222
2140617;2026-05-22 17:36:17;1779464177;1400;18,6;100;69;13,7;2,9;19228
2141151;2026-05-22 17:36:18;1779464178;1300;18,0;100;69;13,7;2,9;19233
2141689;2026-05-22 17:36:18;1779464178;1250;17,2;100;69;13,7;2,9;19238
2142224;2026-05-22 17:36:19;1779464179;1150;16,6;100;69;13,7;2,9;19244
2142759;2026-05-22 17:36:20;1779464180;1200;16,6;100;69;13,9;2,9;19249
2143293;2026-05-22 17:36:20;1779464180;1700;17,2;75;69;13,9;2,9;19255
2143819;2026-05-22 17:36:21;1779464181;2050;23,8;84;69;13,9;2,9;19264
2144365;2026-05-22 17:36:21;1779464181;2150;23,8;84;69;13,7;2,9;19273
2144935;2026-05-22 17:36:22;1779464182;2150;23,8;84;69;13,7;2,9;19283
2145539;2026-05-22 17:36:22;1779464182;2150;24,0;81;69;13,9;2,9;19294
2146074;2026-05-22 17:36:23;1779464183;1750;22,2;100;69;13,9;2,9;19301
2146609;2026-05-22 17:36:23;1779464183;1350;18,6;100;69;14,1;2,9;19307
2147225;2026-05-22 17:36:24;1779464184;1400;20,0;100;69;14,1;2,9;19314
2147773;2026-05-22 17:36:25;1779464185;1450;20,0;100;69;14,1;2,9;19321
2148308;2026-05-22 17:36:25;1779464185;1500;20,6;100;69;13,9;2,9;19327
2148938;2026-05-22 17:36:26;1779464186;1500;20,6;100;69;13,9;2,9;19335
2149476;2026-05-22 17:36:26;1779464186;1500;20,6;100;69;13,9;2,9;19342
2149991;2026-05-22 17:36:27;1779464187;1500;20,6;100;69;13,9;2,9;19347
2150619;2026-05-22 17:36:27;1779464187;1500;21,2;100;69;13,9;2,9;19356
2151160;2026-05-22 17:36:28;1779464188;1550;21,2;100;69;13,9;2,9;19363
2151692;2026-05-22 17:36:28;1779464188;1550;21,2;100;69;14,1;2,9;19369
2152305;2026-05-22 17:36:29;1779464189;1550;21,2;100;69;14,1;2,9;19377
2152841;2026-05-22 17:36:30;1779464190;1550;21,2;100;69;14,1;2,9;19384
2153376;2026-05-22 17:36:30;1779464190;1550;21,2;100;69;13,9;2,9;19391
2154019;2026-05-22 17:36:31;1779464191;1600;22,0;100;69;13,9;2,9;19398
2154564;2026-05-22 17:36:31;1779464191;1550;21,2;100;69;13,9;3,0;19406
2155076;2026-05-22 17:36:32;1779464192;1600;22,0;100;69;13,9;3,0;19412
2155658;2026-05-22 17:36:32;1779464192;1600;22,0;100;69;13,9;3,0;19420
2156194;2026-05-22 17:36:33;1779464193;1600;22,0;100;69;13,9;2,9;19427
2156732;2026-05-22 17:36:34;1779464194;1550;22,0;100;69;13,9;2,9;19434
2157338;2026-05-22 17:36:34;1779464194;1550;22,0;100;69;13,9;2,9;19441
2157851;2026-05-22 17:36:35;1779464195;1550;21,2;100;69;14,1;2,9;19448
2158500;2026-05-22 17:36:35;1779464195;1550;22,0;100;69;14,1;2,9;19457
2159018;2026-05-22 17:36:36;1779464196;1550;21,2;100;69;14,1;3,0;19463
2159553;2026-05-22 17:36:36;1779464196;1550;21,2;100;69;13,9;3,0;19469
2160118;2026-05-22 17:36:37;1779464197;1700;27,2;61;69;13,9;3,0;19476
2160698;2026-05-22 17:36:37;1779464197;2150;24,4;81;69;13,9;2,9;19487
2161241;2026-05-22 17:36:38;1779464198;2300;23,6;86;69;13,9;2,9;19498
2161778;2026-05-22 17:36:39;1779464199;2300;23,6;88;69;13,9;2,9;19508
2162458;2026-05-22 17:36:39;1779464199;2550;24,4;91;69;13,9;2,9;19521
2163027;2026-05-22 17:36:40;1779464200;2800;24,6;91;69;13,9;2,9;19533
2163563;2026-05-22 17:36:40;1779464200;2800;24,4;91;69;13,7;2,9;19546
2164099;2026-05-22 17:36:41;1779464201;2850;24,6;91;69;13,7;2,9;19555
2164644;2026-05-22 17:36:41;1779464201;2900;24,6;91;69;13,9;2,9;19571
2165154;2026-05-22 17:36:42;1779464202;2850;24,6;91;69;13,9;2,9;19582
2165699;2026-05-22 17:36:42;1779464202;2950;24,8;91;69;13,9;2,9;19596
2166236;2026-05-22 17:36:43;1779464203;3000;24,8;91;69;13,9;2,9;19608
2166771;2026-05-22 17:36:44;1779464204;2950;24,8;91;69;13,9;2,9;19621
2167310;2026-05-22 17:36:44;1779464204;3000;25,0;91;69;13,7;2,9;19634
2167778;2026-05-22 17:36:45;1779464205;3050;25,0;91;69;13,9;2,9;19646
2168429;2026-05-22 17:36:45;1779464205;3050;25,6;91;69;13,9;2,9;19660
2168967;2026-05-22 17:36:46;1779464206;3050;26,2;92;69;13,9;2,9;19675
2169577;2026-05-22 17:36:46;1779464206;3150;26,2;91;69;13,7;2,9;19691
2170091;2026-05-22 17:36:47;1779464207;3150;26,2;92;69;13,7;2,9;19703
2170744;2026-05-22 17:36:48;1779464208;3200;27,4;100;69;13,9;2,9;19720
2171334;2026-05-22 17:36:48;1779464208;3150;27,4;100;69;13,9;2,9;19737
2171872;2026-05-22 17:36:49;1779464209;3250;28,0;100;69;13,9;2,9;19750
2172412;2026-05-22 17:36:49;1779464209;3250;28,0;100;69;13,9;2,9;19765
2172975;2026-05-22 17:36:50;1779464210;3300;29,2;100;69;13,9;2,9;19778
2173627;2026-05-22 17:36:50;1779464210;3350;29,2;100;69;13,9;2,9;19798
2174166;2026-05-22 17:36:51;1779464211;3350;30,0;100;69;13,9;2,9;19813
2174776;2026-05-22 17:36:52;1779464212;3400;30,0;100;69;14,1;2,9;19830
2175288;2026-05-22 17:36:52;1779464212;3400;30,0;92;69;14,1;2,9;19843
2175943;2026-05-22 17:36:53;1779464213;3400;30,0;92;69;14,1;2,9;19862
2176532;2026-05-22 17:36:53;1779464213;3450;30,0;92;69;14,1;2,9;19879
2177066;2026-05-22 17:36:54;1779464214;3500;30,0;92;69;14,1;2,9;19894
2177606;2026-05-22 17:36:54;1779464214;3550;30,0;92;69;14,1;2,9;19910
2178176;2026-05-22 17:36:55;1779464215;3500;30,0;92;69;14,1;2,9;19927
2178832;2026-05-22 17:36:56;1779464216;3600;30,0;92;69;14,1;2,9;19943
2179368;2026-05-22 17:36:56;1779464216;3600;30,0;100;69;14,1;2,9;19962
2179937;2026-05-22 17:36:57;1779464217;3600;30,0;100;69;14,1;2,9;19978
2180476;2026-05-22 17:36:57;1779464217;3600;30,0;100;69;14,1;2,9;19995
2181047;2026-05-22 17:36:58;1779464218;3650;30,0;100;69;14,1;2,9;20010
2181657;2026-05-22 17:36:58;1779464218;3600;30,0;100;69;14,1;2,9;20030
2182195;2026-05-22 17:36:59;1779464219;3600;30,0;100;69;14,1;2,9;20047
2182733;2026-05-22 17:37:00;1779464220;3650;30,0;92;69;14,1;2,9;20062
2183293;2026-05-22 17:37:00;1779464220;3600;30,0;92;69;14,1;2,9;20081
2183946;2026-05-22 17:37:01;1779464221;3700;30,0;91;69;14,1;2,9;20099
2184492;2026-05-22 17:37:01;1779464221;3750;30,0;91;69;14,1;2,9;20118
2185093;2026-05-22 17:37:02;1779464222;3700;30,0;91;69;14,1;2,9;20135
2185628;2026-05-22 17:37:02;1779464222;3700;30,0;91;69;14,1;2,9;20152
2186144;2026-05-22 17:37:03;1779464223;3750;30,0;91;69;14,1;2,9;20167
2186732;2026-05-22 17:37:04;1779464224;3750;30,0;91;69;14,1;2,9;20188
2187269;2026-05-22 17:37:04;1779464224;3750;30,0;91;69;14,1;2,8;20204
2187808;2026-05-22 17:37:05;1779464225;3800;30,0;91;69;14,1;2,8;20222
2188335;2026-05-22 17:37:05;1779464225;3750;30,0;91;69;14,1;2,8;20237
2188988;2026-05-22 17:37:06;1779464226;3800;30,0;91;69;14,1;2,8;20258
2189525;2026-05-22 17:37:06;1779464226;3800;30,0;88;69;14,1;2,8;20276
2190097;2026-05-22 17:37:07;1779464227;3750;30,0;89;69;14,1;2,9;20292
2190633;2026-05-22 17:37:07;1779464227;3800;30,0;88;69;14,1;2,8;20311
2191149;2026-05-22 17:37:08;1779464228;3800;30,0;88;69;14,1;2,8;20327
2191777;2026-05-22 17:37:09;1779464229;3800;30,0;88;69;14,1;2,8;20347
2192316;2026-05-22 17:37:09;1779464229;3750;30,0;88;69;14,1;2,8;20364
2192857;2026-05-22 17:37:10;1779464230;3800;30,0;88;69;14,1;2,8;20380
2193375;2026-05-22 17:37:10;1779464230;3800;30,0;88;69;14,1;2,8;20401
2194030;2026-05-22 17:37:11;1779464231;3850;30,0;88;69;14,1;2,8;20419
2194581;2026-05-22 17:37:11;1779464231;3850;30,0;88;69;14,1;2,8;20439
2195178;2026-05-22 17:37:12;1779464232;3850;30,0;88;69;14,1;2,8;20459
2195715;2026-05-22 17:37:12;1779464232;3850;30,0;88;69;14,1;2,8;20475
2196279;2026-05-22 17:37:13;1779464233;3900;30,0;88;69;14,1;2,9;20493
2196895;2026-05-22 17:37:14;1779464234;3850;30,4;84;69;14,1;2,9;20513
2197432;2026-05-22 17:37:14;1779464234;3900;30,4;84;69;14,1;2,8;20529
2197968;2026-05-22 17:37:15;1779464235;3950;30,4;84;69;14,1;2,8;20540
2198575;2026-05-22 17:37:15;1779464235;3950;30,4;84;69;14,1;2,8;20557
2199090;2026-05-22 17:37:16;1779464236;3900;30,4;84;69;14,1;2,9;20570
2199744;2026-05-22 17:37:17;1779464237;4000;30,4;84;69;14,1;2,9;20585
2200254;2026-05-22 17:37:17;1779464237;3850;30,4;84;69;14,1;2,9;20601
2200791;2026-05-22 17:37:18;1779464238;4000;30,4;84;69;14,1;2,8;20612
2201311;2026-05-22 17:37:18;1779464238;3950;30,4;84;69;14,1;2,9;20622
2201856;2026-05-22 17:37:19;1779464239;4050;30,4;84;69;14,1;2,9;20634
2202392;2026-05-22 17:37:19;1779464239;4000;30,4;84;69;14,1;2,8;20642
2202929;2026-05-22 17:37:20;1779464240;4000;30,4;84;69;14,1;2,8;20652
2203413;2026-05-22 17:37:20;1779464240;4000;30,4;84;69;14,1;2,8;20660
2204067;2026-05-22 17:37:21;1779464241;4000;30,4;84;69;14,1;2,8;20671
2204615;2026-05-22 17:37:21;1779464241;4000;30,4;84;69;14,1;2,8;20680
2205139;2026-05-22 17:37:22;1779464242;4050;30,4;84;69;14,1;2,8;20690
2205675;2026-05-22 17:37:22;1779464242;4000;30,4;84;69;14,1;2,8;20699
2206243;2026-05-22 17:37:23;1779464243;4050;30,4;84;69;14,1;2,9;20709
2206899;2026-05-22 17:37:24;1779464244;4050;30,4;84;69;14,1;2,9;20720
2207438;2026-05-22 17:37:24;1779464244;4050;30,4;84;69;14,1;2,8;20728
2207975;2026-05-22 17:37:25;1779464245;4050;30,4;84;69;14,1;2,8;20738
2208573;2026-05-22 17:37:25;1779464245;4050;30,4;84;69;14,1;2,8;20749
2209225;2026-05-22 17:37:26;1779464246;4050;30,4;84;69;14,1;2,8;20759
2209766;2026-05-22 17:37:27;1779464247;4100;30,4;84;69;14,1;2,9;20769
2210299;2026-05-22 17:37:27;1779464247;4050;30,4;84;69;14,1;2,9;20778
2210817;2026-05-22 17:37:28;1779464248;4050;30,4;84;69;14,1;2,8;20787
2211476;2026-05-22 17:37:28;1779464248;4050;30,4;84;69;14,1;2,8;20797
2212059;2026-05-22 17:37:29;1779464249;4050;30,4;84;69;14,1;2,8;20807
2212596;2026-05-22 17:37:29;1779464249;4050;30,4;84;69;14,1;2,8;20816
2213159;2026-05-22 17:37:30;1779464250;4100;30,4;84;69;14,1;2,8;20825
2213735;2026-05-22 17:37:31;1779464251;4050;30,4;84;69;14,1;2,8;20834
2214271;2026-05-22 17:37:31;1779464251;4050;30,4;84;69;14,1;2,8;20844
2214807;2026-05-22 17:37:32;1779464252;4050;30,4;84;69;14,1;2,8;20853
2215330;2026-05-22 17:37:32;1779464252;4100;30,4;84;69;14,1;2,8;20861
2215983;2026-05-22 17:37:33;1779464253;4050;30,4;84;69;14,1;2,9;20872
2216517;2026-05-22 17:37:33;1779464253;4050;30,4;84;69;14,1;2,9;20881
2217139;2026-05-22 17:37:34;1779464254;4050;30,4;84;69;14,1;2,8;20890
2217702;2026-05-22 17:37:34;1779464254;4100;30,4;84;69;14,1;2,8;20901
2218235;2026-05-22 17:37:35;1779464255;4100;30,4;84;69;14,1;2,8;20909
2218858;2026-05-22 17:37:36;1779464256;4150;30,4;84;69;14,1;2,8;20919
2219394;2026-05-22 17:37:36;1779464256;4100;30,4;84;69;14,1;2,8;20929
2219929;2026-05-22 17:37:37;1779464257;4100;30,4;84;69;14,1;2,8;20938
2220577;2026-05-22 17:37:37;1779464257;4100;30,4;84;69;14,1;2,9;20948
2221112;2026-05-22 17:37:38;1779464258;4100;30,4;84;69;14,1;2,9;20957
2221652;2026-05-22 17:37:38;1779464258;4100;30,4;84;69;14,1;2,8;20966
2222259;2026-05-22 17:37:39;1779464259;4100;30,4;84;69;14,1;2,8;20976
2222822;2026-05-22 17:37:40;1779464260;4100;30,4;84;69;14,1;2,8;20986
2223356;2026-05-22 17:37:40;1779464260;4100;30,4;84;69;14,1;2,8;20994
2223939;2026-05-22 17:37:41;1779464261;4100;30,4;84;69;14,1;2,8;21004
2224471;2026-05-22 17:37:41;1779464261;4100;30,4;84;69;14,1;2,8;21012
2225042;2026-05-22 17:37:42;1779464262;4100;30,4;84;69;14,1;2,9;21023
2225659;2026-05-22 17:37:42;1779464262;4100;30,4;84;69;14,1;2,9;21033
2226192;2026-05-22 17:37:43;1779464263;4100;30,4;84;69;14,1;2,8;21042
2226730;2026-05-22 17:37:43;1779464264;4100;30,4;84;69;14,1;2,8;21051
2227375;2026-05-22 17:37:44;1779464264;4100;30,4;84;69;14,1;2,8;21061
2227908;2026-05-22 17:37:45;1779464265;4100;30,4;84;69;14,1;2,8;21071
2228451;2026-05-22 17:37:45;1779464265;4150;30,4;84;69;14,1;2,8;21080
2229058;2026-05-22 17:37:46;1779464266;4150;30,4;84;69;14,1;2,9;21089
2229618;2026-05-22 17:37:46;1779464266;4100;30,4;84;69;14,1;2,9;21099
2230156;2026-05-22 17:37:47;1779464267;4150;30,4;84;69;14,1;2,8;21107
2230741;2026-05-22 17:37:48;1779464268;4100;30,4;84;69;14,1;2,8;21118
2231276;2026-05-22 17:37:48;1779464268;4100;30,4;84;69;14,1;2,8;21126
2231858;2026-05-22 17:37:49;1779464269;4100;30,4;84;69;14,1;2,8;21137
2232498;2026-05-22 17:37:49;1779464269;4100;30,4;84;69;14,1;2,9;21148
2233035;2026-05-22 17:37:50;1779464270;4100;30,4;84;69;14,1;2,9;21156
2233569;2026-05-22 17:37:50;1779464270;4050;30,4;84;69;14,1;2,8;21166
2234217;2026-05-22 17:37:51;1779464271;4100;30,4;84;69;14,1;2,8;21176
2234752;2026-05-22 17:37:52;1779464272;4050;30,4;84;69;14,1;2,8;21185
2235289;2026-05-22 17:37:52;1779464272;4100;30,4;84;69;14,1;2,8;21194
2235937;2026-05-22 17:37:53;1779464273;4050;30,4;84;69;14,1;2,8;21205
2236502;2026-05-22 17:37:53;1779464273;4050;30,4;84;69;14,1;2,8;21213
2237037;2026-05-22 17:37:54;1779464274;4050;30,4;83;69;14,1;2,9;21223
2237657;2026-05-22 17:37:54;1779464274;4000;31,8;76;69;14,1;2,9;21233
2238190;2026-05-22 17:37:55;1779464275;4000;31,8;76;69;14,1;2,8;21242
2238751;2026-05-22 17:37:56;1779464276;4000;31,8;76;69;14,3;2,8;21251
2239338;2026-05-22 17:37:56;1779464276;3950;31,8;76;69;14,3;2,9;21263
2239871;2026-05-22 17:37:57;1779464277;3950;34,2;65;69;14,3;2,9;21277
2240407;2026-05-22 17:37:57;1779464277;3950;34,8;61;69;14,3;2,9;21293
2241058;2026-05-22 17:37:58;1779464278;3650;30,0;100;69;14,3;2,8;21314
2241573;2026-05-22 17:37:58;1779464278;3500;30,0;100;69;14,1;2,9;21329
2242117;2026-05-22 17:37:59;1779464279;3600;30,0;100;69;14,1;2,9;21344
2242698;2026-05-22 17:37:59;1779464279;3550;30,0;100;69;14,1;2,9;21360
2243236;2026-05-22 17:38:00;1779464280;3450;30,0;100;69;14,1;2,9;21375
2243799;2026-05-22 17:38:01;1779464281;3400;30,0;100;69;14,1;2,9;21391
2244379;2026-05-22 17:38:01;1779464281;3350;29,2;100;69;14,1;2,9;21408
2244913;2026-05-22 17:38:02;1779464282;3300;29,2;100;69;14,1;2,9;21421
2245449;2026-05-22 17:38:02;1779464282;3300;28,6;100;69;14,1;2,9;21437
2246099;2026-05-22 17:38:03;1779464283;3200;28,0;100;69;14,1;2,9;21454
2246634;2026-05-22 17:38:03;1779464283;3150;27,4;100;69;13,9;2,9;21466
2247169;2026-05-22 17:38:04;1779464284;3150;26,2;100;69;13,9;2,9;21481
2247778;2026-05-22 17:38:05;1779464285;3100;26,2;100;69;13,9;2,9;21497
2248341;2026-05-22 17:38:05;1779464285;3050;25,6;100;69;13,9;2,9;21510
2248878;2026-05-22 17:38:06;1779464286;3000;25,0;100;69;13,9;2,9;21524
2249498;2026-05-22 17:38:06;1779464286;3300;32,0;76;69;13,9;2,9;21539
2250035;2026-05-22 17:38:07;1779464287;3250;29,2;83;69;14,1;2,9;21553
2250597;2026-05-22 17:38:07;1779464287;3300;29,8;84;69;14,1;2,9;21570
2251179;2026-05-22 17:38:08;1779464288;3350;29,0;83;69;14,1;2,9;21586
2251715;2026-05-22 17:38:08;1779464288;3250;33,6;67;69;14,1;2,9;21600
2252257;2026-05-22 17:38:09;1779464289;3200;36,4;46;69;14,1;2,9;21615
2252937;2026-05-22 17:38:10;1779464290;3200;36,0;46;69;13,9;2,9;21631
2253472;2026-05-22 17:38:10;1779464290;3100;35,8;36;69;13,9;2,9;21645
2254005;2026-05-22 17:38:11;1779464291;3050;35,2;36;69;13,9;2,9;21659
2254618;2026-05-22 17:38:11;1779464291;3050;35,2;36;69;13,9;2,9;21673
2255152;2026-05-22 17:38:12;1779464292;3000;34,6;36;69;13,9;2,9;21687
2255729;2026-05-22 17:38:12;1779464292;3000;35,2;36;69;13,9;2,9;21702
2256378;2026-05-22 17:38:13;1779464293;3050;34,2;46;69;13,9;2,9;21717
2256911;2026-05-22 17:38:14;1779464294;3050;34,8;46;69;13,9;2,9;21731
2257447;2026-05-22 17:38:14;1779464294;3050;34,2;46;69;13,9;2,9;21745
2258056;2026-05-22 17:38:15;1779464295;3000;34,2;46;69;13,9;2,9;21759
2258590;2026-05-22 17:38:15;1779464295;3000;34,2;46;69;13,9;2,9;21773
2259126;2026-05-22 17:38:16;1779464296;3000;34,2;46;69;13,9;2,9;21786
2259778;2026-05-22 17:38:17;1779464297;3000;34,2;46;69;13,9;2,9;21801
2260343;2026-05-22 17:38:17;1779464297;2950;33,6;46;69;13,9;2,9;21816
2260876;2026-05-22 17:38:18;1779464298;3000;33,6;46;69;13,9;2,9;21829
2261498;2026-05-22 17:38:18;1779464298;2950;33,6;46;69;13,9;2,9;21843
2262037;2026-05-22 17:38:19;1779464299;2950;33,6;46;69;13,9;2,9;21857
2262604;2026-05-22 17:38:19;1779464299;3000;30,0;65;69;13,9;2,9;21871
2263218;2026-05-22 17:38:20;1779464300;3050;26,6;84;69;13,9;2,9;21886
2263754;2026-05-22 17:38:21;1779464301;3100;27,2;83;69;13,9;2,9;21900
2264288;2026-05-22 17:38:21;1779464301;3100;27,2;84;69;13,9;2,9;21914
2264896;2026-05-22 17:38:22;1779464302;3100;27,2;83;69;13,9;2,9;21928
2265437;2026-05-22 17:38:22;1779464302;3100;27,2;84;69;13,9;2,9;21942
2265968;2026-05-22 17:38:23;1779464303;3100;27,2;84;69;13,9;2,9;21957
2266502;2026-05-22 17:38:23;1779464303;3150;27,2;84;69;13,9;2,9;21971
2267090;2026-05-22 17:38:24;1779464304;3150;27,8;84;69;13,9;2,9;21984
2267609;2026-05-22 17:38:24;1779464304;3150;27,8;84;69;13,9;2,9;22000
2268144;2026-05-22 17:38:25;1779464305;3150;27,8;84;69;13,9;2,9;22013
2268654;2026-05-22 17:38:25;1779464305;3150;27,8;84;69;13,9;2,9;22027
2269199;2026-05-22 17:38:26;1779464306;3150;27,2;84;69;13,9;2,9;22040
2269762;2026-05-22 17:38:27;1779464307;3150;27,8;84;69;13,9;2,9;22056
2270376;2026-05-22 17:38:27;1779464307;3150;27,8;84;69;13,9;2,9;22071
2270912;2026-05-22 17:38:28;1779464308;3150;27,8;84;70;13,9;2,9;22085
2271447;2026-05-22 17:38:28;1779464308;3150;27,8;84;69;13,9;2,9;22097
2272057;2026-05-22 17:38:29;1779464309;3150;27,2;84;70;13,9;2,9;22115
2272590;2026-05-22 17:38:29;1779464309;3200;27,2;84;70;13,9;2,9;22126
2273125;2026-05-22 17:38:30;1779464310;3150;27,8;84;70;13,9;2,9;22143
2273700;2026-05-22 17:38:30;1779464310;3150;27,8;84;70;13,9;2,9;22157
2274260;2026-05-22 17:38:31;1779464311;3150;27,8;84;70;13,9;2,9;22171
2274793;2026-05-22 17:38:32;1779464312;3150;27,2;84;70;13,9;2,9;22184
2275375;2026-05-22 17:38:32;1779464312;3150;27,8;84;70;13,9;2,9;22201
2275917;2026-05-22 17:38:33;1779464313;3150;27,8;84;70;13,9;2,9;22214
2276432;2026-05-22 17:38:33;1779464313;3150;27,2;84;70;13,9;2,9;22227
2277058;2026-05-22 17:38:34;1779464314;3150;27,8;84;70;13,9;2,9;22244
2277593;2026-05-22 17:38:34;1779464314;3150;27,8;84;70;13,9;2,9;22258
2278133;2026-05-22 17:38:35;1779464315;3150;27,8;84;70;13,9;2,9;22272
2278820;2026-05-22 17:38:36;1779464316;3200;27,8;84;70;13,9;2,9;22289
2279365;2026-05-22 17:38:36;1779464316;3200;28,4;84;70;13,9;2,9;22305
2279899;2026-05-22 17:38:37;1779464317;3200;28,4;84;70;13,9;2,9;22318
2280499;2026-05-22 17:38:37;1779464317;3250;28,4;84;70;13,9;2,9;22334
2281035;2026-05-22 17:38:38;1779464318;3200;28,4;84;70;13,9;2,9;22348
2281599;2026-05-22 17:38:38;1779464318;3250;28,4;84;70;13,9;2,9;22363
2282178;2026-05-22 17:38:39;1779464319;3250;28,4;84;70;13,9;2,9;22378
2282716;2026-05-22 17:38:39;1779464319;3250;28,8;76;70;14,1;2,9;22393
2283250;2026-05-22 17:38:40;1779464320;3150;31,6;65;70;14,1;2,9;22407
2283895;2026-05-22 17:38:41;1779464321;3150;34,8;49;70;14,1;2,9;22423
2284429;2026-05-22 17:38:41;1779464321;3100;36,2;40;70;13,9;2,9;22437
2284964;2026-05-22 17:38:42;1779464322;3100;35,8;36;70;13,9;2,9;22451
2285579;2026-05-22 17:38:42;1779464322;3100;35,8;36;70;13,9;2,9;22465
2286154;2026-05-22 17:38:43;1779464323;3050;35,8;36;70;13,9;2,9;22480
2286689;2026-05-22 17:38:43;1779464323;3050;35,8;36;70;13,9;2,9;22494
2287338;2026-05-22 17:38:44;1779464324;3000;34,0;43;70;13,9;2,9;22509
2287872;2026-05-22 17:38:45;1779464325;3000;33,0;53;70;13,9;2,9;22523
2288437;2026-05-22 17:38:45;1779464325;2950;30,4;53;70;13,9;2,9;22536
2289018;2026-05-22 17:38:46;1779464326;2950;31,4;56;70;13,9;2,9;22550
2289566;2026-05-22 17:38:46;1779464326;2900;29,8;61;70;13,9;2,9;22564
2290104;2026-05-22 17:38:47;1779464327;2900;29,8;61;70;13,9;2,9;22577
2290734;2026-05-22 17:38:48;1779464328;2900;29,0;65;70;13,9;2,9;22591
2291273;2026-05-22 17:38:48;1779464328;2900;29,0;64;70;13,9;2,9;22604
2291810;2026-05-22 17:38:49;1779464329;2900;29,6;62;70;13,9;2,9;22617
2292418;2026-05-22 17:38:49;1779464329;2850;29,0;65;70;13,9;2,9;22631
2292984;2026-05-22 17:38:50;1779464330;2900;29,0;65;70;13,9;2,9;22645
2293523;2026-05-22 17:38:50;1779464330;2900;28,6;68;70;13,9;2,9;22658
2294138;2026-05-22 17:38:51;1779464331;2900;28,6;67;70;13,9;2,9;22671
2294673;2026-05-22 17:38:51;1779464331;2850;28,6;67;70;13,9;2,9;22683
2295208;2026-05-22 17:38:52;1779464332;2850;28,2;68;70;13,9;2,9;22697
2295854;2026-05-22 17:38:53;1779464333;2850;28,4;68;70;13,9;2,9;22712
2296396;2026-05-22 17:38:53;1779464333;2850;28,2;68;70;13,9;2,9;22724
2296930;2026-05-22 17:38:54;1779464334;2800;28,2;68;70;13,9;2,9;22737
2297537;2026-05-22 17:38:54;1779464334;2800;27,2;72;70;13,9;2,9;22751
2298107;2026-05-22 17:38:55;1779464335;2800;26,6;75;70;13,9;2,9;22763
2298644;2026-05-22 17:38:55;1779464335;2750;26,4;76;70;13,9;2,9;22776
2299258;2026-05-22 17:38:56;1779464336;2750;26,0;76;70;13,9;2,9;22791
2299804;2026-05-22 17:38:57;1779464337;2750;25,4;81;70;13,9;2,9;22802
2300365;2026-05-22 17:38:57;1779464337;2700;25,0;83;70;13,9;2,9;22815
2300978;2026-05-22 17:38:58;1779464338;2700;25,4;81;70;13,9;2,9;22829
2301515;2026-05-22 17:38:58;1779464338;2650;25,4;81;70;13,9;2,9;22840
2302049;2026-05-22 17:38:59;1779464339;2650;26,2;76;70;13,9;2,9;22853
2302694;2026-05-22 17:38:59;1779464339;2650;26,0;76;70;13,9;2,9;22867
2303235;2026-05-22 17:39:00;1779464340;2650;27,0;72;70;13,9;2,9;22878
2303770;2026-05-22 17:39:01;1779464341;2600;27,6;68;70;13,9;2,9;22890
2304378;2026-05-22 17:39:01;1779464341;2600;27,6;68;70;13,9;2,9;22902
2304938;2026-05-22 17:39:02;1779464342;2550;28,0;67;70;13,9;2,9;22915
2305474;2026-05-22 17:39:02;1779464342;2550;28,0;65;70;13,9;2,9;22926
2306098;2026-05-22 17:39:03;1779464343;2550;28,2;65;70;13,9;2,9;22939
2306642;2026-05-22 17:39:03;1779464343;2500;28,8;62;70;13,9;2,9;22951
2307178;2026-05-22 17:39:04;1779464344;2500;29,0;61;70;13,9;2,9;22962
2307893;2026-05-22 17:39:05;1779464345;2500;29,4;61;70;13,9;2,9;22977
2308428;2026-05-22 17:39:05;1779464345;2450;28,8;61;70;13,9;2,9;22987
2308964;2026-05-22 17:39:06;1779464346;2350;23,6;100;70;13,9;2,9;22998
2309618;2026-05-22 17:39:06;1779464346;2300;23,6;100;70;14,1;2,9;23011
2310193;2026-05-22 17:39:07;1779464347;2300;23,6;100;70;14,1;2,9;23021
2310729;2026-05-22 17:39:07;1779464347;2250;23,6;100;70;14,1;2,9;23032
2311339;2026-05-22 17:39:08;1779464348;2200;23,4;100;70;14,1;2,9;23043
2311875;2026-05-22 17:39:09;1779464349;2200;23,4;100;70;14,1;2,9;23052
2312440;2026-05-22 17:39:09;1779464349;2150;23,4;100;70;14,1;2,9;23062
2313058;2026-05-22 17:39:10;1779464350;2100;23,4;100;70;14,1;2,9;23073
2313606;2026-05-22 17:39:10;1779464350;2050;23,2;100;70;14,1;2,9;23082
2314141;2026-05-22 17:39:11;1779464351;1950;23,2;100;70;13,9;2,9;23091
2314852;2026-05-22 17:39:12;1779464352;1900;23,0;100;70;13,9;2,9;23102
2315389;2026-05-22 17:39:12;1779464352;1800;23,0;100;70;13,9;2,9;23110
2315924;2026-05-22 17:39:13;1779464353;1750;22,6;100;70;13,9;2,9;23118
2316579;2026-05-22 17:39:13;1779464353;1700;22,4;100;70;13,9;2,9;23127
2317152;2026-05-22 17:39:14;1779464354;1650;22,2;100;70;13,9;2,9;23134
2317685;2026-05-22 17:39:14;1779464354;1650;22,2;100;70;13,9;2,9;23142
2318338;2026-05-22 17:39:15;1779464355;1650;22,2;100;70;14,1;2,9;23150
2318874;2026-05-22 17:39:16;1779464356;1650;22,2;100;70;14,1;2,9;23156
2319407;2026-05-22 17:39:16;1779464356;1650;26,0;100;70;14,1;2,9;23164
2320017;2026-05-22 17:39:17;1779464357;2050;24,8;78;70;14,1;2,9;23174
2320561;2026-05-22 17:39:17;1779464357;2200;24,4;80;70;14,1;2,9;23183
2321096;2026-05-22 17:39:18;1779464358;2200;24,6;81;70;13,9;2,9;23193
2321737;2026-05-22 17:39:19;1779464359;2050;29,8;68;70;13,9;2,9;23204
2322301;2026-05-22 17:39:19;1779464359;1700;22,4;100;70;14,1;2,9;23212
2322835;2026-05-22 17:39:20;1779464360;1650;22,2;100;70;14,1;2,9;23220
2323458;2026-05-22 17:39:20;1779464360;1600;22,0;100;70;14,1;2,9;23228
2324008;2026-05-22 17:39:21;1779464361;1600;22,0;100;70;14,1;2,9;23235
2324520;2026-05-22 17:39:21;1779464361;1600;24,8;56;70;14,1;2,9;23242
2325099;2026-05-22 17:39:22;1779464362;2050;25,0;78;70;14,1;2,9;23251
2325633;2026-05-22 17:39:22;1779464362;2100;24,4;81;70;14,1;2,9;23259
2326166;2026-05-22 17:39:23;1779464363;2100;24,4;81;70;14,1;2,9;23269
2326676;2026-05-22 17:39:23;1779464363;2150;24,4;81;70;14,1;2,9;23277
2327218;2026-05-22 17:39:24;1779464364;2150;24,4;81;70;14,1;2,9;23288
2327751;2026-05-22 17:39:25;1779464365;2150;24,4;81;70;14,1;2,9;23297
2328288;2026-05-22 17:39:25;1779464365;2150;24,4;81;70;14,1;2,9;23306
2328809;2026-05-22 17:39:26;1779464366;1900;25,4;65;70;14,1;2,9;23315
2329343;2026-05-22 17:39:26;1779464366;1400;19,2;100;70;14,1;2,9;23321
2329881;2026-05-22 17:39:27;1779464367;1400;19,2;100;70;13,9;2,9;23328
2330417;2026-05-22 17:39:27;1779464367;1400;19,2;100;70;13,9;2,9;23333
2330990;2026-05-22 17:39:28;1779464368;1300;18,0;100;70;13,9;2,9;23339
2331522;2026-05-22 17:39:28;1779464368;1200;16,6;100;70;13,9;2,9;23345
2332177;2026-05-22 17:39:29;1779464369;1150;16,0;100;70;13,9;2,9;23350
2332712;2026-05-22 17:39:29;1779464369;1050;15,2;100;70;13,9;2,9;23355
2333245;2026-05-22 17:39:30;1779464370;1000;14,0;100;70;13,9;2,9;23359
2333850;2026-05-22 17:39:31;1779464371;1000;13,4;100;70;13,9;2,9;23364
2334402;2026-05-22 17:39:31;1779464371;950;13,4;100;70;14,1;2,9;23368
2334933;2026-05-22 17:39:32;1779464372;1000;14,0;100;70;14,1;2,9;23373
2335578;2026-05-22 17:39:32;1779464372;950;13,4;100;70;14,1;2,9;23377
2336087;2026-05-22 17:39:33;1779464373;950;12,8;100;70;14,1;2,9;23381
2336619;2026-05-22 17:39:33;1779464373;950;12,8;100;70;14,1;3,0;23385
2337257;2026-05-22 17:39:34;1779464374;950;13,4;100;70;14,1;3,0;23389
2337799;2026-05-22 17:39:35;1779464375;950;13,4;100;70;14,1;3,0;23394
2338314;2026-05-22 17:39:35;1779464375;1650;23,4;77;70;14,1;3,0;23400
2338899;2026-05-22 17:39:36;1779464376;2000;23,6;84;70;14,1;2,9;23409
2339435;2026-05-22 17:39:36;1779464376;2050;23,8;84;70;14,1;2,9;23417
2339969;2026-05-22 17:39:37;1779464377;2100;24,0;83;70;14,1;2,9;23427
2340475;2026-05-22 17:39:37;1779464377;2150;24,4;78;70;14,1;2,9;23435
2341052;2026-05-22 17:39:38;1779464378;2250;25,4;76;70;13,9;2,9;23447
2341589;2026-05-22 17:39:38;1779464378;2350;25,6;75;70;13,9;2,9;23456
2342125;2026-05-22 17:39:39;1779464379;2300;23,6;86;70;13,9;2,9;23467
2342724;2026-05-22 17:39:39;1779464379;2300;23,6;86;70;13,9;2,9;23479
2343258;2026-05-22 17:39:40;1779464380;2400;23,8;86;70;13,9;2,9;23489
2343796;2026-05-22 17:39:41;1779464381;2450;24,0;86;70;13,9;2,9;23498
2344339;2026-05-22 17:39:41;1779464381;2500;24,4;84;70;13,9;2,9;23510
2344849;2026-05-22 17:39:42;1779464382;2550;24,4;84;70;13,9;2,9;23521
2345384;2026-05-22 17:39:42;1779464382;2600;24,6;84;70;13,9;2,9;23531
2345975;2026-05-22 17:39:43;1779464383;2700;24,6;83;70;13,9;2,9;23545
2346512;2026-05-22 17:39:43;1779464383;2300;24,0;84;70;13,9;2,9;23554
2347048;2026-05-22 17:39:44;1779464384;2250;24,0;84;70;13,9;2,9;23565
2347650;2026-05-22 17:39:44;1779464384;2300;24,0;84;70;13,9;2,9;23577
2348179;2026-05-22 17:39:45;1779464385;2300;24,0;84;70;13,9;2,9;23586
2348692;2026-05-22 17:39:45;1779464385;2300;24,0;84;70;13,9;2,9;23595
2349204;2026-05-22 17:39:46;1779464386;2300;24,2;83;70;13,9;2,9;23604
2349721;2026-05-22 17:39:46;1779464386;2350;24,2;83;70;13,9;2,9;23616
2350232;2026-05-22 17:39:47;1779464387;2350;24,4;83;70;13,9;2,9;23623
2350743;2026-05-22 17:39:48;1779464388;2350;24,4;83;70;13,9;2,9;23635
2351331;2026-05-22 17:39:48;1779464388;2400;24,4;83;70;13,9;2,9;23647
2351825;2026-05-22 17:39:49;1779464389;2400;24,8;81;70;13,9;2,9;23656
2352336;2026-05-22 17:39:49;1779464389;2400;24,8;81;70;13,9;2,9;23666
2352938;2026-05-22 17:39:50;1779464390;2450;24,8;81;70;13,9;2,9;23678
2353454;2026-05-22 17:39:50;1779464390;2450;25,0;81;70;13,9;2,9;23689
2354000;2026-05-22 17:39:51;1779464391;2500;25,0;81;70;13,9;2,9;23700
2354579;2026-05-22 17:39:51;1779464391;2500;25,0;80;70;13,9;2,9;23711
2355092;2026-05-22 17:39:52;1779464392;2550;25,0;80;70;13,9;2,9;23722
2355607;2026-05-22 17:39:52;1779464392;2550;25,4;78;70;13,9;2,9;23732
2356150;2026-05-22 17:39:53;1779464393;2550;25,4;78;70;13,9;2,9;23744
2356754;2026-05-22 17:39:54;1779464394;2550;25,6;78;70;13,9;2,9;23756
2357266;2026-05-22 17:39:54;1779464394;2550;25,4;78;70;13,9;2,9;23766
2357778;2026-05-22 17:39:55;1779464395;2600;25,6;78;70;13,9;2,9;23778
2358362;2026-05-22 17:39:55;1779464395;2600;25,6;78;70;13,9;2,9;23791
2358861;2026-05-22 17:39:56;1779464396;2600;25,8;76;70;13,9;2,9;23801
2359379;2026-05-22 17:39:56;1779464396;2600;26,0;76;70;13,9;2,9;23811
2359968;2026-05-22 17:39:57;1779464397;2600;27,6;75;70;13,9;2,9;23824
2360480;2026-05-22 17:39:57;1779464397;2550;27,6;68;70;13,9;2,9;23836
2360975;2026-05-22 17:39:58;1779464398;2550;27,8;67;70;13,9;2,9;23846
2361539;2026-05-22 17:39:58;1779464398;2550;28,2;65;70;13,9;2,9;23858
2362050;2026-05-22 17:39:59;1779464399;2500;31,4;54;70;13,9;2,9;23868
2362566;2026-05-22 17:39:59;1779464399;2500;32,0;51;70;13,9;2,9;23878
2363065;2026-05-22 17:40:00;1779464400;2450;32,0;51;70;13,9;2,9;23887
2363633;2026-05-22 17:40:00;1779464400;2450;32,0;51;70;13,9;2,9;23900
2364143;2026-05-22 17:40:01;1779464401;2450;32,2;49;70;13,9;2,9;23911
2364659;2026-05-22 17:40:01;1779464401;2450;32,0;49;70;13,9;2,9;23921
2365161;2026-05-22 17:40:02;1779464402;2500;32,2;49;70;13,9;2,9;23931
2365673;2026-05-22 17:40:02;1779464402;2350;23,6;100;70;13,9;2,9;23941
2366183;2026-05-22 17:40:03;1779464403;2250;23,6;100;70;13,9;2,9;23951
2366778;2026-05-22 17:40:04;1779464404;2200;23,4;100;70;13,9;2,9;23962
2367292;2026-05-22 17:40:04;1779464404;2200;23,4;100;70;14,1;2,9;23971
2367795;2026-05-22 17:40:05;1779464405;2200;23,4;100;70;14,1;2,9;23980
2368314;2026-05-22 17:40:05;1779464405;2150;23,4;100;70;14,1;2,9;23989
2368871;2026-05-22 17:40:06;1779464406;2150;23,4;100;70;14,1;2,9;23999
2369362;2026-05-22 17:40:06;1779464406;2100;23,4;100;70;14,1;2,9;24007
2369873;2026-05-22 17:40:07;1779464407;2100;23,4;100;70;14,1;2,9;24015
2370440;2026-05-22 17:40:07;1779464407;2050;23,2;100;70;13,9;2,9;24026
2370951;2026-05-22 17:40:08;1779464408;2050;23,2;100;70;13,9;2,9;24034
2371467;2026-05-22 17:40:08;1779464408;2000;23,2;100;70;13,9;2,9;24042
2372039;2026-05-22 17:40:09;1779464409;1900;23,0;100;70;13,7;2,9;24051
2372549;2026-05-22 17:40:09;1779464409;1800;23,0;100;70;13,7;2,9;24059
2373062;2026-05-22 17:40:10;1779464410;1700;22,6;100;70;13,9;2,9;24067
2373659;2026-05-22 17:40:10;1779464410;1650;22,0;100;70;13,9;2,9;24074
2374152;2026-05-22 17:40:11;1779464411;1500;20,0;100;70;13,9;2,9;24080
2374667;2026-05-22 17:40:11;1779464411;1400;18,6;100;70;13,7;2,9;24086
2375179;2026-05-22 17:40:12;1779464412;1250;17,2;100;70;13,7;2,9;24091
2375678;2026-05-22 17:40:12;1779464412;1150;16,0;100;70;13,7;2,9;24095
2376169;2026-05-22 17:40:13;1779464413;1050;13,4;100;70;13,7;2,9;24100
2376678;2026-05-22 17:40:13;1779464413;1000;13,4;100;70;13,7;2,9;24103
2377286;2026-05-22 17:40:14;1779464414;950;12,8;100;70;13,9;2,9;24108
2377798;2026-05-22 17:40:15;1779464415;900;12,8;100;70;13,9;2,9;24111
2378310;2026-05-22 17:40:15;1779464415;1000;14,0;100;70;13,9;2,9;24116
2378847;2026-05-22 17:40:16;1779464416;950;12,8;100;70;13,9;2,9;24120
2379357;2026-05-22 17:40:16;1779464416;950;12,8;100;70;13,9;2,9;24123
2379872;2026-05-22 17:40:17;1779464417;950;12,8;100;70;13,9;2,9;24127
2380528;2026-05-22 17:40:17;1779464417;950;12,8;100;70;13,9;2,9;24132
2381149;2026-05-22 17:40:18;1779464418;900;12,8;100;70;13,9;2,9;24136
2381660;2026-05-22 17:40:18;1779464418;950;12,8;100;70;13,9;2,9;24140
2382258;2026-05-22 17:40:19;1779464419;950;12,8;100;70;13,9;2,9;24145
2382766;2026-05-22 17:40:20;1779464420;900;12,8;100;70;13,9;2,9;24148
2383261;2026-05-22 17:40:20;1779464420;950;12,8;100;70;13,9;2,9;24152
2383774;2026-05-22 17:40:21;1779464421;900;12,8;100;70;13,9;2,9;24156
2384351;2026-05-22 17:40:21;1779464421;900;13,4;100;70;13,9;2,9;24160
2384864;2026-05-22 17:40:22;1779464422;950;12,8;100;70;13,9;2,9;24164
2385359;2026-05-22 17:40:22;1779464422;950;12,8;100;70;13,9;2,9;24168
2385921;2026-05-22 17:40:23;1779464423;900;12,8;100;70;13,9;2,9;24172
2386432;2026-05-22 17:40:23;1779464423;950;12,8;100;70;13,9;2,9;24175
2386944;2026-05-22 17:40:24;1779464424;900;12,8;100;70;13,9;2,9;24179
2387517;2026-05-22 17:40:24;1779464424;950;12,8;100;70;13,9;2,9;24183
2388028;2026-05-22 17:40:25;1779464425;950;13,4;100;70;14,1;2,9;24187
2388541;2026-05-22 17:40:25;1779464425;950;12,8;100;70;14,1;2,9;24191
2389097;2026-05-22 17:40:26;1779464426;900;12,8;100;70;14,1;2,9;24195
2389589;2026-05-22 17:40:26;1779464426;900;13,4;100;70;14,1;2,9;24198
2390102;2026-05-22 17:40:27;1779464427;950;13,4;100;70;14,1;2,9;24202
2390616;2026-05-22 17:40:27;1779464427;950;12,8;100;70;14,1;2,9;24206
2391189;2026-05-22 17:40:28;1779464428;950;12,8;100;70;14,1;2,9;24210
2391701;2026-05-22 17:40:28;1779464428;900;12,8;100;70;14,1;2,9;24214
2392198;2026-05-22 17:40:29;1779464429;900;12,8;100;70;14,1;2,9;24217
2392761;2026-05-22 17:40:30;1779464430;900;12,8;100;70;14,1;2,9;24222
2393273;2026-05-22 17:40:30;1779464430;950;12,8;100;70;14,1;2,9;24225
2393769;2026-05-22 17:40:31;1779464431;950;13,4;100;70;14,1;2,9;24229
2394369;2026-05-22 17:40:31;1779464431;950;13,4;100;70;14,1;2,9;24233
2394883;2026-05-22 17:40:32;1779464432;950;14,6;100;70;14,1;2,9;24238
2395393;2026-05-22 17:40:32;1779464432;1650;23,6;76;70;14,1;2,9;24244
2395979;2026-05-22 17:40:33;1779464433;1900;23,8;83;70;14,1;2,9;24252
2396474;2026-05-22 17:40:33;1779464433;2000;23,8;83;70;14,1;2,9;24260
2396987;2026-05-22 17:40:34;1779464434;2050;24,4;81;70;13,9;2,9;24269
2397498;2026-05-22 17:40:34;1779464434;2100;25,0;76;70;13,9;2,9;24277
2398073;2026-05-22 17:40:35;1779464435;2200;25,4;76;70;13,7;2,9;24288
2398579;2026-05-22 17:40:35;1779464435;2200;28,4;59;70;13,7;2,9;24297
2399201;2026-05-22 17:40:36;1779464436;2150;31,6;51;70;13,9;2,9;24308
2399793;2026-05-22 17:40:37;1779464437;2150;31,6;51;70;13,9;2,9;24318
2400305;2026-05-22 17:40:37;1779464437;1650;27,8;59;70;13,9;2,9;24325
2400799;2026-05-22 17:40:38;1779464438;1600;27,0;61;70;14,1;2,9;24331
2401400;2026-05-22 17:40:38;1779464438;1550;27,4;56;70;14,1;2,9;24339
2401919;2026-05-22 17:40:39;1779464439;2150;23,4;86;70;13,9;2,9;24348
2402433;2026-05-22 17:40:39;1779464439;2650;24,4;91;70;13,9;2,9;24357
2402939;2026-05-22 17:40:40;1779464440;2750;24,4;91;70;13,7;2,9;24369
2403485;2026-05-22 17:40:40;1779464440;2800;24,6;91;70;13,7;2,9;24382
2404000;2026-05-22 17:40:41;1779464441;2900;24,8;91;70;13,7;2,9;24393
2404579;2026-05-22 17:40:41;1779464441;3000;24,8;91;70;13,9;2,9;24406
2405098;2026-05-22 17:40:42;1779464442;3100;25,0;91;70;13,9;2,9;24419
2405648;2026-05-22 17:40:42;1779464442;3050;25,4;84;70;13,9;3,0;24433
2406378;2026-05-22 17:40:43;1779464443;2400;23,6;100;70;13,7;2,9;24448
2406890;2026-05-22 17:40:44;1779464444;1550;21,2;100;70;13,7;2,9;24456
2407403;2026-05-22 17:40:44;1779464444;1600;22,0;100;70;13,7;2,9;24463
2407901;2026-05-22 17:40:45;1779464445;1600;22,0;100;70;14,1;2,9;24469
2408523;2026-05-22 17:40:45;1779464445;1600;22,0;100;70;14,1;2,9;24477
2409033;2026-05-22 17:40:46;1779464446;1600;22,0;100;70;14,1;2,9;24483
2409544;2026-05-22 17:40:46;1779464446;1550;21,2;100;70;13,9;2,9;24490
2410108;2026-05-22 17:40:47;1779464447;1500;20,6;100;70;13,9;2,9;24497
2410731;2026-05-22 17:40:48;1779464448;1450;19,2;100;70;13,9;2,9;24504
2411240;2026-05-22 17:40:48;1779464448;1400;18,6;100;70;13,9;2,9;24510
2411842;2026-05-22 17:40:49;1779464449;1300;17,2;100;70;13,9;2,9;24517
2412337;2026-05-22 17:40:49;1779464449;1250;16,6;100;70;13,9;2,9;24521
2412958;2026-05-22 17:40:50;1779464450;1200;17,2;100;70;14,1;2,9;24527
2413559;2026-05-22 17:40:50;1779464450;1200;16,6;100;70;14,1;2,9;24533
2414071;2026-05-22 17:40:51;1779464451;1200;16,6;100;70;14,1;2,9;24538
2414560;2026-05-22 17:40:51;1779464451;1450;26,0;65;70;14,1;2,9;24544
2415171;2026-05-22 17:40:52;1779464452;1700;26,6;62;70;14,1;2,9;24552
2415681;2026-05-22 17:40:52;1779464452;1700;26,8;65;70;14,1;2,9;24559
2416192;2026-05-22 17:40:53;1779464453;1750;26,4;67;70;14,1;2,9;24566
2416820;2026-05-22 17:40:54;1779464454;1750;26,8;67;70;14,1;2,9;24576
2417321;2026-05-22 17:40:54;1779464454;1750;26,8;67;70;14,1;3,0;24583
2417944;2026-05-22 17:40:55;1779464455;1800;26,8;67;70;14,1;3,0;24592
2418542;2026-05-22 17:40:55;1779464455;1800;26,8;67;70;14,1;3,0;24601
2419062;2026-05-22 17:40:56;1779464456;1800;28,0;67;70;14,1;2,9;24608
2419554;2026-05-22 17:40:56;1779464456;1550;25,8;75;70;14,1;2,9;24615
2420258;2026-05-22 17:40:57;1779464457;1450;20,6;100;70;14,1;2,9;24623
2420770;2026-05-22 17:40:58;1779464458;1450;20,0;100;70;14,1;2,9;24629
2421283;2026-05-22 17:40:58;1779464458;1450;20,0;100;70;14,1;2,9;24635
2421787;2026-05-22 17:40:59;1779464459;1450;20,0;100;70;14,1;2,9;24641
2422353;2026-05-22 17:40:59;1779464459;1450;20,0;100;70;14,1;3,0;24647
2422866;2026-05-22 17:41:00;1779464460;1450;20,0;100;70;14,1;3,0;24653
2423376;2026-05-22 17:41:00;1779464460;1450;20,0;100;70;14,1;3,0;24660
2423947;2026-05-22 17:41:01;1779464461;1400;19,2;100;70;14,1;3,0;24666
2424572;2026-05-22 17:41:01;1779464461;1400;19,2;100;70;14,1;3,0;24673
2425084;2026-05-22 17:41:02;1779464462;1400;19,2;100;70;14,1;3,0;24680
2425642;2026-05-22 17:41:02;1779464462;1400;19,2;100;70;14,1;2,9;24686
2426136;2026-05-22 17:41:03;1779464463;1350;19,2;100;70;14,1;2,9;24691
2426757;2026-05-22 17:41:04;1779464464;1400;18,6;100;70;14,1;2,9;24697
2427361;2026-05-22 17:41:04;1779464464;1250;17,2;100;70;14,1;3,0;24704
2427871;2026-05-22 17:41:05;1779464465;1200;16,6;100;70;14,1;3,0;24709
2428384;2026-05-22 17:41:05;1779464465;1200;16,0;100;70;14,1;3,0;24714
2428915;2026-05-22 17:41:06;1779464466;1150;16,0;100;70;14,1;3,0;24719
2429537;2026-05-22 17:41:06;1779464466;1100;14,6;100;70;14,1;3,0;24725
2430048;2026-05-22 17:41:07;1779464467;1050;14,6;100;70;14,1;3,0;24729
2430647;2026-05-22 17:41:07;1779464467;1050;14,0;100;70;14,1;3,0;24734
2431192;2026-05-22 17:41:08;1779464468;1050;14,0;100;70;14,1;3,0;24738
2431815;2026-05-22 17:41:09;1779464469;1000;14,0;100;70;14,1;3,0;24743
2432331;2026-05-22 17:41:09;1779464469;1050;14,0;100;70;14,1;3,0;24748
2432838;2026-05-22 17:41:10;1779464470;1000;14,0;100;70;14,1;3,0;24752
2433334;2026-05-22 17:41:10;1779464470;1000;14,0;100;70;14,1;3,0;24756
2433938;2026-05-22 17:41:11;1779464471;1050;14,0;100;70;14,1;3,0;24761
2434451;2026-05-22 17:41:11;1779464471;1100;15,2;91;70;14,1;3,0;24765
2434963;2026-05-22 17:41:12;1779464472;1500;18,6;65;70;14,1;3,0;24771
2435464;2026-05-22 17:41:12;1779464472;1700;24,4;76;70;14,1;3,0;24778
2436075;2026-05-22 17:41:13;1779464473;1850;24,8;76;70;14,1;2,9;24787
2436585;2026-05-22 17:41:13;1779464473;1850;24,8;76;70;14,1;2,9;24794
2437096;2026-05-22 17:41:14;1779464474;1850;24,8;76;70;14,1;3,0;24803
2437637;2026-05-22 17:41:14;1779464474;1850;24,8;76;70;14,1;3,0;24810
2438260;2026-05-22 17:41:15;1779464475;1900;24,8;76;70;14,1;3,0;24820
2438781;2026-05-22 17:41:16;1779464476;1850;27,2;76;70;14,1;3,0;24828
2439369;2026-05-22 17:41:16;1779464476;1200;19,2;100;70;14,1;3,0;24835
2439913;2026-05-22 17:41:17;1779464477;1150;16,6;100;70;14,1;3,0;24839
2440534;2026-05-22 17:41:17;1779464477;1200;16,0;100;70;14,1;3,0;24846
2441091;2026-05-22 17:41:18;1779464478;1150;16,0;100;70;14,1;3,0;24851
2441599;2026-05-22 17:41:18;1779464478;1150;16,6;100;70;14,1;3,0;24856
2442111;2026-05-22 17:41:19;1779464479;1150;16,0;100;70;14,1;3,0;24861
2442723;2026-05-22 17:41:19;1779464479;1150;16,0;100;70;14,1;3,0;24866
2443344;2026-05-22 17:41:20;1779464480;1150;16,6;100;70;14,1;3,0;24872
2443854;2026-05-22 17:41:21;1779464481;1150;16,0;100;70;14,1;3,0;24877
2444459;2026-05-22 17:41:21;1779464481;1150;16,0;100;70;14,1;3,0;24883
2445006;2026-05-22 17:41:22;1779464482;1150;16,0;100;70;14,1;3,0;24888
2445522;2026-05-22 17:41:22;1779464482;1150;15,2;100;70;14,1;3,0;24893
2446179;2026-05-22 17:41:23;1779464483;1100;15,2;100;70;14,1;3,0;24898
2446692;2026-05-22 17:41:23;1779464483;1050;14,6;100;70;14,1;2,9;24902
2447191;2026-05-22 17:41:24;1779464484;1050;14,0;100;70;13,9;2,9;24906
2447820;2026-05-22 17:41:25;1779464485;1050;14,0;100;70;13,9;2,9;24912
2448330;2026-05-22 17:41:25;1779464485;1000;14,0;100;70;13,9;2,9;24916
2448839;2026-05-22 17:41:26;1779464486;1000;14,0;100;70;13,9;2,9;24920
2449404;2026-05-22 17:41:26;1779464486;1050;14,6;100;70;13,9;3,0;24924
2450028;2026-05-22 17:41:27;1779464487;1750;24,0;81;70;14,1;3,0;24933
2450538;2026-05-22 17:41:27;1779464487;1900;24,0;81;70;14,1;3,0;24939
2451141;2026-05-22 17:41:28;1779464488;1900;24,2;81;70;14,1;3,0;24949
2451631;2026-05-22 17:41:28;1779464488;1950;24,2;81;70;14,1;3,0;24957
2452255;2026-05-22 17:41:29;1779464489;1950;24,2;81;70;14,1;3,0;24968
2452860;2026-05-22 17:41:30;1779464490;1950;24,2;81;70;14,1;3,0;24976
2453371;2026-05-22 17:41:30;1779464490;1950;24,2;81;70;14,1;2,9;24985
2453881;2026-05-22 17:41:31;1779464491;1950;24,2;81;70;14,1;2,9;24993
2454524;2026-05-22 17:41:31;1779464491;1950;24,2;81;70;14,1;3,0;25004
2455149;2026-05-22 17:41:32;1779464492;1950;24,2;81;70;14,1;3,0;25013
2455663;2026-05-22 17:41:32;1779464492;1950;24,2;81;70;14,1;3,0;25020
2456260;2026-05-22 17:41:33;1779464493;2000;24,2;81;70;14,1;3,0;25031
2456802;2026-05-22 17:41:34;1779464494;2000;24,6;78;70;14,1;3,0;25038
2457425;2026-05-22 17:41:34;1779464494;1700;20,0;100;70;14,1;3,0;25049
2458009;2026-05-22 17:41:35;1779464495;1200;17,2;100;70;14,1;3,0;25054
2458521;2026-05-22 17:41:35;1779464495;1250;17,2;100;70;14,1;3,0;25059
2459024;2026-05-22 17:41:36;1779464496;1250;17,2;100;70;14,1;2,9;25064
2459618;2026-05-22 17:41:36;1779464496;1250;18,0;100;70;14,1;2,9;25071
2460131;2026-05-22 17:41:37;1779464497;1250;17,2;100;70;14,1;2,9;25076
2460643;2026-05-22 17:41:37;1779464497;1250;18,0;100;70;14,1;2,9;25081
2461139;2026-05-22 17:41:38;1779464498;1250;17,2;100;70;14,1;3,0;25086
2461712;2026-05-22 17:41:38;1779464498;1200;17,2;100;70;14,1;3,0;25092
2462224;2026-05-22 17:41:39;1779464499;1250;16,6;100;70;14,1;3,0;25097
2462737;2026-05-22 17:41:40;1779464500;1250;16,6;100;70;14,1;3,0;25102
2463315;2026-05-22 17:41:40;1779464500;1200;16,6;100;70;14,1;3,0;25108
2463940;2026-05-22 17:41:41;1779464501;1200;16,6;100;70;14,1;3,0;25114
2464450;2026-05-22 17:41:41;1779464501;1150;16,0;100;70;14,1;3,0;25119
2465045;2026-05-22 17:41:42;1779464502;1150;16,0;100;70;14,1;3,0;25124
2465590;2026-05-22 17:41:42;1779464502;1150;15,2;100;70;14,1;3,0;25128
2466108;2026-05-22 17:41:43;1779464503;1100;15,2;100;70;14,1;3,0;25134
2466679;2026-05-22 17:41:43;1779464503;1050;15,2;100;70;14,1;3,0;25139
2467194;2026-05-22 17:41:44;1779464504;1050;14,6;100;70;14,1;3,0;25143
2467704;2026-05-22 17:41:44;1779464504;1050;14,6;100;70;14,1;3,0;25147
2468271;2026-05-22 17:41:45;1779464505;1000;14,0;100;70;14,1;3,0;25152
2468893;2026-05-22 17:41:46;1779464506;1000;14,6;100;70;14,1;3,0;25157
2469415;2026-05-22 17:41:46;1779464506;1000;14,0;100;70;14,1;3,0;25161
2469970;2026-05-22 17:41:47;1779464507;1000;14,0;100;70;14,1;2,9;25166
2470466;2026-05-22 17:41:47;1779464507;1050;14,6;100;70;14,1;2,9;25170
2471090;2026-05-22 17:41:48;1779464508;1500;25,6;68;70;14,1;2,9;25177
2471688;2026-05-22 17:41:48;1779464508;1750;25,6;72;70;14,1;2,9;25185
2472199;2026-05-22 17:41:49;1779464509;1800;25,6;72;70;13,9;2,9;25193
2472703;2026-05-22 17:41:49;1779464509;1700;20,6;68;70;13,9;2,9;25200
2473258;2026-05-22 17:41:50;1779464510;1200;15,2;100;70;13,9;3,0;25205
2473768;2026-05-22 17:41:51;1779464511;1100;15,2;100;70;13,9;3,0;25210
2474280;2026-05-22 17:41:51;1779464511;1100;14,6;100;70;13,9;3,0;25214
2474778;2026-05-22 17:41:52;1779464512;1050;14,6;100;70;13,9;3,0;25218
2475393;2026-05-22 17:41:52;1779464512;1000;14,0;100;70;13,9;2,9;25223
2475929;2026-05-22 17:41:53;1779464513;1000;14,0;100;70;13,9;2,9;25227
2476473;2026-05-22 17:41:53;1779464513;1000;14,0;100;70;13,9;2,9;25231
2477040;2026-05-22 17:41:54;1779464514;950;13,4;100;70;13,9;2,9;25236
2477552;2026-05-22 17:41:54;1779464514;950;13,4;100;70;13,9;2,9;25240
2478063;2026-05-22 17:41:55;1779464515;1000;14,0;100;70;13,9;3,0;25244
2478649;2026-05-22 17:41:55;1779464515;950;13,4;100;70;14,1;3,0;25249
2479199;2026-05-22 17:41:56;1779464516;950;13,4;100;70;14,1;3,0;25253
2479711;2026-05-22 17:41:56;1779464516;1000;14,0;100;70;14,1;3,0;25257
2480217;2026-05-22 17:41:57;1779464517;1000;14,0;100;70;14,1;3,0;25261
2480725;2026-05-22 17:41:57;1779464517;1000;13,4;100;70;14,1;3,0;25265
2481276;2026-05-22 17:41:58;1779464518;1000;13,4;100;70;14,1;3,0;25269
2481938;2026-05-22 17:41:59;1779464519;1000;13,4;100;70;14,1;3,0;25274
2482447;2026-05-22 17:41:59;1779464519;1000;14,0;100;70;14,1;3,0;25277
2482960;2026-05-22 17:42:00;1779464520;950;12,8;100;70;14,1;3,0;25282
2483577;2026-05-22 17:42:00;1779464520;950;13,4;100;70;14,1;3,0;25286
2484088;2026-05-22 17:42:01;1779464521;950;13,4;100;70;14,1;3,0;25291
2484597;2026-05-22 17:42:01;1779464521;950;13,4;100;70;14,1;3,0;25294
2485105;2026-05-22 17:42:02;1779464522;1100;14,0;100;70;14,1;3,0;25299
2485698;2026-05-22 17:42:02;1779464522;1100;15,2;100;70;14,1;3,0;25304
2486211;2026-05-22 17:42:03;1779464523;1050;14,6;100;70;13,9;3,0;25308
2486721;2026-05-22 17:42:03;1779464523;1050;14,6;100;70;13,9;3,0;25312
2487329;2026-05-22 17:42:04;1779464524;1050;14,0;100;70;13,9;3,0;25318
2487930;2026-05-22 17:42:05;1779464525;1000;14,0;100;70;13,9;3,0;25322
2488440;2026-05-22 17:42:05;1779464525;1000;14,0;100;70;14,1;3,0;25326
2488977;2026-05-22 17:42:06;1779464526;950;13,4;100;70;14,1;3,0;25330
2489500;2026-05-22 17:42:06;1779464526;1000;14,0;100;70;14,1;3,0;25334
2489994;2026-05-22 17:42:07;1779464527;950;13,4;100;70;14,1;3,0;25338
2490700;2026-05-22 17:42:07;1779464527;950;13,4;100;70;14,1;3,0;25343
2491215;2026-05-22 17:42:08;1779464528;1000;13,4;100;70;14,1;3,0;25347
2491726;2026-05-22 17:42:08;1779464528;1000;14,0;100;70;14,1;3,0;25352
2492376;2026-05-22 17:42:09;1779464529;1000;13,4;100;70;14,1;3,0;25357
2492884;2026-05-22 17:42:10;1779464530;1000;14,0;100;70;14,1;3,0;25360
2493407;2026-05-22 17:42:10;1779464530;950;13,4;100;70;14,1;3,0;25365
2494019;2026-05-22 17:42:11;1779464531;950;13,4;100;70;14,1;3,0;25369
2494629;2026-05-22 17:42:11;1779464531;950;12,8;100;70;14,1;3,0;25374
2495141;2026-05-22 17:42:12;1779464532;950;12,8;100;70;14,1;3,0;25377
2495818;2026-05-22 17:42:13;1779464533;900;13,4;100;70;14,1;3,0;25383
2496331;2026-05-22 17:42:13;1779464533;900;13,4;100;70;14,1;3,0;25386
2496842;2026-05-22 17:42:14;1779464534;950;13,4;100;70;14,1;3,0;25390
2497496;2026-05-22 17:42:14;1779464534;950;13,4;100;70;14,1;3,0;25395
2498008;2026-05-22 17:42:15;1779464535;950;12,8;100;70;14,1;3,0;25399
2498522;2026-05-22 17:42:15;1779464535;950;13,4;100;70;14,1;3,0;25403
2499139;2026-05-22 17:42:16;1779464536;950;13,4;100;70;14,1;3,0;25407
2499642;2026-05-22 17:42:16;1779464536;950;13,4;100;70;14,1;3,0;25411
2500152;2026-05-22 17:42:17;1779464537;950;13,4;100;70;14,1;3,0;25415
2500662;2026-05-22 17:42:17;1779464537;950;13,4;100;70;14,1;3,0;25419
2501271;2026-05-22 17:42:18;1779464538;950;13,4;100;70;14,1;3,0;25423
2501876;2026-05-22 17:42:19;1779464539;950;13,4;100;70;14,1;3,0;25428
2502387;2026-05-22 17:42:19;1779464539;900;13,4;100;70;14,1;3,0;25432
2502953;2026-05-22 17:42:20;1779464540;950;13,4;100;70;14,1;3,0;25436
2503463;2026-05-22 17:42:20;1779464540;950;13,4;100;70;14,1;3,0;25440
2504011;2026-05-22 17:42:21;1779464541;950;12,8;100;70;14,1;3,0;25444
2504601;2026-05-22 17:42:21;1779464541;950;13,4;100;70;14,1;3,0;25448
2505114;2026-05-22 17:42:22;1779464542;950;13,4;100;70;14,1;3,0;25452
2505624;2026-05-22 17:42:22;1779464542;950;13,4;100;70;14,1;3,0;25455
2506170;2026-05-22 17:42:23;1779464543;950;13,4;100;70;14,1;3,0;25460
2506682;2026-05-22 17:42:23;1779464543;950;13,4;100;70;14,1;3,0;25463
2507191;2026-05-22 17:42:24;1779464544;950;13,4;100;70;14,1;3,0;25467
2507820;2026-05-22 17:42:25;1779464545;950;13,4;100;70;14,1;3,0;25472
2508333;2026-05-22 17:42:25;1779464545;950;13,4;100;70;14,1;3,0;25476
2508835;2026-05-22 17:42:26;1779464546;950;13,4;100;70;14,1;3,0;25480
2509345;2026-05-22 17:42:26;1779464546;950;13,4;100;70;14,1;3,0;25483
2509916;2026-05-22 17:42:27;1779464547;950;13,4;100;70;14,1;3,0;25487
2510430;2026-05-22 17:42:27;1779464547;950;12,8;100;70;14,1;3,0;25491
2510928;2026-05-22 17:42:28;1779464548;1150;16,6;100;70;14,1;3,0;25496
2511482;2026-05-22 17:42:28;1779464548;1300;18,0;100;70;14,1;3,0;25502
2511995;2026-05-22 17:42:29;1779464549;1350;18,0;100;70;13,9;3,0;25507
2512507;2026-05-22 17:42:29;1779464549;1300;18,0;100;70;13,9;3,0;25512
2513092;2026-05-22 17:42:30;1779464550;1300;18,0;100;70;13,9;3,0;25518
2513628;2026-05-22 17:42:30;1779464550;1250;17,2;100;70;13,9;3,0;25524
2514159;2026-05-22 17:42:31;1779464551;1300;18,0;100;70;13,9;3,0;25530
2514774;2026-05-22 17:42:32;1779464552;1300;18,0;100;70;13,9;3,0;25535
2515289;2026-05-22 17:42:32;1779464552;1300;18,0;100;70;13,9;3,0;25541
2515824;2026-05-22 17:42:33;1779464553;1300;18,0;100;70;14,1;2,9;25547
2516419;2026-05-22 17:42:33;1779464553;1250;17,2;100;70;14,1;2,9;25553
2516953;2026-05-22 17:42:34;1779464554;1250;18,0;100;70;14,1;2,9;25558
2517468;2026-05-22 17:42:34;1779464554;1300;18,0;100;70;14,1;2,9;25563
2518097;2026-05-22 17:42:35;1779464555;1300;17,2;100;70;14,1;2,9;25570
2518637;2026-05-22 17:42:35;1779464555;1250;17,2;100;70;14,1;2,9;25576
2519168;2026-05-22 17:42:36;1779464556;1250;17,2;100;70;14,1;3,0;25582
2519818;2026-05-22 17:42:37;1779464557;1250;17,2;100;70;13,9;3,0;25588
2520383;2026-05-22 17:42:37;1779464557;1250;17,2;100;70;13,9;3,0;25593
2520916;2026-05-22 17:42:38;1779464558;1300;17,2;100;70;13,9;3,0;25599
2521538;2026-05-22 17:42:38;1779464558;1250;17,2;100;70;13,9;3,0;25606
2522074;2026-05-22 17:42:39;1779464559;1250;16,6;100;70;13,9;3,0;25611
2522638;2026-05-22 17:42:39;1779464559;1300;17,2;100;70;13,9;3,0;25617
2523258;2026-05-22 17:42:40;1779464560;1250;17,2;100;70;13,9;2,9;25623
2523792;2026-05-22 17:42:41;1779464561;1300;17,2;100;70;14,1;2,9;25628
2524326;2026-05-22 17:42:41;1779464561;1300;17,2;100;70;14,1;2,9;25634
2524935;2026-05-22 17:42:42;1779464562;1300;17,2;100;70;14,1;2,9;25640
2525466;2026-05-22 17:42:42;1779464562;1300;17,2;100;70;14,1;2,9;25646
2526002;2026-05-22 17:42:43;1779464563;1250;17,2;100;70;14,1;2,9;25651
2526618;2026-05-22 17:42:43;1779464563;1250;17,2;100;70;14,1;2,9;25657
2527134;2026-05-22 17:42:44;1779464564;1250;17,2;100;70;14,1;2,9;25662
2527667;2026-05-22 17:42:44;1779464564;1250;17,2;100;70;14,1;2,9;25668
2528297;2026-05-22 17:42:45;1779464565;1300;17,2;100;70;14,1;2,9;25675
2528833;2026-05-22 17:42:46;1779464566;1250;17,2;100;70;14,1;2,9;25680
2529407;2026-05-22 17:42:46;1779464566;1250;17,2;100;70;13,9;3,0;25686
2530018;2026-05-22 17:42:47;1779464567;1300;17,2;100;70;13,9;3,0;25692
2530553;2026-05-22 17:42:47;1779464567;1300;17,2;100;70;13,9;3,0;25697
2531087;2026-05-22 17:42:48;1779464568;1300;17,2;100;70;13,9;3,0;25703
2531734;2026-05-22 17:42:49;1779464569;1250;17,2;100;70;13,9;3,0;25710
2532269;2026-05-22 17:42:49;1779464569;1250;17,2;100;70;13,9;3,0;25715
2532801;2026-05-22 17:42:50;1779464570;1250;17,2;100;70;13,9;3,0;25721
2533418;2026-05-22 17:42:50;1779464570;1250;17,2;100;70;14,1;2,9;25727
2533952;2026-05-22 17:42:51;1779464571;1250;17,2;100;70;14,1;2,9;25732
2534471;2026-05-22 17:42:51;1779464571;1300;17,2;100;70;14,1;2,9;25737
2535138;2026-05-22 17:42:52;1779464572;1250;17,2;100;70;14,1;2,9;25744
2535672;2026-05-22 17:42:52;1779464572;1250;17,2;100;70;14,1;2,9;25749
29825;2026-05-22 18:50:12;1779468612;1100;12,0;100;0;12,3;0,0;4
30348;2026-05-22 18:50:12;1779468612;1000;12,0;100;0;12,3;0,0;9
30881;2026-05-22 18:50:13;1779468613;950;12,0;100;65;12,3;0,0;13
31526;2026-05-22 18:50:13;1779468613;900;12,0;100;65;12,3;0,0;17
32062;2026-05-22 18:50:14;1779468614;1000;12,0;100;65;12,3;2,8;21
32579;2026-05-22 18:50:14;1779468614;900;12,0;100;65;12,6;2,8;25
33206;2026-05-22 18:50:15;1779468615;900;12,0;100;65;12,6;2,8;30
33738;2026-05-22 18:50:16;1779468616;900;12,0;100;65;12,6;2,8;34
34280;2026-05-22 18:50:16;1779468616;900;12,0;100;65;12,6;2,8;38
34920;2026-05-22 18:50:17;1779468617;900;12,0;100;65;12,8;2,9;43
35456;2026-05-22 18:50:17;1779468617;950;12,0;100;65;12,8;2,9;46
35988;2026-05-22 18:50:18;1779468618;1000;12,0;100;65;12,8;2,9;50
36607;2026-05-22 18:50:18;1779468618;950;12,0;100;65;12,8;2,9;55
37142;2026-05-22 18:50:19;1779468619;950;12,0;100;65;12,8;2,9;58
37654;2026-05-22 18:50:19;1779468619;900;12,0;100;65;12,8;2,9;62
38287;2026-05-22 18:50:20;1779468620;950;12,0;100;65;12,8;2,9;67
38821;2026-05-22 18:50:21;1779468621;900;12,0;100;65;12,8;2,9;71
39356;2026-05-22 18:50:21;1779468621;950;12,0;100;65;12,8;2,9;74
40043;2026-05-22 18:50:22;1779468622;950;12,0;100;65;12,8;3,0;80
40577;2026-05-22 18:50:22;1779468622;950;12,0;100;65;13,0;3,0;83
41109;2026-05-22 18:50:23;1779468623;950;12,0;100;65;13,0;3,0;88
41686;2026-05-22 18:50:23;1779468623;950;12,0;100;65;13,0;3,0;92
42259;2026-05-22 18:50:24;1779468624;950;12,0;100;65;13,0;3,0;96
42789;2026-05-22 18:50:25;1779468625;950;12,0;100;65;13,0;3,1;101
43407;2026-05-22 18:50:25;1779468625;1600;22,4;100;65;13,7;3,1;108
43937;2026-05-22 18:50:26;1779468626;1300;12,0;100;66;13,7;3,1;113
44456;2026-05-22 18:50:26;1779468626;1000;12,0;100;66;13,7;3,1;117
45127;2026-05-22 18:50:27;1779468627;1000;12,0;100;66;13,7;3,1;123
45667;2026-05-22 18:50:27;1779468627;1000;12,0;100;66;13,7;3,1;127
46200;2026-05-22 18:50:28;1779468628;1000;12,0;100;66;13,7;3,1;131
46762;2026-05-22 18:50:29;1779468629;950;12,0;100;66;13,7;3,1;135
47295;2026-05-22 18:50:29;1779468629;1000;12,0;100;66;13,7;3,1;139
47833;2026-05-22 18:50:30;1779468630;950;12,0;100;66;13,9;3,1;144
48364;2026-05-22 18:50:30;1779468630;950;12,0;100;66;13,9;3,1;148
48881;2026-05-22 18:50:31;1779468631;1000;12,0;100;66;13,9;3,1;152
49397;2026-05-22 18:50:31;1779468631;1000;12,0;100;66;13,9;3,1;156
49934;2026-05-22 18:50:32;1779468632;1000;12,0;100;66;13,9;3,1;159
50446;2026-05-22 18:50:32;1779468632;1000;12,0;100;66;13,7;3,1;164
50978;2026-05-22 18:50:33;1779468633;1000;12,0;100;66;13,7;3,1;168
51490;2026-05-22 18:50:33;1779468633;1000;12,0;100;66;13,7;3,1;171
52007;2026-05-22 18:50:34;1779468634;850;12,0;100;66;13,7;3,1;174
52536;2026-05-22 18:50:34;1779468634;850;12,0;100;66;13,7;3,1;178
53070;2026-05-22 18:50:35;1779468635;850;12,0;100;66;13,7;2,9;181
53682;2026-05-22 18:50:35;1779468635;850;12,0;100;66;13,0;2,9;186
54213;2026-05-22 18:50:36;1779468636;950;12,0;68;66;13,0;2,9;190
54745;2026-05-22 18:50:37;1779468637;1150;12,0;72;66;13,0;2,9;195
55367;2026-05-22 18:50:37;1779468637;1200;12,0;100;66;13,0;3,0;199
55890;2026-05-22 18:50:38;1779468638;800;12,0;100;66;13,0;3,0;202
56421;2026-05-22 18:50:38;1779468638;800;12,0;100;66;12,6;3,0;206
57008;2026-05-22 18:50:39;1779468639;900;12,0;100;66;12,6;3,0;210
57538;2026-05-22 18:50:39;1779468639;800;12,0;100;66;12,6;3,0;213
58074;2026-05-22 18:50:40;1779468640;850;12,0;100;66;12,6;3,0;216
58586;2026-05-22 18:50:40;1779468640;850;12,0;100;66;12,6;3,0;219
59120;2026-05-22 18:50:41;1779468641;850;12,0;100;66;12,6;3,0;222
59653;2026-05-22 18:50:41;1779468641;800;12,0;100;66;13,0;3,0;226
60167;2026-05-22 18:50:42;1779468642;850;12,0;100;66;13,0;3,0;229
60761;2026-05-22 18:50:43;1779468643;850;12,0;100;66;13,0;3,0;232
61293;2026-05-22 18:50:43;1779468643;800;12,0;100;66;13,0;3,0;236
61824;2026-05-22 18:50:44;1779468644;800;12,0;100;66;13,0;2,9;239
62364;2026-05-22 18:50:44;1779468644;800;12,0;100;66;12,6;2,9;243
62885;2026-05-22 18:50:45;1779468645;800;12,0;100;66;12,6;2,9;246
63415;2026-05-22 18:50:45;1779468645;800;12,0;100;66;12,6;2,9;249
63927;2026-05-22 18:50:46;1779468646;800;12,0;100;66;12,6;2,9;252
64461;2026-05-22 18:50:46;1779468646;800;12,0;100;66;12,6;2,9;255
65024;2026-05-22 18:50:47;1779468647;750;12,0;100;66;12,6;2,9;259
65648;2026-05-22 18:50:47;1779468647;800;12,0;100;66;13,2;2,9;263
66182;2026-05-22 18:50:48;1779468648;950;12,0;100;66;13,2;2,9;266
66712;2026-05-22 18:50:48;1779468648;800;12,0;100;66;13,2;2,9;270
67361;2026-05-22 18:50:49;1779468649;850;12,0;100;66;13,2;2,9;274
67892;2026-05-22 18:50:50;1779468650;850;12,0;100;66;13,2;2,9;277
68423;2026-05-22 18:50:50;1779468650;900;12,0;100;66;13,2;3,1;280
69046;2026-05-22 18:50:51;1779468651;800;12,0;100;66;14,1;3,1;284
69588;2026-05-22 18:50:51;1779468651;800;12,0;100;66;14,1;3,1;288
70105;2026-05-22 18:50:52;1779468652;1550;12,0;83;66;14,1;3,1;293
70687;2026-05-22 18:50:52;1779468652;1200;12,0;100;66;14,1;3,1;298
71221;2026-05-22 18:50:53;1779468653;950;12,0;100;66;14,1;3,4;302
71751;2026-05-22 18:50:54;1779468654;850;12,0;100;66;13,9;3,4;305
72262;2026-05-22 18:50:54;1779468654;850;12,0;100;66;13,9;3,4;309
72801;2026-05-22 18:50:55;1779468655;850;12,0;100;66;13,9;3,4;313
73330;2026-05-22 18:50:55;1779468655;900;12,0;100;66;13,9;3,4;316
73864;2026-05-22 18:50:56;1779468656;900;12,0;100;66;13,9;3,1;319
74395;2026-05-22 18:50:56;1779468656;900;12,0;100;66;14,1;3,1;323
74924;2026-05-22 18:50:57;1779468657;900;12,0;100;66;14,1;3,1;326
75456;2026-05-22 18:50:57;1779468657;850;12,0;100;66;14,1;3,1;330
75968;2026-05-22 18:50:58;1779468658;900;12,0;100;66;14,1;3,1;334
76481;2026-05-22 18:50:58;1779468658;850;12,0;100;66;14,1;3,1;337
77012;2026-05-22 18:50:59;1779468659;900;12,0;100;66;14,1;3,4;341
77647;2026-05-22 18:50:59;1779468659;900;12,0;100;66;13,9;3,4;345
78182;2026-05-22 18:51:00;1779468660;900;12,0;100;66;13,9;3,4;349
78714;2026-05-22 18:51:00;1779468660;1000;12,0;100;66;13,9;3,4;353
79292;2026-05-22 18:51:01;1779468661;950;12,0;100;66;13,9;3,4;357
79824;2026-05-22 18:51:02;1779468662;1000;12,0;100;66;13,9;3,4;361
80360;2026-05-22 18:51:02;1779468662;950;12,0;100;66;14,1;3,4;365
80870;2026-05-22 18:51:03;1779468663;950;12,0;100;66;14,1;3,4;369
81400;2026-05-22 18:51:03;1779468663;1050;12,0;68;66;14,1;3,4;374
81936;2026-05-22 18:51:04;1779468664;1250;12,0;68;66;14,1;3,1;379
82471;2026-05-22 18:51:04;1779468664;1900;26,4;68;66;13,9;3,1;387
83003;2026-05-22 18:51:05;1779468665;1350;12,0;100;66;13,9;3,1;393
83521;2026-05-22 18:51:05;1779468665;1100;12,0;100;66;13,9;3,1;398
84053;2026-05-22 18:51:06;1779468666;1050;12,0;100;66;13,9;3,1;402
84567;2026-05-22 18:51:06;1779468666;1050;12,0;100;66;14,1;3,1;407
85107;2026-05-22 18:51:07;1779468667;1000;12,0;100;66;14,1;3,1;411
85617;2026-05-22 18:51:07;1779468667;1050;12,0;100;66;14,1;3,1;415
86287;2026-05-22 18:51:08;1779468668;1000;12,0;100;66;14,1;3,4;420
86821;2026-05-22 18:51:09;1779468669;1000;12,0;100;66;13,9;3,4;424
87360;2026-05-22 18:51:09;1779468669;1000;12,0;100;66;13,9;3,4;428
87999;2026-05-22 18:51:10;1779468670;1150;12,0;78;66;13,9;3,4;435
88531;2026-05-22 18:51:10;1779468670;1350;12,0;68;66;13,9;3,0;440
89063;2026-05-22 18:51:11;1779468671;1800;12,0;86;66;13,9;3,0;446
89727;2026-05-22 18:51:11;1779468671;1950;22,4;100;66;13,9;3,0;458
90263;2026-05-22 18:51:12;1779468672;1350;12,0;100;66;13,9;3,4;463
90825;2026-05-22 18:51:13;1779468673;1100;12,0;100;66;13,9;3,4;468
91447;2026-05-22 18:51:13;1779468673;1100;12,0;100;66;13,9;3,4;474
91982;2026-05-22 18:51:14;1779468674;1050;12,0;100;66;13,9;3,4;478
92516;2026-05-22 18:51:14;1779468674;1700;12,0;68;66;14,1;3,1;484
93158;2026-05-22 18:51:15;1779468675;1250;12,0;100;66;14,1;3,1;490
93693;2026-05-22 18:51:15;1779468675;1150;12,0;100;66;14,1;3,1;495
94223;2026-05-22 18:51:16;1779468676;1100;12,0;100;66;14,1;3,1;499
94848;2026-05-22 18:51:17;1779468677;1050;12,0;100;66;14,1;3,1;505
95365;2026-05-22 18:51:17;1779468677;1000;12,0;100;66;14,1;3,1;509
95899;2026-05-22 18:51:18;1779468678;1000;12,0;100;66;14,1;3,1;513
96487;2026-05-22 18:51:18;1779468678;1150;12,0;100;66;14,1;3,1;519
97021;2026-05-22 18:51:19;1779468679;1050;12,0;100;66;13,9;3,1;524
97533;2026-05-22 18:51:19;1779468679;1050;12,0;100;66;13,9;3,1;528
98064;2026-05-22 18:51:20;1779468680;1050;12,0;100;66;13,9;3,1;532
98639;2026-05-22 18:51:20;1779468680;1000;12,0;100;66;13,9;3,1;537
99173;2026-05-22 18:51:21;1779468681;1000;12,0;100;66;13,9;3,4;541
99742;2026-05-22 18:51:22;1779468682;1050;12,0;100;66;13,9;3,4;546
100281;2026-05-22 18:51:22;1779468682;1000;12,0;100;66;13,9;3,4;550
100815;2026-05-22 18:51:23;1779468683;1000;12,0;100;66;13,9;3,4;554
101348;2026-05-22 18:51:23;1779468683;850;12,0;100;66;13,9;3,4;558
101838;2026-05-22 18:51:24;1779468684;850;12,0;100;66;13,9;3,1;561
102372;2026-05-22 18:51:24;1779468684;850;12,0;100;66;13,7;3,1;564
102916;2026-05-22 18:51:25;1779468685;850;12,0;100;66;13,7;3,1;567
103567;2026-05-22 18:51:25;1779468685;850;12,0;100;66;13,7;3,1;572
104103;2026-05-22 18:51:26;1779468686;850;12,0;100;66;13,7;3,1;575
104620;2026-05-22 18:51:26;1779468686;850;12,0;100;66;13,7;3,1;578
105287;2026-05-22 18:51:27;1779468687;850;12,0;100;66;14,1;3,1;583
105824;2026-05-22 18:51:28;1779468688;1200;12,0;100;66;14,1;3,1;588
106362;2026-05-22 18:51:28;1779468688;900;12,0;100;66;14,1;3,1;592
106997;2026-05-22 18:51:29;1779468689;950;12,0;100;66;14,1;3,1;597
107531;2026-05-22 18:51:29;1779468689;1000;12,0;100;66;14,1;3,4;601
108066;2026-05-22 18:51:30;1779468690;1500;23,0;81;66;13,9;3,4;607
108688;2026-05-22 18:51:30;1779468690;1500;12,0;100;66;13,9;3,4;615
109207;2026-05-22 18:51:31;1779468691;1000;12,0;100;66;13,9;3,4;618
109751;2026-05-22 18:51:32;1779468692;950;12,0;100;66;13,9;3,1;622
110368;2026-05-22 18:51:32;1779468692;950;12,0;100;66;13,9;3,1;627
110898;2026-05-22 18:51:33;1779468693;950;12,0;100;66;13,9;3,1;630
111410;2026-05-22 18:51:33;1779468693;950;12,0;84;66;13,9;3,1;634
112048;2026-05-22 18:51:34;1779468694;1750;23,0;84;66;13,9;3,1;641
112583;2026-05-22 18:51:34;1779468694;1950;23,6;84;66;13,9;3,1;649
113118;2026-05-22 18:51:35;1779468695;2000;23,8;83;66;13,9;3,1;659
113768;2026-05-22 18:51:36;1779468696;2100;24,4;81;66;13,9;3,1;669
114283;2026-05-22 18:51:36;1779468696;2150;24,4;81;66;13,9;3,1;679
114817;2026-05-22 18:51:37;1779468697;2300;24,6;81;66;13,7;3,1;688
115489;2026-05-22 18:51:37;1779468697;2400;25,4;77;66;13,7;3,1;702
116022;2026-05-22 18:51:38;1779468698;2500;25,8;76;66;13,9;3,1;711
116602;2026-05-22 18:51:38;1779468698;2200;24,0;84;66;13,7;3,1;723
117207;2026-05-22 18:51:39;1779468699;2200;24,0;83;66;13,7;3,1;734
117741;2026-05-22 18:51:40;1779468700;2250;24,2;83;66;13,9;3,1;744
118278;2026-05-22 18:51:40;1779468700;2250;24,6;81;66;13,9;3,1;753
118837;2026-05-22 18:51:41;1779468701;2250;24,6;81;66;13,7;3,1;764
119373;2026-05-22 18:51:41;1779468701;2250;23,4;100;66;13,7;3,1;774
119905;2026-05-22 18:51:42;1779468702;1750;23,0;100;66;13,7;3,1;781
120528;2026-05-22 18:51:42;1779468702;1750;22,6;100;66;13,9;3,1;790
121039;2026-05-22 18:51:43;1779468703;1700;22,4;100;66;13,9;3,1;797
121574;2026-05-22 18:51:43;1779468703;1700;22,2;100;66;14,1;3,1;805
122167;2026-05-22 18:51:44;1779468704;1600;22,0;100;66;14,1;3,1;812
122702;2026-05-22 18:51:44;1779468704;1600;22,0;100;66;14,1;3,1;819
123212;2026-05-22 18:51:45;1779468705;1500;12,0;100;66;14,1;3,1;826
123746;2026-05-22 18:51:46;1779468706;1400;12,0;100;66;14,1;3,1;832
124281;2026-05-22 18:51:46;1779468706;1450;12,0;100;66;14,1;3,1;839
124810;2026-05-22 18:51:47;1779468707;1900;24,2;81;66;14,1;3,1;846
125346;2026-05-22 18:51:47;1779468707;2150;23,8;84;66;14,1;3,1;855
125874;2026-05-22 18:51:48;1779468708;2400;23,6;86;66;13,9;3,1;865
126407;2026-05-22 18:51:48;1779468708;2050;23,4;91;66;13,9;3,1;874
126953;2026-05-22 18:51:49;1779468709;2700;24,4;91;66;13,9;3,1;887
127564;2026-05-22 18:51:49;1779468709;2800;24,6;91;66;13,9;3,1;901
128127;2026-05-22 18:51:50;1779468710;2850;27,0;91;66;13,9;3,1;913
128661;2026-05-22 18:51:50;1779468710;2000;23,2;100;66;13,9;3,1;921
129167;2026-05-22 18:51:51;1779468711;2050;23,2;100;66;13,9;3,1;931
129703;2026-05-22 18:51:51;1779468711;2050;23,2;100;66;13,9;3,1;940
130222;2026-05-22 18:51:52;1779468712;2000;23,2;100;66;13,9;3,1;947
130887;2026-05-22 18:51:53;1779468713;2000;23,2;100;66;13,9;3,1;959
131426;2026-05-22 18:51:53;1779468713;1950;23,2;100;66;13,9;3,1;968
131961;2026-05-22 18:51:54;1779468714;1900;23,0;100;66;13,9;3,1;976
132597;2026-05-22 18:51:54;1779468714;1850;23,0;100;66;13,9;3,1;986
133133;2026-05-22 18:51:55;1779468715;1700;22,2;100;66;13,9;3,1;993
133669;2026-05-22 18:51:55;1779468715;1600;22,2;100;66;13,9;3,1;1000
134288;2026-05-22 18:51:56;1779468716;1400;12,0;100;66;13,9;3,1;1008
134821;2026-05-22 18:51:57;1779468717;1300;12,0;100;66;13,9;3,1;1013
135338;2026-05-22 18:51:57;1779468717;1150;12,0;100;66;13,9;3,1;1018
136007;2026-05-22 18:51:58;1779468718;1100;12,0;100;66;14,1;3,1;1024
136538;2026-05-22 18:51:58;1779468718;1100;12,0;100;66;14,1;3,1;1029
137057;2026-05-22 18:51:59;1779468719;1100;12,0;100;66;14,1;3,1;1032
137687;2026-05-22 18:51:59;1779468719;950;12,0;100;66;14,1;3,1;1038
138218;2026-05-22 18:52:00;1779468720;950;12,0;100;66;14,1;3,1;1042
138753;2026-05-22 18:52:01;1779468721;1050;12,0;100;66;14,1;3,1;1046
139407;2026-05-22 18:52:01;1779468721;950;12,0;100;66;14,1;3,1;1050
139921;2026-05-22 18:52:02;1779468722;1050;22,2;100;66;14,1;3,1;1056
140464;2026-05-22 18:52:02;1779468722;1500;23,2;100;66;14,1;3,0;1062
141168;2026-05-22 18:52:03;1779468723;1850;23,4;91;66;14,1;3,0;1071
141706;2026-05-22 18:52:03;1779468723;2300;23,6;86;66;14,1;3,1;1080
142221;2026-05-22 18:52:04;1779468724;2350;23,8;86;66;13,9;3,1;1091
142848;2026-05-22 18:52:05;1779468725;2550;24,4;84;66;13,9;3,1;1104
143381;2026-05-22 18:52:05;1779468725;2600;24,8;84;66;13,9;3,1;1115
143917;2026-05-22 18:52:06;1779468726;2800;25,0;84;66;13,9;3,1;1128
144514;2026-05-22 18:52:06;1779468726;2350;24,0;84;66;13,9;3,1;1139
145050;2026-05-22 18:52:07;1779468727;2350;24,0;84;66;13,9;3,1;1149
145586;2026-05-22 18:52:07;1779468727;2400;24,2;84;66;13,9;3,1;1159
146248;2026-05-22 18:52:08;1779468728;2400;24,2;84;66;13,9;3,1;1173
146759;2026-05-22 18:52:09;1779468729;2450;24,4;83;66;13,9;3,1;1183
147297;2026-05-22 18:52:09;1779468729;2450;24,6;83;66;13,9;3,1;1193
147928;2026-05-22 18:52:10;1779468730;2500;25,0;81;66;13,9;3,1;1207
148461;2026-05-22 18:52:10;1779468730;2450;29,4;68;66;13,9;3,1;1217
149000;2026-05-22 18:52:11;1779468731;2300;23,6;100;66;13,7;3,1;1227
149555;2026-05-22 18:52:11;1779468731;2150;23,4;100;66;13,7;3,1;1237
150090;2026-05-22 18:52:12;1779468732;2050;23,2;100;66;13,7;3,1;1246
150624;2026-05-22 18:52:12;1779468732;2050;23,2;100;66;13,7;3,1;1255
151164;2026-05-22 18:52:13;1779468733;2000;23,2;100;66;13,9;3,1;1263
151711;2026-05-22 18:52:13;1779468733;1950;23,2;100;66;13,9;3,1;1273
152248;2026-05-22 18:52:14;1779468734;1950;23,0;100;66;13,9;3,1;1281
152783;2026-05-22 18:52:15;1779468735;1900;23,0;100;66;13,9;3,1;1289
153287;2026-05-22 18:52:15;1779468735;1800;23,0;100;66;13,9;3,1;1297
153865;2026-05-22 18:52:16;1779468736;1800;22,6;100;66;13,9;3,1;1305
154401;2026-05-22 18:52:16;1779468736;1700;22,6;100;66;13,9;3,1;1312
155047;2026-05-22 18:52:17;1779468737;1650;22,2;100;66;13,9;3,1;1320
155585;2026-05-22 18:52:17;1779468737;1450;17,0;100;66;13,9;3,1;1328
156104;2026-05-22 18:52:18;1779468738;1450;12,0;100;66;13,9;3,1;1333
156767;2026-05-22 18:52:19;1779468739;1350;12,0;100;66;13,9;3,1;1341
157307;2026-05-22 18:52:19;1779468739;1250;12,0;100;66;13,7;3,1;1347
157837;2026-05-22 18:52:20;1779468740;1050;12,0;100;66;13,7;3,1;1352
158435;2026-05-22 18:52:20;1779468740;950;12,0;100;66;13,7;3,1;1356
158970;2026-05-22 18:52:21;1779468741;950;12,0;100;66;13,7;3,0;1360
159502;2026-05-22 18:52:21;1779468741;900;12,0;100;66;13,9;3,0;1364
160086;2026-05-22 18:52:22;1779468742;900;12,0;100;66;13,9;3,0;1367
160618;2026-05-22 18:52:22;1779468742;850;12,0;100;66;13,9;3,0;1371
161184;2026-05-22 18:52:23;1779468743;850;12,0;100;66;13,9;3,0;1375
161769;2026-05-22 18:52:24;1779468744;900;12,0;100;66;13,9;3,0;1379
162299;2026-05-22 18:52:24;1779468744;900;12,0;100;66;13,9;3,0;1382
162832;2026-05-22 18:52:25;1779468745;900;12,0;100;66;13,9;3,0;1386
163474;2026-05-22 18:52:25;1779468745;900;12,0;100;66;13,9;3,0;1391
164020;2026-05-22 18:52:26;1779468746;900;12,0;100;66;13,9;3,0;1394
164550;2026-05-22 18:52:26;1779468746;900;12,0;100;66;13,9;3,0;1398
165167;2026-05-22 18:52:27;1779468747;900;12,0;100;66;13,9;3,1;1402
165686;2026-05-22 18:52:27;1779468747;900;12,0;100;66;13,9;3,1;1406
166223;2026-05-22 18:52:28;1779468748;900;12,0;100;66;13,9;3,1;1409
166847;2026-05-22 18:52:29;1779468749;1550;12,0;75;66;13,9;3,1;1417
167385;2026-05-22 18:52:29;1779468749;1950;23,6;84;66;13,7;3,0;1425
167897;2026-05-22 18:52:30;1779468750;1850;27,6;75;66;13,7;3,0;1433
168528;2026-05-22 18:52:30;1779468750;1400;17,4;100;66;13,7;3,1;1440
169064;2026-05-22 18:52:31;1779468751;1300;22,4;86;66;13,9;3,1;1447
169598;2026-05-22 18:52:31;1779468751;2300;23,6;86;66;13,9;3,1;1457
170234;2026-05-22 18:52:32;1779468752;2450;24,0;88;66;13,7;3,1;1469
170778;2026-05-22 18:52:33;1779468753;2600;24,4;88;66;13,7;3,1;1481
171312;2026-05-22 18:52:33;1779468753;2850;24,8;88;66;13,7;3,1;1493
171929;2026-05-22 18:52:34;1779468754;2950;25,0;88;66;13,7;3,1;1507
172445;2026-05-22 18:52:34;1779468754;2900;26,8;86;66;13,7;3,1;1520
172978;2026-05-22 18:52:35;1779468755;2600;24,2;88;66;13,7;3,1;1532
173566;2026-05-22 18:52:35;1779468755;2600;24,2;88;66;13,7;3,1;1544
174099;2026-05-22 18:52:36;1779468756;2650;24,4;88;66;13,7;3,1;1556
174634;2026-05-22 18:52:36;1779468756;2700;24,4;88;66;13,7;3,0;1568
175147;2026-05-22 18:52:37;1779468757;2750;24,6;88;66;13,7;3,0;1578
175681;2026-05-22 18:52:37;1779468757;2800;24,6;88;66;13,7;3,1;1591
176219;2026-05-22 18:52:38;1779468758;2800;24,6;88;66;13,7;3,1;1603
176754;2026-05-22 18:52:39;1779468759;2850;24,8;91;66;13,7;3,1;1616
177269;2026-05-22 18:52:39;1779468759;3150;27,4;100;66;13,7;3,1;1628
177811;2026-05-22 18:52:40;1779468760;3200;28,6;100;66;13,7;3,0;1643
178348;2026-05-22 18:52:40;1779468760;3400;30,0;100;66;13,7;3,0;1657
178926;2026-05-22 18:52:41;1779468761;3450;30,0;100;66;13,7;2,9;1674
179492;2026-05-22 18:52:41;1779468761;3600;30,0;100;66;13,7;2,9;1690
180029;2026-05-22 18:52:42;1779468762;3650;30,0;92;66;13,7;2,9;1707
180645;2026-05-22 18:52:42;1779468762;3700;30,0;100;66;13,7;2,9;1724
181191;2026-05-22 18:52:43;1779468763;3800;30,0;100;66;13,7;2,9;1742
181730;2026-05-22 18:52:43;1779468764;3800;30,0;89;66;13,7;2,9;1758
182321;2026-05-22 18:52:44;1779468764;3800;30,4;84;66;13,9;2,9;1777
182854;2026-05-22 18:52:45;1779468765;3800;32,4;75;66;13,9;2,9;1793
183389;2026-05-22 18:52:45;1779468765;3800;32,6;72;66;14,1;2,9;1810
183928;2026-05-22 18:52:46;1779468766;3850;32,6;68;66;14,1;2,9;1827
184440;2026-05-22 18:52:46;1779468766;2650;25,0;83;66;14,1;3,1;1840
184976;2026-05-22 18:52:47;1779468767;2700;25,4;81;66;13,9;3,1;1851
185568;2026-05-22 18:52:47;1779468767;2700;25,4;81;66;13,7;3,0;1864
186102;2026-05-22 18:52:48;1779468768;2700;25,4;81;66;13,7;3,0;1876
186619;2026-05-22 18:52:48;1779468768;2700;25,4;81;66;13,7;3,0;1888
187151;2026-05-22 18:52:49;1779468769;2700;25,4;81;66;13,7;3,1;1899
187761;2026-05-22 18:52:50;1779468770;2750;25,4;81;66;13,9;3,1;1912
188296;2026-05-22 18:52:50;1779468770;2750;25,6;81;66;13,7;3,1;1925
188811;2026-05-22 18:52:51;1779468771;2750;25,4;81;66;13,7;3,1;1936
189398;2026-05-22 18:52:51;1779468771;2750;25,6;81;66;13,7;3,0;1950
189935;2026-05-22 18:52:52;1779468772;2750;25,6;81;66;13,7;3,0;1961
190470;2026-05-22 18:52:52;1779468772;2800;25,6;80;65;13,7;3,0;1975
191067;2026-05-22 18:52:53;1779468773;2800;25,6;81;65;13,9;3,1;1987
191604;2026-05-22 18:52:53;1779468773;2800;25,6;81;65;13,9;3,1;2000
192141;2026-05-22 18:52:54;1779468774;2800;26,6;68;65;13,7;3,1;2011
192646;2026-05-22 18:52:54;1779468774;2600;24,0;100;65;13,7;3,1;2023
193181;2026-05-22 18:52:55;1779468775;2350;23,8;100;65;13,7;3,1;2033
193750;2026-05-22 18:52:56;1779468776;2350;23,6;100;65;13,9;3,1;2045
194289;2026-05-22 18:52:56;1779468776;2350;23,6;100;65;13,9;3,1;2055
194834;2026-05-22 18:52:57;1779468777;2300;23,6;100;65;13,7;3,1;2065
195369;2026-05-22 18:52:57;1779468777;2300;23,6;100;65;13,7;3,1;2075
195953;2026-05-22 18:52:58;1779468778;2250;23,6;100;65;13,9;3,1;2086
196488;2026-05-22 18:52:58;1779468778;2800;24,6;84;65;13,9;3,1;2097
197024;2026-05-22 18:52:59;1779468779;2800;24,4;88;65;13,7;3,0;2108
197608;2026-05-22 18:52:59;1779468779;2800;24,6;88;65;13,7;3,0;2122
198138;2026-05-22 18:53:00;1779468780;2800;24,6;88;65;13,7;3,0;2133
198674;2026-05-22 18:53:00;1779468780;2850;24,8;86;65;13,9;3,1;2146
199288;2026-05-22 18:53:01;1779468781;2850;24,8;88;65;13,9;3,1;2161
199825;2026-05-22 18:53:02;1779468782;2850;24,8;88;65;13,7;3,1;2173
200337;2026-05-22 18:53:02;1779468782;2850;24,8;86;65;13,7;3,0;2184
200968;2026-05-22 18:53:03;1779468783;2550;26,4;61;65;13,7;3,0;2200
201502;2026-05-22 18:53:03;1779468783;2400;23,6;100;65;13,7;3,0;2210
202043;2026-05-22 18:53:04;1779468784;2350;23,8;100;65;13,7;3,1;2220
202670;2026-05-22 18:53:04;1779468784;2350;23,6;100;65;13,9;3,1;2233
203204;2026-05-22 18:53:05;1779468785;2300;23,6;100;65;13,9;3,0;2242
203742;2026-05-22 18:53:06;1779468786;2300;23,6;100;65;13,7;3,0;2252
204367;2026-05-22 18:53:06;1779468786;2250;23,6;100;65;13,9;3,1;2265
204879;2026-05-22 18:53:07;1779468787;2250;23,6;100;65;13,9;3,1;2274
205416;2026-05-22 18:53:07;1779468787;2200;23,4;100;65;13,9;3,0;2284
206008;2026-05-22 18:53:08;1779468788;2200;23,4;100;65;13,9;3,0;2294
206542;2026-05-22 18:53:08;1779468788;2200;23,4;100;65;13,7;3,1;2304
207079;2026-05-22 18:53:09;1779468789;2150;23,4;100;65;13,7;3,1;2314
207711;2026-05-22 18:53:09;1779468789;2100;23,4;100;65;13,9;3,1;2324
208250;2026-05-22 18:53:10;1779468790;2100;23,4;100;65;13,9;3,1;2333
208783;2026-05-22 18:53:11;1779468791;2050;23,2;100;65;13,9;3,0;2341
209368;2026-05-22 18:53:11;1779468791;2050;23,2;100;65;13,7;3,0;2352
209882;2026-05-22 18:53:12;1779468792;2050;23,2;100;65;13,7;3,1;2361
210419;2026-05-22 18:53:12;1779468792;2000;23,2;100;65;13,7;3,1;2370
210953;2026-05-22 18:53:13;1779468793;2000;23,2;100;65;13,7;3,1;2379
211482;2026-05-22 18:53:13;1779468793;2000;23,2;100;65;13,9;3,1;2387
212002;2026-05-22 18:53:14;1779468794;2050;23,4;88;65;13,9;3,1;2396
212536;2026-05-22 18:53:14;1779468794;2300;26,4;75;65;13,9;3,0;2406
213123;2026-05-22 18:53:15;1779468795;2400;25,6;76;65;13,9;3,0;2417
213658;2026-05-22 18:53:15;1779468795;2450;25,8;76;65;13,7;3,1;2428
214175;2026-05-22 18:53:16;1779468796;2450;25,8;76;65;13,7;3,0;2439
214727;2026-05-22 18:53:16;1779468796;2500;25,8;76;65;13,7;3,0;2450
215261;2026-05-22 18:53:17;1779468797;2500;25,8;76;65;13,7;3,1;2460
215801;2026-05-22 18:53:18;1779468798;2450;27,6;62;65;13,9;3,1;2471
216430;2026-05-22 18:53:18;1779468798;2250;31,8;54;65;13,9;3,1;2483
216963;2026-05-22 18:53:19;1779468799;2200;23,4;88;65;13,9;3,1;2493
217497;2026-05-22 18:53:19;1779468799;2150;23,4;100;65;13,9;3,1;2501
218127;2026-05-22 18:53:20;1779468800;2150;23,4;100;65;13,9;3,1;2513
218656;2026-05-22 18:53:20;1779468800;2150;23,4;100;65;13,9;3,1;2522
219187;2026-05-22 18:53:21;1779468801;2150;23,4;100;65;13,9;3,1;2532
219808;2026-05-22 18:53:22;1779468802;2100;23,4;100;65;13,9;3,1;2543
220346;2026-05-22 18:53:22;1779468802;2100;23,4;100;65;13,9;3,1;2552
220879;2026-05-22 18:53:23;1779468803;2100;23,4;100;65;13,9;3,1;2561
221469;2026-05-22 18:53:23;1779468803;2100;23,8;83;65;13,9;3,1;2571
222024;2026-05-22 18:53:24;1779468804;2150;30,6;53;65;13,9;3,1;2580
222557;2026-05-22 18:53:24;1779468804;2150;31,6;49;65;13,9;3,1;2589
223206;2026-05-22 18:53:25;1779468805;2150;31,6;48;65;13,9;3,1;2601
223736;2026-05-22 18:53:26;1779468806;2150;31,8;46;65;13,9;3,1;2610
224273;2026-05-22 18:53:26;1779468806;2100;32,0;46;65;13,9;3,1;2620
224927;2026-05-22 18:53:27;1779468807;2150;31,8;46;65;13,9;3,1;2631
225440;2026-05-22 18:53:27;1779468807;1950;23,2;100;65;13,9;3,0;2640
225974;2026-05-22 18:53:28;1779468808;1950;23,2;100;65;13,9;3,0;2648
226647;2026-05-22 18:53:28;1779468808;1900;23,0;100;65;13,9;3,1;2659
227186;2026-05-22 18:53:29;1779468809;1850;23,0;100;65;13,9;3,1;2667
227721;2026-05-22 18:53:29;1779468809;1850;23,0;100;65;13,9;3,1;2675
228286;2026-05-22 18:53:30;1779468810;1750;22,4;100;65;13,9;3,0;2682
228824;2026-05-22 18:53:31;1779468811;1650;22,0;100;65;13,7;3,0;2689
229359;2026-05-22 18:53:31;1779468811;1600;17,0;100;65;13,7;3,0;2697
229967;2026-05-22 18:53:32;1779468812;1400;12,0;100;65;13,9;3,0;2704
230534;2026-05-22 18:53:32;1779468812;1350;12,0;100;65;13,9;3,0;2710
231065;2026-05-22 18:53:33;1779468813;1250;12,0;100;65;13,9;3,0;2716
231646;2026-05-22 18:53:33;1779468813;1150;12,0;100;65;13,9;3,1;2721
232180;2026-05-22 18:53:34;1779468814;1100;12,0;100;65;13,9;3,1;2726
232699;2026-05-22 18:53:34;1779468814;1050;12,0;100;65;13,9;3,1;2730
233234;2026-05-22 18:53:35;1779468815;950;12,0;100;65;13,9;3,1;2734
233760;2026-05-22 18:53:36;1779468816;900;12,0;100;65;13,9;3,1;2737
234293;2026-05-22 18:53:36;1779468816;950;12,0;100;65;13,9;3,1;2741
234804;2026-05-22 18:53:37;1779468817;950;12,0;100;65;14,1;3,1;2745
235412;2026-05-22 18:53:37;1779468817;900;12,0;100;65;14,1;3,1;2749
235944;2026-05-22 18:53:38;1779468818;900;12,0;100;65;14,1;3,1;2753
236475;2026-05-22 18:53:38;1779468818;950;12,0;100;65;14,1;3,1;2757
237002;2026-05-22 18:53:39;1779468819;900;12,0;100;65;14,1;3,1;2760
237533;2026-05-22 18:53:39;1779468819;900;12,0;100;65;14,1;3,1;2764
238064;2026-05-22 18:53:40;1779468820;900;12,0;100;65;14,1;3,1;2768
238568;2026-05-22 18:53:40;1779468820;950;12,0;100;65;14,1;3,1;2772
239134;2026-05-22 18:53:41;1779468821;900;12,0;100;65;14,1;3,1;2776
239664;2026-05-22 18:53:41;1779468821;950;12,0;100;65;14,1;3,1;2780
240287;2026-05-22 18:53:42;1779468822;900;12,0;100;65;14,1;3,1;2784
240820;2026-05-22 18:53:43;1779468823;950;12,0;100;65;14,1;3,1;2788
241350;2026-05-22 18:53:43;1779468823;950;12,0;100;65;14,1;3,1;2792
241965;2026-05-22 18:53:44;1779468824;950;12,0;100;65;14,1;3,1;2796
242497;2026-05-22 18:53:44;1779468824;950;12,0;100;65;14,1;3,1;2800
243030;2026-05-22 18:53:45;1779468825;900;12,0;100;65;14,1;3,1;2804
243687;2026-05-22 18:53:45;1779468825;900;12,0;100;65;14,1;3,1;2809
244199;2026-05-22 18:53:46;1779468826;900;12,0;100;65;14,1;3,1;2813
244733;2026-05-22 18:53:47;1779468827;950;12,0;100;65;14,1;3,1;2816
245407;2026-05-22 18:53:47;1779468827;900;12,0;100;65;14,1;3,1;2821
245939;2026-05-22 18:53:48;1779468828;950;12,0;100;65;14,1;3,1;2825
246458;2026-05-22 18:53:48;1779468828;950;12,0;100;65;14,1;3,1;2828
247127;2026-05-22 18:53:49;1779468829;900;12,0;100;65;14,1;3,1;2834
247663;2026-05-22 18:53:49;1779468829;950;12,0;100;65;14,1;3,1;2837
248195;2026-05-22 18:53:50;1779468830;900;12,0;100;65;14,1;3,1;2841
248805;2026-05-22 18:53:51;1779468831;900;12,0;100;65;14,1;3,1;2846
249342;2026-05-22 18:53:51;1779468831;950;12,0;100;65;14,1;3,1;2849
249873;2026-05-22 18:53:52;1779468832;900;12,0;100;65;14,1;3,1;2853
250567;2026-05-22 18:53:52;1779468832;950;12,0;100;65;14,1;3,1;2858
251097;2026-05-22 18:53:53;1779468833;900;12,0;100;65;14,1;3,1;2862
251616;2026-05-22 18:53:53;1779468833;900;12,0;100;65;14,1;3,1;2866
252287;2026-05-22 18:53:54;1779468834;950;12,0;100;65;14,1;3,1;2871
252818;2026-05-22 18:53:55;1779468835;950;12,0;100;65;14,1;3,1;2874
253332;2026-05-22 18:53:55;1779468835;950;12,0;100;65;14,1;3,1;2878
254007;2026-05-22 18:53:56;1779468836;1500;12,0;84;65;14,1;3,1;2884
254538;2026-05-22 18:53:56;1779468836;1500;23,2;81;65;14,1;3,1;2891
255074;2026-05-22 18:53:57;1779468837;1900;23,6;83;65;14,1;3,1;2900
255727;2026-05-22 18:53:57;1779468837;1950;24,2;81;65;13,9;3,1;2910
256255;2026-05-22 18:53:58;1779468838;2000;24,6;78;65;13,9;3,1;2918
256789;2026-05-22 18:53:59;1779468839;2000;27,6;84;65;13,9;3,1;2926
257447;2026-05-22 18:53:59;1779468839;1400;12,0;100;65;13,9;3,1;2935
257981;2026-05-22 18:54:00;1779468840;1350;12,0;100;65;13,9;3,1;2940
258497;2026-05-22 18:54:00;1779468840;1300;12,0;100;65;13,9;3,1;2946
259087;2026-05-22 18:54:01;1779468841;1550;29,6;84;65;13,9;3,1;2953
259629;2026-05-22 18:54:01;1779468841;1950;26,6;68;65;13,9;3,1;2962
260164;2026-05-22 18:54:02;1779468842;2150;26,0;72;65;13,9;3,1;2971
260726;2026-05-22 18:54:02;1779468842;2250;27,0;68;65;13,9;3,1;2980
261261;2026-05-22 18:54:03;1779468843;2350;27,2;68;65;13,9;3,1;2991
261797;2026-05-22 18:54:04;1779468844;2050;24,8;76;65;13,9;3,1;3000
262407;2026-05-22 18:54:04;1779468844;2050;25,0;76;65;13,9;3,1;3009
262942;2026-05-22 18:54:05;1779468845;2050;25,2;75;65;13,9;3,1;3018
263511;2026-05-22 18:54:05;1779468845;2100;23,8;76;65;13,9;3,1;3029
264128;2026-05-22 18:54:06;1779468846;2300;23,6;88;65;13,9;3,1;3039
264661;2026-05-22 18:54:06;1779468846;2150;23,4;100;65;13,9;3,1;3048
265196;2026-05-22 18:54:07;1779468847;2800;24,6;91;65;13,9;3,1;3061
265845;2026-05-22 18:54:08;1779468848;2900;24,8;91;65;13,9;3,1;3077
266390;2026-05-22 18:54:08;1779468848;2800;24,8;88;65;13,9;3,1;3090
266922;2026-05-22 18:54:09;1779468849;2750;24,6;86;65;13,9;3,1;3100
267569;2026-05-22 18:54:09;1779468849;2550;28,6;61;65;13,9;3,1;3115
268088;2026-05-22 18:54:10;1779468850;2250;28,0;53;65;13,9;3,1;3125
268621;2026-05-22 18:54:10;1779468850;1900;27,2;65;65;13,9;3,1;3133
269246;2026-05-22 18:54:11;1779468851;1900;27,8;62;65;14,1;3,1;3143
269787;2026-05-22 18:54:12;1779468852;1900;28,0;62;65;14,1;3,1;3151
270304;2026-05-22 18:54:12;1779468852;1900;28,0;61;65;14,1;3,1;3159
270888;2026-05-22 18:54:13;1779468853;1900;28,0;61;65;13,9;3,1;3168
271421;2026-05-22 18:54:13;1779468853;1900;28,0;61;65;13,9;3,1;3176
271958;2026-05-22 18:54:14;1779468854;1900;28,0;61;65;14,1;3,1;3185
272604;2026-05-22 18:54:14;1779468854;1900;28,0;61;65;14,1;3,1;3195
273150;2026-05-22 18:54:15;1779468855;1900;28,2;61;65;14,1;3,1;3204
273685;2026-05-22 18:54:15;1779468855;1900;28,2;61;65;14,1;3,1;3212
274288;2026-05-22 18:54:16;1779468856;1900;28,2;61;65;14,1;3,1;3222
274858;2026-05-22 18:54:17;1779468857;1900;28,2;61;65;13,9;3,1;3230
275393;2026-05-22 18:54:17;1779468857;1950;28,2;61;65;13,9;3,1;3239
276008;2026-05-22 18:54:18;1779468858;1950;28,2;61;65;13,9;3,1;3249
276554;2026-05-22 18:54:18;1779468858;1950;28,2;61;65;13,9;3,1;3258
277091;2026-05-22 18:54:19;1779468859;1950;28,2;61;65;13,9;3,1;3266
277684;2026-05-22 18:54:19;1779468859;1950;28,2;61;65;13,9;3,1;3275
278221;2026-05-22 18:54:20;1779468860;1950;28,2;61;65;13,9;3,1;3284
278760;2026-05-22 18:54:21;1779468861;1950;28,2;61;65;13,9;3,1;3293
279407;2026-05-22 18:54:21;1779468861;1950;28,2;61;65;14,1;3,1;3303
279929;2026-05-22 18:54:22;1779468862;1950;28,2;61;65;14,1;3,1;3310
280465;2026-05-22 18:54:22;1779468862;1950;28,2;61;65;14,1;3,1;3319
281089;2026-05-22 18:54:23;1779468863;1950;28,2;61;65;14,1;3,1;3330
281629;2026-05-22 18:54:23;1779468863;1950;28,2;61;65;14,1;3,1;3339
282198;2026-05-22 18:54:24;1779468864;1950;28,2;61;65;13,9;3,1;3348
282807;2026-05-22 18:54:25;1779468865;1950;28,2;61;65;13,9;3,1;3357
283344;2026-05-22 18:54:25;1779468865;1950;28,2;61;65;13,9;3,1;3365
283879;2026-05-22 18:54:26;1779468866;2000;28,2;61;65;13,9;3,1;3374
284524;2026-05-22 18:54:26;1779468866;2000;28,2;61;65;13,9;3,1;3385
285061;2026-05-22 18:54:27;1779468867;2000;28,2;61;65;13,9;3,1;3393
285598;2026-05-22 18:54:27;1779468867;2000;28,8;54;65;13,9;3,1;3402
286207;2026-05-22 18:54:28;1779468868;1750;23,0;100;65;13,9;3,1;3412
286735;2026-05-22 18:54:29;1779468869;1700;22,4;100;65;13,9;3,1;3419
287272;2026-05-22 18:54:29;1779468869;1700;22,4;100;65;14,1;3,1;3426
287927;2026-05-22 18:54:30;1779468870;1700;22,2;100;65;14,1;3,1;3435
288464;2026-05-22 18:54:30;1779468870;1650;22,2;100;65;14,1;3,1;3442
288976;2026-05-22 18:54:31;1779468871;1600;22,2;100;65;14,1;3,1;3448
289608;2026-05-22 18:54:31;1779468871;1600;22,0;100;65;14,1;3,1;3457
290150;2026-05-22 18:54:32;1779468872;1550;17,0;100;65;14,1;3,1;3465
290685;2026-05-22 18:54:32;1779468872;1550;12,0;100;65;14,1;3,1;3471
291367;2026-05-22 18:54:33;1779468873;1500;12,0;100;65;14,1;3,1;3479
291888;2026-05-22 18:54:34;1779468874;1500;12,0;100;65;14,1;3,1;3486
292426;2026-05-22 18:54:34;1779468874;1500;12,0;100;65;14,1;3,1;3491
293088;2026-05-22 18:54:35;1779468875;1450;12,0;100;65;14,1;3,1;3500
293621;2026-05-22 18:54:35;1779468875;1450;12,0;100;65;14,1;3,1;3506
294134;2026-05-22 18:54:36;1779468876;1450;12,0;100;65;14,1;3,1;3512
294808;2026-05-22 18:54:37;1779468877;1450;12,0;100;65;14,1;3,1;3520
295339;2026-05-22 18:54:37;1779468877;1450;12,0;100;65;14,1;3,1;3526
295877;2026-05-22 18:54:38;1779468878;1400;12,0;100;65;14,1;3,1;3532
296522;2026-05-22 18:54:38;1779468878;1400;12,0;100;65;14,1;3,1;3540
297071;2026-05-22 18:54:39;1779468879;1400;12,0;100;65;14,1;3,1;3546
297607;2026-05-22 18:54:39;1779468879;1350;12,0;100;65;14,1;3,1;3551
298248;2026-05-22 18:54:40;1779468880;1300;12,0;100;65;14,1;3,1;3559
298761;2026-05-22 18:54:41;1779468881;1250;12,0;100;65;14,1;3,1;3564
299297;2026-05-22 18:54:41;1779468881;1250;12,0;100;65;14,1;3,1;3569
299967;2026-05-22 18:54:42;1779468882;1200;12,0;100;65;14,1;3,1;3576
300513;2026-05-22 18:54:42;1779468882;1150;12,0;100;65;14,1;3,1;3581
301046;2026-05-22 18:54:43;1779468883;1100;12,0;100;65;13,9;3,1;3585
301682;2026-05-22 18:54:43;1779468883;1050;12,0;100;65;13,9;3,1;3590
302216;2026-05-22 18:54:44;1779468884;1050;12,0;100;65;13,9;3,1;3595
302748;2026-05-22 18:54:45;1779468885;1000;12,0;100;65;13,9;3,0;3599
303328;2026-05-22 18:54:45;1779468885;1000;12,0;100;65;13,9;3,0;3603
303841;2026-05-22 18:54:46;1779468886;1000;12,0;100;65;13,9;3,0;3607
304376;2026-05-22 18:54:46;1779468886;900;12,0;100;65;13,9;3,0;3611
304910;2026-05-22 18:54:47;1779468887;950;12,0;100;65;13,9;3,0;3615
305439;2026-05-22 18:54:47;1779468887;950;12,0;100;65;13,9;3,0;3619
305954;2026-05-22 18:54:48;1779468888;950;12,0;100;65;13,9;3,0;3622
306488;2026-05-22 18:54:48;1779468888;1000;12,0;100;65;14,1;3,0;3626
307004;2026-05-22 18:54:49;1779468889;950;12,0;100;65;14,1;3,0;3631
307535;2026-05-22 18:54:49;1779468889;1550;12,0;76;65;14,1;3,0;3636
308100;2026-05-22 18:54:50;1779468890;1900;23,8;83;65;13,9;3,0;3645
308607;2026-05-22 18:54:50;1779468890;1950;23,8;83;65;13,9;3,0;3653
309142;2026-05-22 18:54:51;1779468891;1950;23,8;83;65;13,9;3,0;3661
309683;2026-05-22 18:54:51;1779468891;1950;23,8;83;65;13,7;3,0;3670
310364;2026-05-22 18:54:52;1779468892;1850;27,0;76;65;13,7;3,1;3681
310914;2026-05-22 18:54:53;1779468893;1500;12,0;100;65;13,7;3,1;3687
311448;2026-05-22 18:54:53;1779468893;1100;12,0;100;65;13,7;3,1;3692
312088;2026-05-22 18:54:54;1779468894;1100;12,0;100;65;13,7;3,1;3697
312606;2026-05-22 18:54:54;1779468894;1100;12,0;100;65;13,7;3,1;3702
313136;2026-05-22 18:54:55;1779468895;1100;12,0;100;65;13,9;3,1;3706
313766;2026-05-22 18:54:56;1779468896;1100;12,0;100;65;13,9;3,1;3711
314311;2026-05-22 18:54:56;1779468896;1100;12,0;100;65;13,9;3,1;3717
314842;2026-05-22 18:54:57;1779468897;1100;12,0;100;65;13,9;3,1;3721
315402;2026-05-22 18:54:57;1779468897;1100;12,0;100;65;14,1;3,1;3726
315933;2026-05-22 18:54:58;1779468898;1050;12,0;100;65;14,1;3,1;3730
316468;2026-05-22 18:54:58;1779468898;1050;12,0;100;65;14,1;3,1;3735
317004;2026-05-22 18:54:59;1779468899;1050;12,0;100;65;14,1;3,1;3740
317557;2026-05-22 18:54:59;1779468899;1050;12,0;100;65;13,9;3,1;3744
318094;2026-05-22 18:55:00;1779468900;1050;12,0;100;65;13,9;3,1;3749
318627;2026-05-22 18:55:00;1779468900;1050;12,0;100;65;13,9;3,1;3753
319167;2026-05-22 18:55:01;1779468901;1000;12,0;100;65;13,9;3,1;3757
319733;2026-05-22 18:55:02;1779468902;2000;23,4;86;65;13,9;2,9;3765
320270;2026-05-22 18:55:02;1779468902;2150;23,4;86;65;13,9;2,9;3774
320890;2026-05-22 18:55:03;1779468903;2150;23,4;86;65;13,9;3,1;3785
321425;2026-05-22 18:55:03;1779468903;2150;23,4;86;65;13,9;3,1;3793
321941;2026-05-22 18:55:04;1779468904;2150;25,0;76;65;13,9;3,0;3802
322567;2026-05-22 18:55:04;1779468904;1550;12,0;100;65;13,9;3,0;3811
323103;2026-05-22 18:55:05;1779468905;1200;12,0;100;65;13,9;3,0;3815
323636;2026-05-22 18:55:05;1779468905;1150;12,0;100;65;13,9;3,1;3820
324239;2026-05-22 18:55:06;1779468906;1100;12,0;100;65;13,9;3,1;3826
324770;2026-05-22 18:55:07;1779468907;1150;12,0;100;65;13,9;3,1;3831
325307;2026-05-22 18:55:07;1779468907;1100;12,0;100;65;13,9;3,1;3835
325967;2026-05-22 18:55:08;1779468908;1100;12,0;100;65;13,9;3,1;3841
326504;2026-05-22 18:55:08;1779468908;1100;12,0;100;65;14,1;3,1;3846
327024;2026-05-22 18:55:09;1779468909;1050;12,0;100;65;14,1;3,1;3850
327688;2026-05-22 18:55:09;1779468909;1050;12,0;100;65;14,1;3,1;3855
328221;2026-05-22 18:55:10;1779468910;1000;12,0;100;65;14,1;3,0;3859
328760;2026-05-22 18:55:11;1779468911;950;12,0;100;65;13,7;3,0;3864
329483;2026-05-22 18:55:11;1779468911;950;12,0;100;65;13,7;3,0;3869
330026;2026-05-22 18:55:12;1779468912;950;12,0;100;65;13,7;3,0;3873
330576;2026-05-22 18:55:12;1779468912;900;12,0;100;65;13,7;3,0;3877
331170;2026-05-22 18:55:13;1779468913;950;12,0;100;65;13,7;3,0;3881
331703;2026-05-22 18:55:13;1779468913;1000;12,0;100;65;13,9;3,0;3885
332260;2026-05-22 18:55:14;1779468914;950;12,0;100;65;13,9;3,0;3889
332771;2026-05-22 18:55:15;1779468915;900;12,0;100;65;13,9;3,0;3893
333319;2026-05-22 18:55:15;1779468915;950;12,0;100;65;13,9;3,0;3897
333846;2026-05-22 18:55:16;1779468916;900;12,0;100;65;13,9;3,0;3900
334451;2026-05-22 18:55:16;1779468916;900;12,0;100;65;13,9;3,0;3904
335004;2026-05-22 18:55:17;1779468917;950;12,0;100;65;13,9;3,0;3909
335552;2026-05-22 18:55:17;1779468917;900;12,0;100;65;13,9;3,0;3913
336162;2026-05-22 18:55:18;1779468918;900;12,0;100;65;13,9;3,0;3917
336710;2026-05-22 18:55:18;1779468918;900;12,0;100;65;13,9;3,0;3921
337260;2026-05-22 18:55:19;1779468919;900;12,0;100;65;13,9;3,0;3925
337971;2026-05-22 18:55:20;1779468920;900;12,0;100;65;13,9;3,0;3930
338494;2026-05-22 18:55:20;1779468920;950;12,0;100;65;13,9;3,0;3933
339037;2026-05-22 18:55:21;1779468921;900;12,0;100;65;13,9;3,0;3937
339569;2026-05-22 18:55:21;1779468921;950;12,0;100;65;13,9;3,0;3941
340118;2026-05-22 18:55:22;1779468922;900;12,0;100;65;14,1;3,0;3945
340664;2026-05-22 18:55:22;1779468922;900;12,0;100;65;14,1;3,0;3949
341281;2026-05-22 18:55:23;1779468923;900;12,0;100;65;14,1;3,0;3953
341828;2026-05-22 18:55:24;1779468924;900;12,0;100;65;14,1;3,0;3958
342373;2026-05-22 18:55:24;1779468924;950;12,0;100;65;14,1;3,1;3962
343011;2026-05-22 18:55:25;1779468925;900;12,0;100;65;14,1;3,1;3966
343532;2026-05-22 18:55:25;1779468925;950;12,0;100;65;14,1;3,1;3970
344082;2026-05-22 18:55:26;1779468926;950;12,0;100;65;14,1;3,1;3974
344692;2026-05-22 18:55:26;1779468926;950;12,0;100;65;14,1;3,1;3978
345245;2026-05-22 18:55:27;1779468927;950;12,0;100;65;13,9;2,9;3983
345778;2026-05-22 18:55:28;1779468928;950;12,0;100;65;13,9;2,9;3987
346410;2026-05-22 18:55:28;1779468928;900;12,0;100;65;13,9;2,9;3991
346951;2026-05-22 18:55:29;1779468929;900;12,0;100;65;13,9;2,9;3995
347505;2026-05-22 18:55:29;1779468929;950;12,0;100;65;13,9;3,1;3999
348120;2026-05-22 18:55:30;1779468930;900;12,0;100;65;13,9;3,1;4004
348666;2026-05-22 18:55:30;1779468930;900;12,0;100;65;13,9;3,1;4007
349216;2026-05-22 18:55:31;1779468931;900;12,0;100;65;13,9;3,1;4011
349890;2026-05-22 18:55:32;1779468932;950;12,0;100;65;13,9;3,1;4016
350438;2026-05-22 18:55:32;1779468932;900;12,0;100;65;13,9;3,1;4020
350966;2026-05-22 18:55:33;1779468933;950;12,0;100;65;13,9;3,1;4024
351610;2026-05-22 18:55:33;1779468933;900;12,0;100;65;13,9;3,1;4029
352155;2026-05-22 18:55:34;1779468934;900;12,0;100;65;13,9;3,1;4032
352705;2026-05-22 18:55:34;1779468934;950;12,0;100;65;13,9;3,1;4036
353281;2026-05-22 18:55:35;1779468935;950;12,0;100;65;13,9;3,1;4040
353832;2026-05-22 18:55:36;1779468936;950;12,0;100;65;13,9;3,1;4045
354383;2026-05-22 18:55:36;1779468936;900;12,0;100;65;13,9;3,1;4048
355090;2026-05-22 18:55:37;1779468937;950;12,0;100;65;13,9;3,1;4054
355676;2026-05-22 18:55:37;1779468937;1000;12,0;100;65;13,9;3,1;4059
356227;2026-05-22 18:55:38;1779468938;950;12,0;100;65;13,9;3,1;4062
356770;2026-05-22 18:55:39;1779468939;950;12,0;100;65;13,9;3,1;4066
357320;2026-05-22 18:55:39;1779468939;950;12,0;100;65;13,9;3,1;4071
357849;2026-05-22 18:55:40;1779468940;900;12,0;100;65;13,9;3,1;4075
358450;2026-05-22 18:55:40;1779468940;950;12,0;100;65;13,9;3,1;4079
358997;2026-05-22 18:55:41;1779468941;950;12,0;100;65;13,9;3,1;4082
359548;2026-05-22 18:55:41;1779468941;1000;12,0;100;65;13,9;3,1;4088
360201;2026-05-22 18:55:42;1779468942;1050;12,0;100;65;13,9;3,1;4093
360751;2026-05-22 18:55:43;1779468943;1100;12,0;100;65;13,9;3,1;4097
361302;2026-05-22 18:55:43;1779468943;1100;12,0;100;65;13,9;3,1;4102
361970;2026-05-22 18:55:44;1779468944;1200;12,0;100;65;14,1;3,1;4108
362516;2026-05-22 18:55:44;1779468944;1050;12,0;100;65;14,1;3,1;4112
363095;2026-05-22 18:55:45;1779468945;1050;12,0;100;65;14,1;3,1;4117
363610;2026-05-22 18:55:45;1779468945;950;12,0;100;65;14,1;3,0;4121
364154;2026-05-22 18:55:46;1779468946;950;12,0;100;65;13,7;3,0;4126
364699;2026-05-22 18:55:46;1779468946;900;12,0;100;65;13,7;3,0;4129
365402;2026-05-22 18:55:47;1779468947;950;12,0;100;65;13,7;3,0;4135
365947;2026-05-22 18:55:48;1779468948;900;12,0;100;65;13,7;3,0;4138
366492;2026-05-22 18:55:48;1779468948;950;12,0;100;65;13,7;3,1;4142
367167;2026-05-22 18:55:49;1779468949;1200;12,0;100;65;13,7;3,1;4149
367692;2026-05-22 18:55:49;1779468949;1200;12,0;100;65;13,7;3,1;4153
368233;2026-05-22 18:55:50;1779468950;1200;12,0;100;65;13,7;3,1;4158
368849;2026-05-22 18:55:51;1779468951;1150;12,0;100;65;13,9;3,1;4164
369384;2026-05-22 18:55:51;1779468951;1150;12,0;100;65;13,9;3,1;4169
369901;2026-05-22 18:55:52;1779468952;1200;12,0;100;65;13,9;3,1;4174
370489;2026-05-22 18:55:52;1779468952;1150;12,0;100;65;13,9;3,1;4179
371028;2026-05-22 18:55:53;1779468953;1150;12,0;100;65;13,9;3,1;4184
371566;2026-05-22 18:55:53;1779468953;1150;12,0;100;65;13,9;3,1;4189
372201;2026-05-22 18:55:54;1779468954;1200;12,0;100;65;13,9;3,1;4195
372749;2026-05-22 18:55:55;1779468955;1200;12,0;100;65;13,9;3,1;4201
373298;2026-05-22 18:55:55;1779468955;1150;12,0;100;65;13,9;3,1;4206
373933;2026-05-22 18:55:56;1779468956;1150;12,0;100;65;13,9;3,1;4211
374516;2026-05-22 18:55:56;1779468956;1150;12,0;100;65;13,9;3,1;4217
375065;2026-05-22 18:55:57;1779468957;1150;12,0;100;65;13,9;3,1;4222
375733;2026-05-22 18:55:58;1779468958;1150;12,0;100;65;13,9;3,1;4228
376279;2026-05-22 18:55:58;1779468958;1150;12,0;100;65;13,9;3,1;4233
376824;2026-05-22 18:55:59;1779468959;1150;12,0;100;65;13,9;3,1;4238
377402;2026-05-22 18:55:59;1779468959;1150;12,0;100;65;13,9;3,1;4244
377954;2026-05-22 18:56:00;1779468960;1150;12,0;100;65;13,9;3,1;4249
378503;2026-05-22 18:56:00;1779468960;1150;12,0;100;65;13,9;3,1;4254
379171;2026-05-22 18:56:01;1779468961;1150;12,0;100;65;13,9;3,0;4260
379749;2026-05-22 18:56:02;1779468962;1200;12,0;100;65;13,9;3,0;4266
380296;2026-05-22 18:56:02;1779468962;1200;12,0;100;65;13,9;3,0;4271
380811;2026-05-22 18:56:03;1779468963;1150;12,0;100;65;13,9;3,0;4275
381355;2026-05-22 18:56:03;1779468963;1150;12,0;100;65;13,9;3,0;4281
381887;2026-05-22 18:56:04;1779468964;1150;12,0;100;65;14,1;3,0;4285
382527;2026-05-22 18:56:04;1779468964;1150;12,0;100;65;14,1;3,0;4291
383069;2026-05-22 18:56:05;1779468965;1150;12,0;100;65;14,1;3,0;4296
383612;2026-05-22 18:56:05;1779468965;1150;12,0;100;65;14,1;3,0;4301
384198;2026-05-22 18:56:06;1779468966;1200;12,0;100;65;14,1;3,0;4307
384740;2026-05-22 18:56:07;1779468967;1150;12,0;100;65;14,1;3,0;4311
385284;2026-05-22 18:56:07;1779468967;1150;12,0;100;65;14,1;3,0;4317
385957;2026-05-22 18:56:08;1779468968;1150;12,0;100;65;14,1;3,0;4323
386496;2026-05-22 18:56:08;1779468968;1150;12,0;100;65;14,1;3,0;4327
387031;2026-05-22 18:56:09;1779468969;1150;12,0;100;65;14,1;3,0;4333
387678;2026-05-22 18:56:09;1779468969;1150;12,0;100;65;14,1;3,1;4339
388219;2026-05-22 18:56:10;1779468970;1150;12,0;100;65;14,1;3,1;4344
388761;2026-05-22 18:56:11;1779468971;1150;12,0;100;65;14,1;3,1;4349
389410;2026-05-22 18:56:11;1779468971;1150;12,0;100;65;14,1;3,1;4355
389984;2026-05-22 18:56:12;1779468972;1150;12,0;100;65;14,1;3,1;4356
390527;2026-05-22 18:56:12;1779468972;1150;12,0;100;65;14,1;3,1;4356
